timestamp_utc,asset_id,symbol,name,source_rank,price_usd,market_cap_usd,volume_24h_usd,high_24h_usd,low_24h_usd,ath_usd,atl_usd,circulating_supply
2026-09-26T16:00:00Z,bitcoin,btc,Bitcoin,1.0,84112.0,1689873492839,18721194344.0,84296.0,83627.0,126080.0,67.81,20089668.0
2026-09-26T16:00:00Z,ethereum,eth,Ethereum,2.0,2690.66,328481328527,6451652471.0,2697.72,2677.27,4946.05,0.432979,122081755.2385784
2026-09-26T16:00:00Z,tether,usdt,Tether,3.0,0.999812,183783564661,38070804120.0,0.999889,0.999737,1.32,0.572521,183818815971.04178
2026-09-26T16:00:00Z,binancecoin,bnb,BNB,4.0,773.85,103045467212,659946697.0,777.74,770.26,1369.99,0.0398177,133159784.41
2026-09-26T16:00:00Z,ripple,xrp,XRP,5.0,1.55,97200366297,2928568353.0,1.58,1.54,3.65,0.00268621,62879209849.0
2026-09-26T16:00:00Z,usd-coin,usdc,USDC,6.0,0.999872,75318014088,9864161538.0,1.0,0.999804,1.043,0.877647,75327671390.38358
2026-09-26T16:00:00Z,solana,sol,Solana,7.0,121.55,71433215955,3578743312.0,122.75,119.89,293.31,0.500801,587712609.4791874
2026-09-26T16:00:00Z,tron,trx,TRON,8.0,0.336399,31950278842,240935073.0,0.338229,0.336068,0.431288,0.00180434,94967057481.15408
2026-09-26T16:00:00Z,zcash,zec,Zcash,9.0,1566.91,26542764953,619852573.0,1562.77,1517.49,3191.93,16.08,16952175.1655448
2026-09-26T16:00:00Z,figure-heloc,figr_heloc,Figure Heloc,10.0,1.023,23711519004,20320725.0,1.032,1.023,1.061,0.155357,23181959779.848
2026-09-26T16:00:00Z,hyperliquid,hype,Hyperliquid,11.0,92.54,20582464718,582966776.0,92.82,91.04,97.96,3.81,222445714.07414138
2026-09-26T16:00:00Z,dogecoin,doge,Dogecoin,12.0,0.098325,15348944263,802659033.0,0.099703,0.096739,0.731578,8.69e-05,156075986383.70526
2026-09-26T16:00:00Z,chainlink,link,Chainlink,13.0,14.32,10716509034,632096786.0,14.46,13.69,52.7,0.148183,748099970.424884
2026-09-26T16:00:00Z,monero,xmr,Monero,14.0,555.36,10455235262,83125007.0,561.22,547.89,797.73,0.216177,18809783.48931088
2026-09-26T16:00:00Z,whitebit,wbt,WhiteBIT Coin,15.0,83.95,9978797869,44052350.0,84.13,83.51,87.91,3.06,118852171.0
2026-09-26T16:00:00Z,usds,usds,USDS,16.0,0.999792,9746516959,121590297.0,0.999868,0.999566,1.057,0.948265,9749012892.848028
2026-09-26T16:00:00Z,cardano,ada,Cardano,17.0,0.258217,9690145593,581988253.0,0.26468,0.252579,3.09,0.01925275,37529061988.535576
2026-09-26T16:00:00Z,rain,rain,Rain,18.0,0.01289715,9145495197,22103556.0,0.01304062,0.01041574,0.01946402,0.00222126,709240980395.6367
2026-09-26T16:00:00Z,leo-token,leo,LEO Token,19.0,8.98,8257222521,279053.0,8.99,8.79,10.61,0.799859,919857851.9
2026-09-26T16:00:00Z,stellar,xlm,Stellar,20.0,0.219778,7684703282,219778848.0,0.222301,0.215433,0.875563,0.00047612,34970185867.38565
2026-09-26T16:00:00Z,bitcoin-cash,bch,Bitcoin Cash,21.0,337.19,6778749282,233996039.0,346.7,332.61,3785.82,76.93,20094796.77165077
2026-09-26T16:00:00Z,near,near,NEAR Protocol,22.0,4.81,6293179868,910094226.0,5.14,4.78,20.44,0.526762,1307373480.0
2026-09-26T16:00:00Z,uniswap,uni,Uniswap,23.0,9.63,5972007887,651709126.0,9.82,9.41,44.92,1.03,620534422.6104751
2026-09-26T16:00:00Z,litecoin,ltc,Litecoin,24.0,72.77,5650846553,632946576.0,74.94,69.26,410.26,1.15,77650154.50872387
2026-09-26T16:00:00Z,canton-network,cc,Canton,25.0,0.139357,5532846269,50100239.0,0.140287,0.124373,0.194152,0.059024,39691510881.68548
2026-09-26T16:00:00Z,ethena-usde,usde,Ethena USDe,26.0,0.999569,4936072567,61731247.0,0.999901,0.99938,1.034,0.929486,4938195973.919382
2026-09-26T16:00:00Z,avalanche-2,avax,Avalanche,27.0,11.0,4876037670,550713639.0,11.12,10.31,144.96,2.8,443072604.1434438
2026-09-26T16:00:00Z,sui,sui,Sui,28.0,1.18,4844252171,1135714437.0,1.21,1.11,5.35,0.364846,4096537146.5409594
2026-09-26T16:00:00Z,dai,dai,Dai,29.0,0.999887,4592282898,113445240.0,1.0,0.999596,1.22,0.88196,4592809563.63066
2026-09-26T16:00:00Z,usd1-wlfi,usd1,USD1,30.0,0.999512,4416308885,575894990.0,0.999638,0.999288,1.048,0.988762,4418506659.422955
2026-09-26T16:00:00Z,the-open-network,gram,Gram (prev. Toncoin),31.0,1.52,4275352342,62053921.0,1.48,1.42,8.25,0.519364,2813914645.6621895
2026-09-26T16:00:00Z,hedera-hashgraph,hbar,Hedera,32.0,0.095184,4172512772,104240384.0,0.095809,0.092672,0.569229,0.00986111,43831706398.66599
2026-09-26T16:00:00Z,bittensor,tao,Bittensor,33.0,333.96,3784255298,392468218.0,340.69,301.14,757.6,30.83,11339645.9251
2026-09-26T16:00:00Z,shiba-inu,shib,Shiba Inu,34.0,6.05e-06,3565605922,98064989.0,6.02e-06,5.81e-06,8.616e-05,5.6366e-11,589238950487743.1
2026-09-26T16:00:00Z,crypto-com-chain,cro,Cronos,35.0,0.065954,3281647661,10189124.0,0.06684,0.06495,0.891544,0.0121196,49745265025.22517
2026-09-26T16:00:00Z,global-dollar,usdg,Global Dollar,36.0,0.999981,3257194025,419499498.0,1.0,0.99988,1.65,0.907561,3257247890.04586
2026-09-26T16:00:00Z,bitway,btw,Bitway,37.0,1.071,2896189475,44161125.0,1.37,0.763491,1.37,0.00911805,2708142280.000001
2026-09-26T16:00:00Z,paypal-usd,pyusd,PayPal USD,38.0,0.999905,2771358716,98985433.0,1.0,0.999783,1.021,0.959426,2771663514.8589873
2026-09-26T16:00:00Z,memecore,m,MemeCore,39.0,1.21,2768107404,769872.0,1.25,1.18,5.64,0.04746135,2278996636.2391057
2026-09-26T16:00:00Z,ethena,ena,Ethena,40.0,0.272515,2751383887,822906556.0,0.285151,0.255593,1.52,0.070228,10095312500.0
2026-09-26T16:00:00Z,tether-gold,xaut,Tether Gold,41.0,4278.69,2664846827,113939608.0,4294.81,4279.03,5504.62,1447.84,622823.6595320001
2026-09-26T16:00:00Z,ondo-finance,ondo,Ondo,42.0,0.545065,2653510883,259997098.0,0.561067,0.534375,2.14,0.082171,4869330647.0
2026-09-26T16:00:00Z,okb,okb,OKB,43.0,121.57,2553048824,19758675.0,122.42,120.06,228.74,0.580608,21000000.0
2026-09-26T16:00:00Z,ripple-usd,rlusd,Ripple USD,44.0,0.999951,2491135229,218186587.0,1.0,0.999882,1.073,0.962292,2491272908.017194
2026-09-26T16:00:00Z,hashnote-usyc,usyc,Circle USYC,45.0,1.14,2405269933,0.0,1.14,1.14,1.14,1.026,2112453536.871665
2026-09-26T16:00:00Z,aave,aave,Aave,46.0,155.29,2396077023,298292648.0,156.56,150.65,661.69,26.02,15429305.129702782
2026-09-26T16:00:00Z,mantle,mnt,Mantle,47.0,0.694996,2295478987,40299338.0,0.714831,0.660083,2.86,0.307978,3302294382.53684
2026-09-26T16:00:00Z,blackrock-usd-institutional-digital-liquidity-fund,buidl,BlackRock USD Institutional Digital Liquidity Fund,48.0,1.0,2290130495,0.0,1.0,1.0,1.0,1.0,2290130494.717649
2026-09-26T16:00:00Z,ondo-us-dollar-yield,usdy,Ondo US Dollar Yield,49.0,1.15,2276249203,477243.0,1.15,1.14,1.26,0.934184,1985178145.9373426
2026-09-26T16:00:00Z,polkadot,dot,Polkadot,50.0,1.3,2216197134,238132388.0,1.29,1.17,54.98,0.727004,1704581953.254515
2026-09-26T16:00:00Z,pump-fun,pump,Pump.fun,51.0,0.00445017,2074026899,212652836.0,0.0046177,0.00406401,0.00881908,0.00115473,466172323645.1614
2026-09-26T16:00:00Z,aster-2,aster,Aster,52.0,0.741075,2008899705,88649440.0,0.742024,0.724487,2.41,0.099713,2710487455.6497307
2026-09-26T16:00:00Z,worldcoin-wld,wld,Worldcoin,53.0,0.533446,1979386179,701031119.0,0.544774,0.457051,11.74,0.229961,3715177976.5128965
2026-09-26T16:00:00Z,morpho,morpho,Morpho,54.0,2.76,1929103321,27654937.0,2.8,2.69,4.17,0.713151,699512038.4323796
2026-09-26T16:00:00Z,world-liberty-financial,wlfi,World Liberty Financial,55.0,0.059341,1885501781,38336048.0,0.059641,0.056622,0.331336,0.04828182,31778264249.0
2026-09-26T16:00:00Z,pepe,pepe,Pepe,56.0,4.43e-06,1865406793,225378296.0,4.53e-06,4.35e-06,2.803e-05,5.5142e-08,420690000000000.0
2026-09-26T16:00:00Z,pax-gold,paxg,PAX Gold,57.0,4277.21,1860097901,55371588.0,4289.9,4275.97,5619.09,1399.64,434898.623539
2026-09-26T16:00:00Z,internet-computer,icp,Internet Computer,58.0,3.34,1857811006,72316016.0,3.32,3.11,700.65,2.0,556914861.0981177
2026-09-26T16:00:00Z,sky,sky,Sky,59.0,0.078059,1828384023,20042324.0,0.079861,0.074241,0.100535,0.03582727,23419371803.064213
2026-09-26T16:00:00Z,quant-network,qnt,Quant,60.0,120.92,1757649003,88256523.0,119.34,96.68,427.42,0.215773,14544176.164081175
2026-09-26T16:00:00Z,htx-dao,htx,HTX DAO,61.0,1.72e-06,1546959848,22539355.0,1.73e-06,1.71e-06,3.75e-06,8.00816e-07,898232728634017.2
2026-09-26T16:00:00Z,usdd,usdd,USDD,62.0,0.997429,1543507059,2506063.0,0.99983,0.996449,1.24,0.928067,1545793616.0
2026-09-26T16:00:00Z,arbitrum,arb,Arbitrum,63.0,0.226848,1539261319,275985046.0,0.230716,0.217694,2.39,0.07048,6785574605.0
2026-09-26T16:00:00Z,ethereum-classic,etc,Ethereum Classic,64.0,9.58,1516353553,97020221.0,9.64,9.29,167.09,0.615038,158290542.3059552
2026-09-26T16:00:00Z,spiko-amundi-overnight-swap-fund-eur,eursafo,Spiko Amundi Overnight Swap Fund (EUR),65.0,1.15,1488884774,0.0,1.16,1.15,1.18,1.15,1289618689.24777
2026-09-26T16:00:00Z,united-stables,u,United Stables,66.0,0.999721,1482414676,82045432.0,0.999776,0.999155,1.008,0.968158,1482857391.63
2026-09-26T16:00:00Z,venice-token,vvv,Venice Token,67.0,29.79,1434692723,28401055.0,30.65,29.41,34.53,0.91975,48162931.02454745
2026-09-26T16:00:00Z,bitget-token,bgb,Bitget Token,68.0,2.01,1408356447,21358823.0,2.06,1.97,8.45,0.0142795,699992029.6481038
2026-09-26T16:00:00Z,usdgo,usdgo,USDGO,69.0,0.999751,1407429940,15312633.0,1.0,0.999597,1.002,0.998739,1407780804.97
2026-09-26T16:00:00Z,falcon-finance,usdf,Falcon USD,70.0,0.995959,1371847098,111021.0,0.996958,0.995851,1.075,0.943422,1377413080.69863
2026-09-26T16:00:00Z,kaspa,kas,Kaspa,71.0,0.04847138,1344102951,35161630.0,0.04888407,0.04102786,0.207411,0.00017105,27720927947.152855
2026-09-26T16:00:00Z,bfusd,bfusd,BFUSD,72.0,0.999699,1319602266,2516048.0,0.999859,0.999613,1.007,0.996931,1320000000.0
2026-09-26T16:00:00Z,polygon-ecosystem-token,pol,POL (ex-MATIC),73.0,0.1183,1256413229,116188192.0,0.120421,0.112125,1.29,0.067711,10621081493.654232
2026-09-26T16:00:00Z,lighter,lit,Lighter,74.0,4.78,1195641217,67706329.0,4.93,4.73,7.86,0.779399,250000000.0
2026-09-26T16:00:00Z,gatechain-token,gt,Gate,75.0,10.97,1170226948,2021646.0,10.98,10.66,25.38,0.25754,106641637.85326332
2026-09-26T16:00:00Z,jupiter-exchange-solana,jup,Jupiter,76.0,0.346259,1149391536,112842219.0,0.353561,0.31982,2.0,0.135801,3319369204.37
2026-09-26T16:00:00Z,algorand,algo,Algorand,77.0,0.120445,1090976111,61722396.0,0.122291,0.112661,3.56,0.075732,9057191179.647024
2026-09-26T16:00:00Z,render-token,render,Render,78.0,2.05,1063141219,90281431.0,2.05,1.9,13.53,0.03665669,518776241.28269154
2026-09-26T16:00:00Z,pi-network,pi,Pi Network,79.0,0.092021,1034450073,7583605.0,0.092439,0.089735,2.99,0.070586,11243022455.380999
2026-09-26T16:00:00Z,filecoin,fil,Filecoin,80.0,1.22,1015640214,264216313.0,1.22,1.016,236.84,0.612413,831119541.0
2026-09-26T16:00:00Z,kucoin-shares,kcs,KuCoin,81.0,7.4,1014244978,2850268.0,7.43,7.3,28.83,0.342863,137155021.2773955
2026-09-26T16:00:00Z,just,jst,JUST,82.0,0.122721,1005133634,33607710.0,0.123932,0.118855,0.193254,0.00476275,8188743036.341737
2026-09-26T16:00:00Z,cosmos,atom,Cosmos Hub,83.0,1.88,999386318,69013721.0,1.88,1.75,43.84,1.16,532707373.081538
2026-09-26T16:00:00Z,blockchain-capital,bcap,Blockchain Capital,84.0,107.53,979825296,0.0,107.53,107.53,107.53,17.76,9112111.0
2026-09-26T16:00:00Z,dash,dash,Dash,85.0,72.56,931414861,241391258.0,72.83,61.92,1493.59,0.213899,12843583.773267
2026-09-26T16:00:00Z,pancakeswap-token,cake,PancakeSwap,86.0,2.77,882575070,82364811.0,2.83,2.75,43.96,0.194441,319003115.92343634
2026-09-26T16:00:00Z,aerodrome-finance,aero,Aerodrome Finance,87.0,0.877705,874880472,168390820.0,0.928633,0.822594,2.32,1.861e-05,996385644.0380155
2026-09-26T16:00:00Z,nexo,nexo,NEXO,88.0,0.863931,864052030,3807490.0,0.878094,0.859093,4.07,0.04515276,1000000000.0
2026-09-26T16:00:00Z,vechain,vet,VeChain,89.0,0.00960601,825964633,16001573.0,0.00982453,0.00929285,0.280991,0.00191713,85985041177.0
2026-09-26T16:00:00Z,akedo,ake,Akedo,90.0,0.03454831,788128213,25459148.0,0.03719894,0.03173795,0.146656,0.00017407,22796250000.0
2026-09-26T16:00:00Z,injective-protocol,inj,Injective,91.0,7.76,775764952,125105072.0,8.24,7.68,52.62,0.657401,100000000.0
2026-09-26T16:00:00Z,aptos,apt,Aptos,92.0,0.8754,762028029,77936369.0,0.888071,0.827945,19.92,0.511162,870827936.2305117
2026-09-26T16:00:00Z,superstate-short-duration-us-government-securities-fund-ustb,ustb,Invesco Short Duration US Government Securities Fund,93.0,11.22,753838743,0.0,11.22,11.22,11.22,10.29,67166981.456384
2026-09-26T16:00:00Z,eutbl,eutbl,Spiko EU T-Bills Money Market Fund,94.0,1.21,750951665,0.0,1.21,1.21,1.26,1.011,622138754.14688
2026-09-26T16:00:00Z,ether-fi,ethfi,Ether.fi,95.0,0.755622,729481325,53531196.0,0.77495,0.696602,8.53,0.26653,965350000.0
2026-09-26T16:00:00Z,stable-2,stable,​​Stable,96.0,0.02659725,708726275,7684063.0,0.02654785,0.0261506,0.04323745,0.0092214,26671883058.0
2026-09-26T16:00:00Z,gho,gho,GHO,97.0,0.999492,698644586,7285274.0,0.999502,0.999,1.03,0.917065,699000000.0
2026-09-26T16:00:00Z,blockstack,stx,Stacks,98.0,0.347072,648634160,41834158.0,0.354392,0.320013,3.86,0.04559639,1869484493.906829
2026-09-26T16:00:00Z,flare-networks,flr,Flare,99.0,0.00736918,640560747,3941085.0,0.00740567,0.00721315,0.150073,0.00586043,86930131704.80014
2026-09-26T16:00:00Z,pudgy-penguins,pengu,Pudgy Penguins,100.0,0.01015971,638700286,214892649.0,0.01045105,0.00974319,0.068447,0.00371517,62860396090.0
2026-09-26T16:00:00Z,pyth-network,pyth,Pyth Network,101.0,0.07775,612545226,43697987.0,0.079088,0.07118,1.2,0.02953453,7874959377.641455
2026-09-26T16:00:00Z,official-trump,trump,Official Trump,102.0,2.16,610045620,226551591.0,2.18,2.08,73.43,1.37,281867936.287634
2026-09-26T16:00:00Z,xdce-crowd-sale,xdc,XDC Network,103.0,0.03047963,607979991,4870124.0,0.03059376,0.0302036,0.192754,0.00039532,19946688440.0
2026-09-26T16:00:00Z,beldex,bdx,Beldex,104.0,0.076651,603401189,4581776.0,0.078595,0.076036,0.450785,0.00027519,7870872310.9262295
2026-09-26T16:00:00Z,fetch-ai,fet,Artificial Superintelligence Alliance,105.0,0.258914,598451028,148926763.0,0.258979,0.236622,3.45,0.00816959,2311508384.055814
2026-09-26T16:00:00Z,janus-henderson-anemoy-aaa-clo-fund,jaaa,Janus Henderson Anemoy AAA CLO Fund,106.0,1.051,582040178,0.0,1.051,1.051,1.051,1.009,553786015.01992
2026-09-26T16:00:00Z,layerzero,zro,LayerZero,107.0,1.64,579014162,88220614.0,1.69,1.52,7.47,0.707123,353313325.89
2026-09-26T16:00:00Z,curve-dao-token,crv,Curve DAO,108.0,0.35681,559783112,60182226.0,0.357702,0.340006,15.37,0.170749,1569055741.0
2026-09-26T16:00:00Z,raydium,ray,Raydium,109.0,2.03,548687747,59101668.0,2.12,1.96,16.83,0.134391,269738729.766044
2026-09-26T16:00:00Z,usual-usd,usd0,Usual USD,110.0,0.999063,546127231,2983.09,0.999336,0.999033,1.33,0.962885,546639432.4469292
2026-09-26T16:00:00Z,virtual-protocol,virtual,Virtuals Protocol,111.0,0.807366,531350173,80606426.0,0.81966,0.769556,5.07,0.00748604,658385841.8252224
2026-09-26T16:00:00Z,plasma,xpl,Plasma,112.0,0.116414,528088070,187131602.0,0.122037,0.10981,1.68,0.060147,4533333333.3333
2026-09-26T16:00:00Z,bianrensheng,币安人生,币安人生 (BinanceLife),113.0,0.503005,503003737,1511691.0,0.509536,0.499332,0.894202,0.03826008,1000000000.0
2026-09-26T16:00:00Z,sei-network,sei,Sei,114.0,0.074339,500740658,149534106.0,0.077091,0.068687,1.14,0.03828368,6733333333.0
2026-09-26T16:00:00Z,celestia,tia,Celestia,115.0,0.51212,498393466,56488810.0,0.51394,0.479124,20.85,0.279235,973386045.18483
2026-09-26T16:00:00Z,ylds,ylds,YLDS,116.0,0.999821,494569101,19580263.0,0.99994,0.999797,1.001,0.998383,494657579.13
2026-09-26T16:00:00Z,true-usd,tusd,TrueUSD,117.0,0.999687,494370173,6248174.0,0.999886,0.999568,1.62,0.88355,494515083.0
2026-09-26T16:00:00Z,usdtb,usdtb,USDtb,118.0,0.99977,490865998,156519.0,0.999803,0.999495,1.057,0.900502,490978905.7661826
2026-09-26T16:00:00Z,a7a5,a7a5,A7A5,119.0,0.01178797,462513956,1046.53,0.01184178,0.0117602,0.229635,1.048e-05,39236101744.95074
2026-09-26T16:00:00Z,euro-coin,eurc,EURC,120.0,1.14,459485779,13720796.0,1.14,1.14,1.35,0.052848,403619533.4723392
2026-09-26T16:00:00Z,pendle,pendle,Pendle,121.0,2.6,451574591,63859558.0,2.62,2.5,7.5,0.03377729,173614698.75733137
2026-09-26T16:00:00Z,pons,pons,Pons,122.0,0.650462,444667272,45516877.0,0.667699,0.620756,0.971034,0.00331678,683704015.5723113
2026-09-26T16:00:00Z,bitcoin-cash-sv,bsv,Bitcoin SV,123.0,21.73,436736764,6704690.0,21.9,21.25,489.75,10.49,20088728.125
2026-09-26T16:00:00Z,midnight-3,night,Midnight,124.0,0.02618794,435020479,10082130.0,0.02676373,0.02452803,0.118529,0.0152398,16607399400.634954
2026-09-26T16:00:00Z,spx6900,spx,SPX6900,125.0,0.464517,432403561,10668050.0,0.471007,0.443582,2.27,0.00131808,930987188.077434
2026-09-26T16:00:00Z,pieverse,pieverse,Pieverse,126.0,1.54,422369371,3411351.0,1.62,1.53,1.98,0.119363,274750000.0
2026-09-26T16:00:00Z,derive,drv,Derive,127.0,0.419957,420141332,10568775.0,0.445855,0.417349,0.508875,0.01243699,999659440.8820181
2026-09-26T16:00:00Z,falcon-finance-ff,ff,Falcon Finance,128.0,0.132253,415437207,4212338.0,0.134863,0.130379,0.770814,0.057089,3140000000.0
2026-09-26T16:00:00Z,lido-dao,ldo,Lido DAO,129.0,0.49921,414146986,92503021.0,0.505252,0.457972,7.3,0.235028,829567764.2043006
2026-09-26T16:00:00Z,hash-2,hash,Provenance Blockchain,130.0,0.00650973,379561190,4156.8,0.0065929,0.00636015,0.060147,0.00414666,58344074612.0
2026-09-26T16:00:00Z,tezos,xtz,Tezos,131.0,0.333181,365566483,8571686.0,0.334695,0.322512,9.12,0.191836,1097201051.890681
2026-09-26T16:00:00Z,bittorrent,btt,BitTorrent,132.0,3.6951e-07,364734699,10472084.0,3.74724e-07,3.66733e-07,3.43e-06,2.55018e-07,987037885840674.8
2026-09-26T16:00:00Z,unibase,ub,Unibase,133.0,0.145584,363431011,10921567.0,0.150816,0.145361,0.243557,0.01029884,2500000000.0
2026-09-26T16:00:00Z,grass,grass,Grass,134.0,0.535277,362495448,58913166.0,0.566799,0.496647,3.89,0.166785,677022560.0
2026-09-26T16:00:00Z,kite-2,kite,Kite,135.0,0.142917,339847696,14034023.0,0.141524,0.129335,0.319747,0.061819,2391196012.0
2026-09-26T16:00:00Z,optimism,op,Optimism,136.0,0.147164,338330481,100495083.0,0.150152,0.136666,4.84,0.080689,2299624975.0
2026-09-26T16:00:00Z,sun-token,sun,Sun Token,137.0,0.01723963,331438923,13246421.0,0.01724925,0.01714818,66.45,0.00462303,19222181989.37517
2026-09-26T16:00:00Z,bonk,bonk,Bonk,138.0,3.74e-06,329385682,40120063.0,3.76e-06,3.64e-06,5.825e-05,8.6142e-08,87994382623168.73
2026-09-26T16:00:00Z,backpack,bp,Backpack,139.0,1.31,329315573,15079485.0,1.43,1.17,1.43,0.117911,250000000.0
2026-09-26T16:00:00Z,kinesis-gold,kau,Kinesis Gold,140.0,137.72,328595705,70076.0,141.67,136.5,206.98,44.06,2386227.8342
2026-09-26T16:00:00Z,janus-henderson-anemoy-treasury-fund,jtrsy,Janus Henderson Anemoy Treasury Fund,141.0,1.12,326943964,0.0,1.12,1.12,1.12,1.085,292708224.659369
2026-09-26T16:00:00Z,sofiusd,sofid,SoFiUSD,142.0,0.999581,325912106,3584501.0,1.001,0.992403,1.002,0.991073,326048556.17
2026-09-26T16:00:00Z,first-digital-usd,fdusd,First Digital USD,143.0,0.999208,324802876,51786501.0,0.999355,0.999035,1.15,0.940377,325042596.910798
2026-09-26T16:00:00Z,decred,dcr,Decred,144.0,18.35,323104706,1795348.0,18.4,17.57,247.35,0.43154,17620302.19079576
2026-09-26T16:00:00Z,jito-governance-token,jto,Jito,145.0,0.614381,323026814,68001875.0,0.610655,0.53339,6.01,0.218137,525591337.7
2026-09-26T16:00:00Z,ousg,ousg,Ondo Short-Term U.S. Government Bond Fund,146.0,116.68,319820508,0.0,116.68,116.67,116.68,95.09,2740900.93881734
2026-09-26T16:00:00Z,apxusd,apxusd,apxUSD,147.0,0.98525,317993986,431352.0,0.987111,0.981232,1.012,0.717601,322754658.9069137
2026-09-26T16:00:00Z,monad,mon,Monad,148.0,0.02688569,317890648,34742964.0,0.02691318,0.02541725,0.04882901,0.01636691,11825165000.0
2026-09-26T16:00:00Z,arweave,ar,Arweave,149.0,4.78,313707133,23101720.0,4.98,4.46,89.24,0.298788,65652466.0
2026-09-26T16:00:00Z,starknet,strk,Starknet,150.0,0.04220536,310232748,37210627.0,0.04345469,0.03957681,4.41,0.02221422,7350605580.091965
2026-09-26T16:00:00Z,terra-luna,lunc,Terra Luna Classic,151.0,5.625e-05,310001486,8468215.0,5.657e-05,5.512e-05,119.18,9.99967e-07,5510598285196.877
2026-09-26T16:00:00Z,the-graph,grt,The Graph,152.0,0.02805049,306812299,21483914.0,0.02884272,0.02640305,2.84,0.01297915,10941320353.043917
2026-09-26T16:00:00Z,gnosis,gno,Gnosis,153.0,116.04,306282259,804253.0,116.52,114.16,644.2,6.88,2639589.0
2026-09-26T16:00:00Z,ethereum-name-service,ens,Ethereum Name Service,154.0,7.16,302087337,13554938.0,7.19,7.06,83.4,3.77,42175177.73143091
2026-09-26T16:00:00Z,olympus,ohm,Olympus,155.0,20.23,301817084,73844.0,20.41,20.21,1415.26,7.54,14919522.538924346
2026-09-26T16:00:00Z,conflux-token,cfx,Conflux,156.0,0.057196,299723963,7737384.0,0.057084,0.055011,1.7,0.02199898,5242412937.42
2026-09-26T16:00:00Z,re-protocol-reusd,reusd,Re Protocol reUSD,157.0,1.1,292752847,489369.0,1.1,1.1,1.1,0.873393,265430321.1434746
2026-09-26T16:00:00Z,bedrock-token,br,Bedrock,158.0,0.976231,289728216,32185217.0,1.072,0.825509,1.35,0.03920767,296666666.0
2026-09-26T16:00:00Z,useless-3,useless,Useless Coin,159.0,0.288677,288691598,25060021.0,0.300991,0.273674,0.434591,0.00519952,999940362.02
2026-09-26T16:00:00Z,floki,floki,FLOKI,160.0,2.947e-05,284272471,18562747.0,2.93e-05,2.829e-05,0.00034495,8.428e-08,9643431546232.596
2026-09-26T16:00:00Z,ribbita-by-virtuals,tibbir,Ribbita by Virtuals,161.0,0.281238,281228097,2649730.0,0.295018,0.258047,0.440027,0.01032004,999904783.401368
2026-09-26T16:00:00Z,kamino,kmno,Kamino,162.0,0.04917899,276331867,47197585.0,0.051535,0.04076331,0.247842,0.01342703,5622603086.5
2026-09-26T16:00:00Z,ape-and-pepe,apepe,Ape and Pepe,163.0,1.31e-06,275884716,15808541.0,1.32e-06,1.25e-06,6.89e-06,6.54916e-07,210000000000000.0
2026-09-26T16:00:00Z,syrup,syrup,Maple Finance,164.0,0.227922,266023406,11264070.0,0.233629,0.217821,0.653229,0.085229,1167271959.1810675
2026-09-26T16:00:00Z,eigenlayer,eigen,EigenCloud (prev. EigenLayer),165.0,0.280513,260274411,61882058.0,0.284533,0.24399,5.65,0.148314,927642651.4457183
2026-09-26T16:00:00Z,dogwifcoin,wif,dogwifhat,166.0,0.251581,251314371,77187360.0,0.256273,0.240064,4.83,0.00155464,998926392.0
2026-09-26T16:00:00Z,trust-wallet-token,twt,Trust Wallet,167.0,0.601166,250461837,9403134.0,0.604132,0.580422,2.72,0.00277641,416649900.0
2026-09-26T16:00:00Z,artificial-inu-3,ai,Artificial Inu,168.0,0.251674,249492493,18792073.0,0.286925,0.240169,0.38556,0.00105288,991259974.1801394
2026-09-26T16:00:00Z,compound-governance-token,comp,Compound,169.0,24.64,246418393,16144303.0,24.64,23.65,854.45,14.86,10000000.0
2026-09-26T16:00:00Z,thorchain,rune,THORChain,170.0,0.750839,246418056,484135797.0,0.766498,0.632969,20.87,0.00851264,328664199.0
2026-09-26T16:00:00Z,iota,iota,IOTA,171.0,0.052571,244492989,8653729.0,0.051982,0.04962766,5.25,0.03112513,4656320085.0
2026-09-26T16:00:00Z,doublezero,2z,DoubleZero,172.0,0.068985,239383210,81840576.0,0.080277,0.05717,0.893679,0.04478091,3469487454.3
2026-09-26T16:00:00Z,apenft,nft,AINFT,173.0,2.41226e-07,238841788,4960136.0,2.42587e-07,2.39415e-07,7.53e-06,2.30455e-07,990105592982874.8
2026-09-26T16:00:00Z,jasmycoin,jasmy,JasmyCoin,174.0,0.00479875,237359746,12533357.0,0.00482867,0.00456947,4.79,0.00275026,49444999677.59027
2026-09-26T16:00:00Z,theta-token,theta,Theta Network,175.0,0.236841,236918206,6285182.0,0.238523,0.229753,15.72,0.04039979,1000000000.0
2026-09-26T16:00:00Z,kinesis-silver,kag,Kinesis Silver,176.0,63.55,236469197,33514.0,65.66,63.06,130.0,4.36,3721963.8196
2026-09-26T16:00:00Z,bnb48-club-token,koge,KOGE,177.0,67.74,228945901,92745.0,69.25,67.72,141.45,1.19,3379997.6
2026-09-26T16:00:00Z,kaia,kaia,Kaia,178.0,0.03495684,224710918,3937323.0,0.03522066,0.03406123,0.406698,0.02166246,6429001073.466644
2026-09-26T16:00:00Z,agora-dollar,ausd,AUSD,179.0,0.999676,223675839,812923.0,0.999884,0.99963,1.022,0.950515,223749045.107836
2026-09-26T16:00:00Z,crvusd,crvusd,crvUSD,180.0,0.999722,223389775,5455938.0,1.0,0.999374,1.11,0.949016,223452176.5591127
2026-09-26T16:00:00Z,zama,zama,Zama,181.0,0.090632,222861343,19247315.0,0.092987,0.088245,0.107368,0.01673142,2459056960.2043195
2026-09-26T16:00:00Z,stonk-3,stonk,STONK,182.0,0.272329,222477673,38951336.0,0.325223,0.25012,0.401304,0.00174774,816856015.3484046
2026-09-26T16:00:00Z,edgex,edge,edgeX,183.0,0.626177,218996977,4914002.0,0.621601,0.551892,1.54,0.23746,350000000.0
2026-09-26T16:00:00Z,frax,frax,Legacy Frax Dollar,184.0,0.993728,217934779,222495.0,0.993638,0.991967,1.66,0.249813,219310245.8726003
2026-09-26T16:00:00Z,usx,usx,USX,185.0,0.999459,216144831,672800.0,0.999762,0.999082,1.21,0.828472,216261853.593932
2026-09-26T16:00:00Z,akash-network,akt,Akash Network,186.0,0.72185,215242760,6570536.0,0.72985,0.666678,8.07,0.164994,298186651.242456
2026-09-26T16:00:00Z,zebec-network,zbcn,Zebec Network,187.0,0.0021495,214926102,7945899.0,0.00223831,0.00208472,0.00700261,0.00069854,99998768948.86203
2026-09-26T16:00:00Z,usdai,usdai,USDai,188.0,1.0,213439171,240905.0,1.0,0.999781,1.19,0.769779,213396344.5067652
2026-09-26T16:00:00Z,axie-infinity,axs,Axie Infinity,189.0,1.2,209576252,55918344.0,1.23,1.17,164.9,0.123718,174726379.00134403
2026-09-26T16:00:00Z,safo,safo,Spiko Amundi Overnight Swap Fund,190.0,1.022,206257442,0.0,1.022,1.022,1.022,1.015,201774220.77382
2026-09-26T16:00:00Z,tradable-na-rent-financing-platform-sstn,pc0000031,Tradable NA Rent Financing Platform SSTN,191.0,1.0,202500000,0.0,1.0,1.0,189500000.0,1.0,202500000.0
2026-09-26T16:00:00Z,meteora,met,Meteora,192.0,0.358654,199724643,29328785.0,0.374162,0.342377,0.686913,0.094433,556855042.135662
2026-09-26T16:00:00Z,fartcoin,fartcoin,Fartcoin,193.0,0.197619,197665070,37965213.0,0.199227,0.186785,2.48,0.02002855,999917692.666886
2026-09-26T16:00:00Z,chain-2,xcn,Onyxcoin,194.0,0.00502029,197444525,7178905.0,0.00508838,0.00487648,0.184139,0.0007055,39329090871.99193
2026-09-26T16:00:00Z,convex-finance,cvx,Convex Finance,195.0,2.09,195100708,4356022.0,2.08,2.04,60.09,1.038,93194518.49512771
2026-09-26T16:00:00Z,societe-generale-forge-eurcv,eurcv,EUR CoinVertible,196.0,1.14,191025022,7359234.0,1.14,1.14,1.22,0.988513,167780470.33
2026-09-26T16:00:00Z,neo,neo,NEO,197.0,2.7,190701082,4942736.0,2.75,2.64,198.38,0.078349,70530000.0
2026-09-26T16:00:00Z,shuffle-2,shfl,Shuffle,198.0,0.39274,190034165,943136.0,0.40213,0.373348,0.787524,0.141225,483646497.4894878
2026-09-26T16:00:00Z,non-playable-coin,npc,Non-Playable Coin,199.0,0.02335639,188100933,2947442.0,0.02391698,0.02208388,0.066169,4.561e-05,8050126520.0
2026-09-26T16:00:00Z,mina-protocol,mina,Mina Protocol,200.0,0.144949,187457466,11982755.0,0.148372,0.138558,9.09,0.0366688,1293631019.840039
2026-09-26T16:00:00Z,build-on,b,BUILDon,201.0,0.185489,185560192,3981134.0,0.200818,0.185329,0.762588,0.082973,1000000000.0
2026-09-26T16:00:00Z,ecash,xec,eCash,202.0,9.13e-06,183425863,4075018.0,9.23e-06,9.02e-06,0.00038001,4.79e-06,20088901547580.0
2026-09-26T16:00:00Z,usa,usat,USAT,203.0,0.99929,183178649,115350.0,0.99987,0.999123,1.002,0.99608,183317585.5
2026-09-26T16:00:00Z,decentraland,mana,Decentraland,204.0,0.093056,182272031,11178604.0,0.093249,0.090842,5.85,0.00923681,1958333992.8307714
2026-09-26T16:00:00Z,cash-cat,cashcat,Cash Cat,205.0,0.182304,180085385,15109661.0,0.200484,0.177317,0.314297,0.00160429,987913520.7885617
2026-09-26T16:00:00Z,chiliz,chz,Chiliz,206.0,0.01694039,178559132,20459147.0,0.01703592,0.01637024,0.878633,0.00410887,10539182380.0
2026-09-26T16:00:00Z,sentient,sent,Sentient,207.0,0.02427959,175725344,16143101.0,0.02468625,0.0224056,0.04805315,0.01130719,7237882055.0
2026-09-26T16:00:00Z,swissborg,borg,SwissBorg,208.0,0.17787,174556399,250081.0,0.1818,0.174612,1.64,0.00502687,981352443.442
2026-09-26T16:00:00Z,collector-crypt,cards,Collector Crypt,209.0,0.183087,173184463,6784974.0,0.189928,0.176787,0.381443,0.02121763,947236150.6408361
2026-09-26T16:00:00Z,railgun,rail,Railgun,210.0,2.88,172910354,261727.0,2.91,2.69,5.66,0.228324,60000000.0
2026-09-26T16:00:00Z,vaulta,a,Vaulta,211.0,0.10331,172529013,5732812.0,0.103362,0.099158,0.778734,0.057641,1669460460.7724
2026-09-26T16:00:00Z,mx-token,mx,MX,212.0,1.88,172406466,6022871.0,1.89,1.85,5.85,0.04218457,91837334.0
2026-09-26T16:00:00Z,apyusd,apyusd,apyUSD,213.0,1.39,170021293,9536.74,1.39,1.38,4799.87,0.97356,122581553.3449939
2026-09-26T16:00:00Z,vision-3,vsn,Vision,214.0,0.04440582,168398938,2840972.0,0.04559243,0.04229757,0.223874,0.02840819,3793113090.054845
2026-09-26T16:00:00Z,spiko-us-t-bills-money-market-fund,ustbl,Spiko US T-Bills Money Market Fund,215.0,1.097,167854827,0.0,1.097,1.097,1.097,1.013,153010790.81638
2026-09-26T16:00:00Z,btse-token,btse,BTSE Token,216.0,1.032,167423639,409632.0,1.036,1.015,9.21,0.06191,162061501.0
2026-09-26T16:00:00Z,coco-2,coco,coco,217.0,0.163437,163436899,28725.0,0.163513,0.163239,0.35491,0.00180419,1000000000.0
2026-09-26T16:00:00Z,origintrail,trac,OriginTrail,218.0,0.365381,163432709,3063063.0,0.379456,0.359714,3.5,0.00385262,447274118.0
2026-09-26T16:00:00Z,tradable-apac-diversified-finance-provider-sstn,pc0000033,Tradable APAC Diversified Finance Provider SSTN,219.0,1.0,162500000,0.0,1.0,1.0,1.0,1.0,162500000.0
2026-09-26T16:00:00Z,sonic-3,s,Sonic,220.0,0.04080233,158533763,30449243.0,0.04177929,0.0404019,1.029,0.01906602,3885497663.0
2026-09-26T16:00:00Z,aioz-network,aioz,AIOZ Network,221.0,0.123797,158401494,7974586.0,0.127637,0.119421,2.65,0.01099588,1280443941.1467545
2026-09-26T16:00:00Z,apecoin,ape,ApeCoin,222.0,0.158375,158386734,12993854.0,0.159118,0.151755,26.7,0.081548,1000000000.0
2026-09-26T16:00:00Z,havven,snx,Synthetix,223.0,0.269916,156836951,8544377.0,0.271666,0.257165,28.53,0.0347864,580980590.4572881
2026-09-26T16:00:00Z,safepal,sfp,SafePal,224.0,0.312931,156505399,1509333.0,0.321902,0.303655,4.19,0.199787,500000000.0
2026-09-26T16:00:00Z,ultima,ultima,Ultima,225.0,1847.73,156489511,5286929.0,1846.57,1824.1,22851.0,1734.24,84708.0
2026-09-26T16:00:00Z,strategy-pp-variable-xstock,strcx,Strategy PP Variable xStock,226.0,104.76,152816359,265692.0,107.02,98.39,139.97,73.0,1458724.7678708865
2026-09-26T16:00:00Z,dgrid-ai,dgai,DGrid AI,227.0,1.016,152385435,34344757.0,1.031,1.001,1.14,0.364155,149999999.99900007
2026-09-26T16:00:00Z,gmt-token,gomining,GoMining Token,228.0,0.372255,150085981,15793719.0,0.375046,0.37145,0.564703,0.069487,403032955.4208361
2026-09-26T16:00:00Z,gusd,gusd,GUSD,229.0,0.998294,149534492,142867.0,0.99856,0.998264,1.022,0.979237,149790000.0
2026-09-26T16:00:00Z,immutable-x,imx,Immutable,230.0,0.168744,148398260,10187137.0,0.169638,0.158182,9.52,0.094763,879472049.1198139
2026-09-26T16:00:00Z,elrond-erd-2,egld,MultiversX,231.0,4.75,146361289,3229667.0,4.82,4.49,545.64,2.42,30827889.0
2026-09-26T16:00:00Z,1inch,1inch,1INCH,232.0,0.103821,145921839,9925369.0,0.103937,0.101247,8.65,0.064865,1405573965.7275033
2026-09-26T16:00:00Z,zencash,zen,Horizen,233.0,7.92,145894939,23197296.0,8.03,7.47,165.92,3.26,18406455.728282973
2026-09-26T16:00:00Z,humanity,h,Humanity,234.0,0.070429,144288980,10454556.0,0.079937,0.068506,0.853746,0.01810273,2047401415.4329996
2026-09-26T16:00:00Z,debridge,dbr,deBridge,235.0,0.02417443,143291649,5275364.0,0.02487294,0.02184776,0.05521,0.01235762,5928741329.0
2026-09-26T16:00:00Z,celium,sn51,lium,236.0,30.05,142983480,2959552.0,30.18,26.67,37.11,0.164238,4758906.30841056
2026-09-26T16:00:00Z,zksync,zk,ZKsync,237.0,0.01320822,142895697,11703851.0,0.01311658,0.01256215,0.320983,0.00712159,10816539153.0
2026-09-26T16:00:00Z,basic-attention-token,bat,Basic Attention,238.0,0.0945,141324810,7425217.0,0.095405,0.090185,1.9,0.055241,1495724656.9526057
2026-09-26T16:00:00Z,meta-2-2,meta,MetaDAO,239.0,6.22,141094247,18656126.0,6.75,5.83,10.84,0.724356,22684687.447276
2026-09-26T16:00:00Z,seeker,skr,Seeker,240.0,0.01976226,140686180,3190609.0,0.02049054,0.01966403,0.055818,0.00542271,7117784645.315403
2026-09-26T16:00:00Z,chutes,sn64,Chutes,241.0,22.88,137791928,2594365.0,23.0,20.47,104.42,0.344143,6022755.200264848
2026-09-26T16:00:00Z,the-sandbox,sand,The Sandbox,242.0,0.04663309,136974193,25656756.0,0.04635203,0.04455125,8.4,0.02897764,2937639702.3733225
2026-09-26T16:00:00Z,stp-network,awe,AWE Network,243.0,0.070377,136709698,7027155.0,0.072064,0.065402,0.270085,0.00646736,1942420282.5203903
2026-09-26T16:00:00Z,jpycoin,jpyc,JPY Coin,244.0,0.00633997,134949239,1032494.0,0.00636819,0.00632416,0.02144596,0.00530387,21285482436.95474
2026-09-26T16:00:00Z,tradable-latam-fintech-sstn,pc0000097,Tradable LatAm Fintech SSTN,245.0,1.0,134000000,0.0,1.0,1.0,1.0,1.0,134000000.0
2026-09-26T16:00:00Z,cash-4,cash,CASH,246.0,0.999597,132535975,13336872.0,0.999886,0.999454,1.058,0.975346,132589380.973456
2026-09-26T16:00:00Z,aethir,ath,Aethir,247.0,0.00654162,131692562,14625331.0,0.00657725,0.00600329,0.118536,0.00364136,20128764593.0
2026-09-26T16:00:00Z,golem,glm,Golem,248.0,0.130662,130669737,1321987.0,0.130773,0.127147,1.32,0.00913753,1000000000.0
2026-09-26T16:00:00Z,marscoin-4,marscoin,MarsCoin,249.0,0.127805,127948994,28906656.0,0.128895,0.112918,0.263444,0.02333067,1000000000.0
2026-09-26T16:00:00Z,jpysc,jpysc,JPYSC,250.0,0.00635789,127382641,0.0,0.00636423,0.00635617,0.00657225,0.00610725,20035378703.0
2026-09-26T16:00:00Z,superfarm,super,SuperVerse,251.0,0.19634,125701934,10379067.0,0.197911,0.176288,4.74,0.070397,640164549.0
2026-09-26T16:00:00Z,ozone-chain,ozo,Ozone Chain,252.0,0.130565,125590622,218377.0,0.13106,0.130451,0.485077,0.060046,960933314.0
2026-09-26T16:00:00Z,rollbit-coin,rlb,Rollbit Coin,253.0,0.079837,125018268,864920.0,0.083337,0.070686,0.264358,0.00093506,1565918971.8275218
2026-09-26T16:00:00Z,dydx-chain,dydx,dYdX,254.0,0.1475,124809278,7575907.0,0.151038,0.132761,4.52,0.078815,846094216.4335754
2026-09-26T16:00:00Z,avant-usd,avusd,Avant USD,255.0,0.998496,124673284,374.59,0.999512,0.998349,1.09,0.924607,124860624.2933599
2026-09-26T16:00:00Z,bc-token,bc,BCGame Coin,256.0,0.03873631,124375470,72503.0,0.03894291,0.03752646,0.04108352,0.00291432,3210860915.6839733
2026-09-26T16:00:00Z,grx-chain,grx,GRX Chain,257.0,13.05,124183358,1402542.0,13.06,13.05,21.31,0.868057,9512395.0
2026-09-26T16:00:00Z,four,form,Four,258.0,0.325166,124170431,8059398.0,0.332272,0.303763,4.19,0.178657,381867255.14
2026-09-26T16:00:00Z,plume,plume,Plume,259.0,0.01857309,122752856,29925875.0,0.01996148,0.01828724,0.247537,0.00854877,6606142167.0
2026-09-26T16:00:00Z,instadapp,fluid,Fluid,260.0,1.46,122037108,1422927.0,1.47,1.42,24.4,0.366538,83696996.82034639
2026-09-26T16:00:00Z,geodnet,geod,Geodnet,261.0,0.258982,119746530,3536721.0,0.261431,0.252331,0.374342,0.03417228,462370402.618101
2026-09-26T16:00:00Z,gala,gala,GALA,262.0,0.00237808,119373270,29411540.0,0.00226721,0.00209424,0.824837,0.00013475,50199580857.21305
2026-09-26T16:00:00Z,theo-short-duration-us-treasury-fund,thbill,Theo Short Duration US Treasury Fund,263.0,1.014,117458374,75.9,1.014,1.014,1.11,0.906552,115843689.787306
2026-09-26T16:00:00Z,circle-internet-group-bstock,crclb,Circle Internet Group (bStocks Tokenized Stock),264.0,89.02,117162950,18349599.0,89.33,86.47,105.64,58.2,1315976.68154561
2026-09-26T16:00:00Z,genius-3,genius,Genius,265.0,0.348634,116927600,4997086.0,0.352492,0.3417,0.95329,0.272078,335377059.0
2026-09-26T16:00:00Z,cheems-token,cheems,Cheems Token,266.0,5.66768e-07,115479480,239490.0,5.69042e-07,5.5373e-07,2.16e-06,5.725e-09,203672952069061.34
2026-09-26T16:00:00Z,prometeus,prom,Prom,267.0,6.28,114688650,31548753.0,6.7,5.76,105.94,0.088747,18250000.0
2026-09-26T16:00:00Z,tradable-singapore-fintech-ssl-2,pc0000023,Tradable Singapore Fintech SSL,,1.0,114500000,0.0,0.0,0.0,1.0,1.0,114500000.0
2026-09-26T16:00:00Z,alpha-bulgaria-warrants,alfw,Alpha Bulgaria Warrants,268.0,3.2,114330001,0.0,3.2,3.2,3.2,3.2,35714286.0
2026-09-26T16:00:00Z,nxm,nxm,Nexus Mutual,269.0,68.01,113411053,0.0,68.22,66.23,185.97,6.96,1667635.587413703
2026-09-26T16:00:00Z,reserve-rights-token,rsr,Reserve Rights,270.0,0.00180978,113219492,5760226.0,0.00181965,0.00174452,0.117424,0.0010462,62553174091.0
2026-09-26T16:00:00Z,qtum,qtum,Qtum,271.0,1.055,111975122,5220325.0,1.08,1.026,100.22,0.627909,106115379.75
2026-09-26T16:00:00Z,astherus-usdf,usdf,Aster USDF,272.0,0.998495,111686095,68282.0,0.999191,0.998036,1.046,0.798494,111853924.2803041
2026-09-26T16:00:00Z,beam-2,beam,Beam,273.0,0.00216938,111316900,7755358.0,0.00224626,0.00209904,0.04416304,0.00121358,51300184687.0
2026-09-26T16:00:00Z,melania-meme,melania,Melania Meme,274.0,0.111167,111169836,6269691.0,0.110505,0.105465,13.05,0.066246,999995701.5162129
2026-09-26T16:00:00Z,peaq-2,peaq,peaq,275.0,0.04358417,110696657,5476046.0,0.04396545,0.03990439,0.750473,0.01224257,2540177733.345556
2026-09-26T16:00:00Z,0x,zrx,0x Protocol,276.0,0.129549,109911867,4706825.0,0.129294,0.124596,2.5,0.073101,848396562.906836
2026-09-26T16:00:00Z,zano,zano,Zano,277.0,7.03,108785525,594477.0,8.39,5.74,17.81,0.146452,15473086.29
2026-09-26T16:00:00Z,nest-blackopal-liquidstone-ii-vault,nopal,Nest BlackOpal LiquidStone II Vault,278.0,1.1,108152629,0.0,1.1,1.099,1.25,0.958277,98321286.680243
2026-09-26T16:00:00Z,ordinals,ordi,ORDI,279.0,5.08,106829718,24622252.0,4.98,4.62,95.52,2.1,21000000.0
2026-09-26T16:00:00Z,tradable-na-third-party-online-merchant-sstn,pc0000015,Tradable NA Third Party Online Merchant SSTN,280.0,1.0,105971760,0.0,1.0,1.0,1.0,1.0,105971759.52
2026-09-26T16:00:00Z,onyc,onyc,OnRe Tokenized Reinsurance,281.0,1.15,105787195,2660559.0,1.15,1.15,1.17,1.005,92255947.81591317
2026-09-26T16:00:00Z,frax-usd,frxusd,Frax USD,282.0,0.999931,105782136,3952048.0,1.0,0.999752,1.088,0.97622,105788972.06375863
2026-09-26T16:00:00Z,circle-internet-group-ondo-tokenized-stock,crclon,Circle Internet Group (Ondo Tokenized Stock),283.0,88.97,105652569,1572199.0,89.43,86.51,158.37,47.99,1187716.289105001
2026-09-26T16:00:00Z,dog-go-to-the-moon-rune,dog,Dog (Bitcoin),284.0,0.0010567,105630192,899562.0,0.00107872,0.00101649,0.0099237,0.00055967,100000000000.0
2026-09-26T16:00:00Z,lobster-2,龙虾,龙虾 (Lobster),285.0,0.10436,104263570,22117254.0,0.133432,0.097807,0.309268,0.00145753,1000000000.0
2026-09-26T16:00:00Z,niu-lai,牛来,牛来 (Niu Lai),286.0,0.104013,104115701,19195936.0,0.106369,0.099249,0.162447,0.01055411,1000000000.0
2026-09-26T16:00:00Z,securitize-tokenized-aaa-clo-fund,stac,Securitize Tokenized AAA CLO Fund,287.0,1034.47,103651579,0.0,1034.6,1034.47,1050.06,997.66,100198.000776
2026-09-26T16:00:00Z,targon,sn4,Targon,288.0,17.92,103116165,623861.0,18.08,16.31,39.23,0.107935,5752655.477188748
2026-09-26T16:00:00Z,helium,hnt,Helium,289.0,0.536696,102888903,5899005.0,0.542092,0.496994,54.88,0.113248,191846400.7535689
2026-09-26T16:00:00Z,sosovalue,soso,SoSoValue,290.0,0.299459,102415385,2614989.0,0.308833,0.296001,1.42,0.25641,342001548.0
2026-09-26T16:00:00Z,arkham,arkm,Arkham,291.0,0.143016,101985904,12663379.0,0.144101,0.132239,3.98,0.085376,713140638.0
2026-09-26T16:00:00Z,quack-ai,q,Quack AI,292.0,0.02274998,101569776,19405284.0,0.04103473,0.02321762,0.052458,0.00527092,4481222303.0
2026-09-26T16:00:00Z,orca,orca,Orca,293.0,1.66,100864275,7795650.0,1.67,1.62,20.33,0.351125,60798765.385666
2026-09-26T16:00:00Z,chip-2,chip,USD.AI,294.0,0.050433,100862217,15210969.0,0.051733,0.0476237,0.140189,0.02161887,2000000000.0
2026-09-26T16:00:00Z,microstrategy-xstock,mstrx,MicroStrategy xStock,295.0,159.93,100540199,1262685.0,160.26,157.86,462.34,80.66,628763.4926532815
2026-09-26T16:00:00Z,gas,gas,Gas,296.0,1.54,100265093,13069340.0,1.61,1.46,91.94,0.621309,65093580.54427269
2026-09-26T16:00:00Z,tradable-latam-middle-market-lender-sstl,pc0000085,Tradable LatAm Middle-Market Lender SSTL,297.0,1.0,100124199,0.0,1.0,1.0,1.0,1.0,100124198.51
2026-09-26T16:00:00Z,tradable-singapore-fintech-ssl,pc0000077,Tradable Singapore Fintech SSL,298.0,1.0,100000000,0.0,1.0,1.0,1.0,1.0,100000000.0
2026-09-26T16:00:00Z,unity-usd,uusd,Unity USD,299.0,0.999921,99992574,1439867.0,1.0,0.999145,1.26,0.840277,100000000.0
2026-09-26T16:00:00Z,bitget-wrapped-btc,bgbtc,Bitget Wrapped BTC,300.0,83963.0,99412781,20848.0,84264.0,83639.0,87138.0,58296.0,1184.0
2026-09-26T16:00:00Z,wemix-token,wemix,WEMIX,301.0,0.196032,97915020,453299.0,0.198023,0.195332,24.71,0.128398,499483521.53307045
2026-09-26T16:00:00Z,bermuda-shorts,short,Bermuda Shorts,302.0,2.484e-05,97552718,1444.65,2.499e-05,2.413e-05,0.000621,2.67934e-10,4000000000000.0
2026-09-26T16:00:00Z,walrus-2,wal,Walrus,303.0,0.03778154,96845820,5037188.0,0.03844231,0.03647602,0.759179,0.02004864,2563750000.0
2026-09-26T16:00:00Z,apollo-diversified-credit-securitize-fund,acred,Apollo Diversified Credit Securitize Fund,304.0,1109.89,95421290,0.0,1111.19,1109.89,1123.79,1004.33,85973.91955400001
2026-09-26T16:00:00Z,mag7-ssi,mag7.ssi,MAG7.ssi,305.0,0.564898,94716869,402322.0,0.565953,0.562041,1.35,0.376104,167644882.1639666
2026-09-26T16:00:00Z,usda-2,usda,USDa,,0.967102,94542304,10.67,0.0,0.0,1.021,0.359131,97758337.66345324
2026-09-26T16:00:00Z,helio-protocol-hay,lisusd,Lista USD,306.0,0.996701,93848419,21334.0,0.997059,0.996423,2.0,0.208609,94158548.85674176
2026-09-26T16:00:00Z,unitywallet-token,unt,UnityWallet Token,307.0,0.14157,93059796,999.03,0.143786,0.138046,0.153578,0.04934818,657402800.6670365
2026-09-26T16:00:00Z,tagger,tag,TAGGER,308.0,0.00085423,92996741,1426165.0,0.00088714,0.0008478,0.00218685,1.934e-05,108864805114.16998
2026-09-26T16:00:00Z,kusama,ksm,Kusama,309.0,4.86,91740906,3304251.0,4.85,4.68,621.71,0.876572,18891457.06712978
2026-09-26T16:00:00Z,baby-claw,babyclaw,Baby Claw,,0.091376,91376294,5.43,0.0,0.0,0.00048369,3.632e-05,1000000000.0
2026-09-26T16:00:00Z,kinetiq,kntq,Kinetiq,310.0,0.325745,91364128,775544.0,0.325601,0.315145,0.376888,0.03578417,280476290.48
2026-09-26T16:00:00Z,zetachain,zeta,ZetaChain,311.0,0.056816,91331581,10457510.0,0.056436,0.05328,2.85,0.02663576,1607083333.0
2026-09-26T16:00:00Z,safe,safe,Safe,312.0,0.116619,90412873,1363409.0,0.117553,0.113164,3.56,0.075294,775307296.0
2026-09-26T16:00:00Z,yearn-finance,yfi,yearn.finance,313.0,2503.97,90337180,4434519.0,2504.16,2430.59,90787.0,31.65,36075.94701468851
2026-09-26T16:00:00Z,rif-token,rif,Rootstock Infrastructure Framework,314.0,0.089878,89854137,7116707.0,0.090087,0.08849,0.455938,0.0091475,1000000000.0
2026-09-26T16:00:00Z,livepeer,lpt,Livepeer,315.0,1.81,89812600,12522252.0,1.81,1.66,99.03,0.354051,49688954.55
2026-09-26T16:00:00Z,cow-protocol,cow,CoW Protocol,316.0,0.154986,89033227,3018191.0,0.155659,0.149863,2.22,0.03987045,574488169.0034184
2026-09-26T16:00:00Z,redstone-oracles,red,RedStone,317.0,0.16902,88685233,3637235.0,0.175581,0.167654,0.932461,0.082386,524703577.0
2026-09-26T16:00:00Z,kaito,kaito,KAITO,318.0,0.366741,88528736,21695228.0,0.37154,0.343368,2.88,0.275928,241388889.0
2026-09-26T16:00:00Z,bulla-3,bulla,BULLA,319.0,0.088379,88388943,307294.0,0.105047,0.088424,0.490702,0.00403668,1000000000.0
2026-09-26T16:00:00Z,gmx,gmx,GMX,320.0,8.41,87933385,2372339.0,8.4,8.11,91.07,4.81,10459469.20582177
2026-09-26T16:00:00Z,f-x-protocol-fxusd,fxusd,f(x) Protocol fxUSD,321.0,0.999912,87169908,4158760.0,1.0,0.999513,1.038,0.953062,87177315.35872918
2026-09-26T16:00:00Z,cap-usd,cusd,Cap USD,322.0,0.999875,87002760,0.0,0.99988,0.999875,1.17,0.515274,87013654.91170178
2026-09-26T16:00:00Z,o1-exchange,o,o1.exchange,323.0,0.543343,86941693,1863613.0,0.548313,0.538126,0.941511,0.334755,160000000.0
2026-09-26T16:00:00Z,goldfish-gold,ggbr,Goldfish Gold,324.0,4.28,86738360,105098.0,4.32,4.28,5.39,1.85,20255171.276788376
2026-09-26T16:00:00Z,funfair,fun,FUNToken,325.0,0.00787902,86669260,352665.0,0.00794176,0.00777919,0.191066,0.00031003,10999873621.0
2026-09-26T16:00:00Z,yzy,yzy,YZY,326.0,0.288201,86161958,274.93,0.294085,0.288195,2.95,0.188434,298963597.861066
2026-09-26T16:00:00Z,vethor-token,vtho,VeThor,327.0,0.00082304,84984609,33308917.0,0.00084635,0.00076919,0.04671227,0.00015238,103280917550.0
2026-09-26T16:00:00Z,exod,exod,EXOD,328.0,8.13,84942116,0.0,8.13,7.9,13.09,4.93,10446000.0
2026-09-26T16:00:00Z,velo,velo,Velo,329.0,0.00483516,84928643,1429546.0,0.00490025,0.00460918,2.29,0.00103046,17563876115.0
2026-09-26T16:00:00Z,pharos-network,pros,Pharos,330.0,0.623563,84615426,1718241.0,0.671642,0.623878,1.13,0.31773,135600000.0
2026-09-26T16:00:00Z,spark-2,spk,Spark,331.0,0.02511246,84128133,19284115.0,0.02518751,0.02336381,0.184472,0.01301419,3351999682.284524
2026-09-26T16:00:00Z,wormhole,w,Wormhole,332.0,0.01286801,83972526,11403559.0,0.01298192,0.01196526,1.66,0.00782451,6525517038.0
2026-09-26T16:00:00Z,pleasing-gold,pgold,Pleasing Gold,333.0,4303.93,83948440,1.18,4318.79,4299.7,5507.64,23.41,19505.05044
2026-09-26T16:00:00Z,talus,us,Talus,334.0,0.02850602,83343288,7139382.0,0.03022268,0.02029303,0.060785,0.00267903,2912441176.634493
2026-09-26T16:00:00Z,lisk,lsk,Lisk,335.0,0.349994,83246408,22503315.0,0.353146,0.330019,34.92,0.070266,238057788.41831073
2026-09-26T16:00:00Z,tread-fi,tread,Tread.fi,336.0,0.827904,82784800,1069213.0,0.861479,0.71353,0.895467,0.326539,100000000.0
2026-09-26T16:00:00Z,holotoken,hot,Holo,337.0,0.00046555,82710224,2714614.0,0.00045695,0.00043992,0.03126682,0.0002202,177619433541.1413
2026-09-26T16:00:00Z,saturn-dollar,usdat,Saturn Dollar,338.0,0.999904,82463569,930601.0,1.0,0.999695,1.042,0.995476,82471222.657032
2026-09-26T16:00:00Z,story-2,data,Data Network,339.0,0.229477,82438189,11609508.0,0.234128,0.223752,14.78,0.170065,359244799.0
2026-09-26T16:00:00Z,theta-fuel,tfuel,Theta Fuel,340.0,0.01100143,82212818,1170181.0,0.01105213,0.01068437,0.68159,0.00090804,7478444235.0
2026-09-26T16:00:00Z,wrappedm-by-m0,wm,WrappedM by M0,341.0,0.999766,82003316,2308.51,1.0,0.999725,15.4,0.969044,82022220.277362
2026-09-26T16:00:00Z,digibyte,dgb,DigiByte,342.0,0.00441383,81621219,2061994.0,0.00465404,0.00435359,0.178084,3.099e-05,18488080730.183144
2026-09-26T16:00:00Z,berachain-bera,bera,Berachain,343.0,0.243427,81606417,10449060.0,0.246054,0.23043,14.83,0.137662,335265330.4574869
2026-09-26T16:00:00Z,spacex-bstocks-tokenized-stock,spcxb,SpaceX (bStocks Tokenized Stock),344.0,148.47,81492528,9360630.0,149.08,147.94,229.67,105.76,548874.9745477
2026-09-26T16:00:00Z,cross-2,one,ONEchain,345.0,0.155911,81148007,3221848.0,0.157799,0.144488,0.438189,0.04660973,520461303.1878901
2026-09-26T16:00:00Z,3jane-usd3,usd3,3Jane USD3,346.0,1.19,80792627,132290.0,1.19,1.19,1.23,1.15,67921892.249526
2026-09-26T16:00:00Z,banana-for-scale-2,bananas31,Banana For Scale,347.0,0.00806668,80666646,4356435.0,0.00838633,0.00792675,0.057741,0.00072336,10000000000.0
2026-09-26T16:00:00Z,fx-usd-saving,fxsave,f(x) USD Saving,348.0,1.12,80221694,633.71,1.12,1.12,4.68,0.985404,71676499.37755983
2026-09-26T16:00:00Z,cap-4,cap,Cap,349.0,0.051418,80211072,10460985.0,0.053262,0.050941,0.078256,0.01549444,1560000000.0
2026-09-26T16:00:00Z,circle-xstock,crclx,Circle xStock,350.0,89.15,79337938,7854071.0,89.34,86.54,257.13,48.02,889517.3968866202
2026-09-26T16:00:00Z,nexpace,nxpc,Nexpace,351.0,0.256131,79231627,3195480.0,0.259072,0.254424,3.77,0.17425,309371091.5175758
2026-09-26T16:00:00Z,unifai-network,uai,UnifAI Network,352.0,0.327413,78226534,2153875.0,0.346278,0.33146,0.836535,0.06003,239000000.0
2026-09-26T16:00:00Z,adi-token,adi,ADI,353.0,8.28,78084308,4300931.0,8.26,8.19,8.89,0.975425,9434511.21887064
2026-09-26T16:00:00Z,re,re,RE,354.0,0.488301,77932782,9021922.0,0.493388,0.471291,1.079,0.356989,159600000.0
2026-09-26T16:00:00Z,baby-doge-coin,babydoge,Baby Doge Coin,355.0,4.22085e-10,77713242,2294554.0,4.25337e-10,4.18645e-10,6.498e-09,9.4771e-11,1.8412693347126893e+17
2026-09-26T16:00:00Z,sushi,sushi,Sushi,356.0,0.268548,76990214,7971704.0,0.270897,0.259177,23.38,0.139503,286745789.1930839
2026-09-26T16:00:00Z,na-post-settlement-legal-financing-receivables,pc0000101,Tradable NA Post-Settlement Legal Financing Receivables,357.0,1.0,76722081,0.0,1.0,1.0,1.0,1.0,76722080.574195
2026-09-26T16:00:00Z,usdsui,usdsui,USDsui,358.0,1.0,76558726,7799631.0,1.005,0.998914,1.021,0.966852,76545513.2
2026-09-26T16:00:00Z,usda-3,usda,USDA,359.0,0.879326,76472818,16675.13,0.95314,0.87587,1.19,0.590562,86967248.38104062
2026-09-26T16:00:00Z,zilliqa,zil,Zilliqa,360.0,0.00388146,75741393,2990653.0,0.00389132,0.0037375,0.255376,0.0021856,19513551525.0
2026-09-26T16:00:00Z,allora,allo,Allora,361.0,0.302695,75690895,5615847.0,0.310733,0.28545,1.6,0.04768726,250201941.52182716
2026-09-26T16:00:00Z,dola-usd,dola,DOLA,362.0,0.997345,75674611,332905.0,0.999117,0.99608,1.87,0.088407,75875795.00735131
2026-09-26T16:00:00Z,apes-2-2,apes,APES,363.0,0.084039,75635459,64.61,0.084358,0.083974,0.084358,0.05887,900000000.0
2026-09-26T16:00:00Z,cygnus-finance-global-usd,cgusd,Cygnus Finance Global USD,364.0,0.992405,75624133,21.8,0.992589,0.992383,1.089,0.724325,76202642.679888
2026-09-26T16:00:00Z,tradable-north-america-pos-lender-sstn,pc0000019,Tradable North America PoS Lender SSTN,365.0,1.0,75568634,0.0,1.0,1.0,1.0,1.0,75568634.0
2026-09-26T16:00:00Z,project-galaxy,gal,GAL (migrated to Gravity - G),366.0,0.588631,75199164,327.3,0.599609,0.587856,18.32,0.074171,127749331.18734433
2026-09-26T16:00:00Z,felix-feusd,feusd,Felix feUSD,367.0,1.0,75032140,5347.41,1.005,0.999676,1.067,0.705908,75004069.0
2026-09-26T16:00:00Z,turbo,turbo,Turbo,368.0,0.00108694,75000518,6522044.0,0.00108566,0.00105327,0.01431669,6.518e-05,69000000000.0
2026-09-26T16:00:00Z,tradable-na-neobank-sstl,pc0000023,Tradable NA Neobank SSTL,369.0,1.0,75000000,0.0,1.0,1.0,1.0,1.0,75000000.0
2026-09-26T16:00:00Z,purr-2,purr,Purr,370.0,0.125994,74940511,1234798.0,0.127562,0.122749,0.690036,0.04236339,594847731.43498
2026-09-26T16:00:00Z,midas-mtbill,mtbill,Midas mTBILL,371.0,1.073,74417369,0.0,1.073,1.073,1.18,0.808522,69341648.31398144
2026-09-26T16:00:00Z,the-black-bull,ansem,The Black Bull,372.0,0.178826,74234299,7323494.0,0.202116,0.169206,0.443616,0.00014442,414929396.8583
2026-09-26T16:00:00Z,kava,kava,Kava,373.0,0.068484,74149187,9269804.0,0.069048,0.067259,9.12,0.03967785,1082846915.0
2026-09-26T16:00:00Z,soon-2,soon,SOON,374.0,0.216662,73620312,6971758.0,0.218476,0.200463,4.3,0.100892,339791742.36
2026-09-26T16:00:00Z,tori-trusd,trusd,Tori trUSD,375.0,0.999699,73024328,45265.0,0.999931,0.999648,1.001,0.998773,73046042.5893908
2026-09-26T16:00:00Z,diem,diem,Diem,376.0,1998.71,72957587,839477.0,2052.65,1963.3,2565.77,80.54,36497.12862493367
2026-09-26T16:00:00Z,marscat-token,mcat,Marscat Token,377.0,0.773623,72810968,3433518.0,0.807009,0.740477,1.19,0.217044,94059332.99999988
2026-09-26T16:00:00Z,linea,linea,Linea,378.0,0.00296523,72736643,9830990.0,0.00299284,0.00287424,0.04666898,0.00206952,24527101521.37352
2026-09-26T16:00:00Z,zignaly,zig,ZIG Finance,379.0,0.051585,72687076,3009590.0,0.052466,0.051073,0.224179,0.00428716,1408940795.2396517
2026-09-26T16:00:00Z,book-of-meme,bome,BOOK OF MEME,380.0,0.00105084,72514920,9135491.0,0.00108944,0.00103711,0.02688878,5.848e-05,68999659569.0
2026-09-26T16:00:00Z,nervos-network,ckb,Nervos Network,381.0,0.00146158,72465317,1914037.0,0.00146462,0.00141576,0.04370633,0.00079635,49591719947.9172
2026-09-26T16:00:00Z,stronghold-token,shx,Stronghold,382.0,0.00387373,72069135,549750.0,0.00388737,0.00383891,0.055673,1.30103e-07,18603485291.548195
2026-09-26T16:00:00Z,oasis-network,rose,Oasis,383.0,0.00895652,71991292,6138782.0,0.00905646,0.00813876,0.597347,0.00501758,8041267688.0
2026-09-26T16:00:00Z,prize-protocol,prize,Prize Protocol,384.0,0.00134702,71808206,60966.0,0.00136131,0.00132907,0.00150186,0.0005997,53320833333.333336
2026-09-26T16:00:00Z,proton,xpr,XPR Network,385.0,0.0024951,71493405,1348950.0,0.00251063,0.00247135,0.100088,0.00054716,28652669445.0618
2026-09-26T16:00:00Z,espresso,esp,Espresso,386.0,0.10344,71446382,4757639.0,0.106608,0.096203,0.217368,0.05223,690675704.7394029
2026-09-26T16:00:00Z,orbio-so,orbio,Orbio.so,387.0,0.075006,71321911,5023144.0,0.084197,0.061198,0.092694,0.00234134,950000000.0
2026-09-26T16:00:00Z,ishares-core-s-p-500-etf-ondo-tokenized-etf,ivvon,iShares Core S&P 500 ETF (Ondo Tokenized ETF),388.0,782.67,70752884,104.42,859.29,764.06,859.29,638.07,90429.85245364257
2026-09-26T16:00:00Z,io,io,io.net,389.0,0.17798,70736727,14045710.0,0.177085,0.161497,6.43,0.092979,397416158.3784961
2026-09-26T16:00:00Z,goplus-security,gps,GoPlus Security,390.0,0.01190543,70700552,4128125.0,0.01216981,0.0112195,0.2198,0.00441135,5937088889.057273
2026-09-26T16:00:00Z,bio-protocol,bio,Bio Protocol,391.0,0.03294621,70644869,12127914.0,0.03340853,0.03222759,0.888995,0.01580293,2145029070.25
2026-09-26T16:00:00Z,matrixdock-gold,xaum,Matrixdock Gold,392.0,4274.82,70499323,415934.0,4288.49,4240.63,5574.96,2563.55,16491.918137548
2026-09-26T16:00:00Z,tesla-xstock,tslax,Tesla xStock,393.0,371.94,70485049,2474650.0,374.01,371.03,496.55,292.26,189476.77426350286
2026-09-26T16:00:00Z,nockchain,nock,Nockchain,394.0,0.03009208,70192676,864144.0,0.03202106,0.02956878,0.21022,0.00442438,2332645376.0
2026-09-26T16:00:00Z,ai-rig-complex,arc,AI Rig Complex,395.0,0.070199,70190388,2913907.0,0.072286,0.070421,0.623197,0.00987155,999982604.777308
2026-09-26T16:00:00Z,numeraire,nmr,Numeraire,396.0,9.69,69292434,6004621.0,9.88,9.61,93.15,2.06,7153191.456562928
2026-09-26T16:00:00Z,anonymous-cat,zcat,Anonymous Cat,397.0,0.07175,69264375,8983165.0,0.069726,0.051364,0.175532,0.02244425,967895864.3064578
2026-09-26T16:00:00Z,comedian,ban,Comedian,398.0,0.069117,69109090,3741481.0,0.069644,0.068029,0.37799,0.00929085,999961859.27
2026-09-26T16:00:00Z,dexe,dexe,DeXe,399.0,1.95,68802138,5776500.0,1.96,1.92,48.91,0.671563,35261722.78165521
2026-09-26T16:00:00Z,temple,temple,TempleDAO,400.0,2.88,68267794,972.67,2.9,2.88,4.11,0.186329,23722422.590706144
2026-09-26T16:00:00Z,midas-fasanara-global,mglobal,Midas Fasanara Global,401.0,1.022,67728917,0.0,1.022,1.022,1.022,1.006,66244201.00206472
2026-09-26T16:00:00Z,pha,pha,PHALA,402.0,0.078758,67438029,130235802.0,0.098337,0.075776,1.39,0.01921543,857028777.8273338
2026-09-26T16:00:00Z,axelar,axl,Axelar,403.0,0.054182,67426699,3960370.0,0.054174,0.052163,2.64,0.03438952,1244449098.495884
2026-09-26T16:00:00Z,bending-spoons-xstock,bspx,Bending Spoons xStock,404.0,32.44,67308802,443.51,32.44,32.28,109.91,28.12,2075073.632513548
2026-09-26T16:00:00Z,astar,astr,Astar,405.0,0.00759513,66611320,2531776.0,0.00762902,0.00728644,0.421574,0.00438437,8768975028.0
2026-09-26T16:00:00Z,amp-token,amp,Amp,406.0,0.00074193,66487888,65591362.0,0.00075201,0.00050051,0.120813,0.00035595,89781193103.18022
2026-09-26T16:00:00Z,metal-blockchain,metal,Metal Blockchain,407.0,0.130665,66330807,391589.0,0.132048,0.124722,1.65,0.03510303,507639839.0528356
2026-09-26T16:00:00Z,anvil,anvl,Anvil,408.0,0.00075167,66201056,67609.0,0.00075571,0.00074709,0.00929021,2.512e-05,88081193769.55038
2026-09-26T16:00:00Z,mindwavedao,nila,MindWaveDAO,409.0,0.078198,65903264,229350.0,0.078268,0.077738,0.39007,0.0014606,842766176.55
2026-09-26T16:00:00Z,midas-mf-one,mf-one,Midas mF-ONE,410.0,1.13,65570299,0.0,1.13,1.13,1.14,1.008,58265118.05552088
2026-09-26T16:00:00Z,ondo-u-s-dollar-token,usdon,Ondo U.S. Dollar Token,411.0,1.0,65461605,0.0,1.0,1.0,1.091,0.935065,65461604.64076818
2026-09-26T16:00:00Z,crown-brlv,brlv,Crown BRLV,412.0,0.176076,65376317,45.67,0.176168,0.17607,0.204863,0.170464,371296782.3928299
2026-09-26T16:00:00Z,tradable-eu-latam-pos-financing-sstl,pc0000049,Tradable Eu/LatAm PoS Financing SSTL,413.0,1.0,65300000,0.0,1.0,1.0,1.0,1.0,65300000.0
2026-09-26T16:00:00Z,sp500-xstock,spyx,SP500 xStock,414.0,774.08,65129616,13388027.0,776.46,772.88,783.63,614.77,84137.20854117318
2026-09-26T16:00:00Z,creditcoin-2,ctc,Creditcoin,415.0,0.11849,65109534,924339.0,0.11994,0.114715,8.67,0.063737,549564264.0
2026-09-26T16:00:00Z,babylon,baby,Babylon,416.0,0.01408527,65084063,110610558.0,0.01429296,0.01312885,0.166134,0.00950914,4621661337.98
2026-09-26T16:00:00Z,escoin-token,elg,Escoin,417.0,0.291353,64939372,104459.0,0.291606,0.291421,3.61,0.00064644,222888413.08959576
2026-09-26T16:00:00Z,unitas,up,Unitas,418.0,0.298337,64442283,13404467.0,0.31737,0.287457,0.522624,0.067618,215999885.54150105
2026-09-26T16:00:00Z,securitize-corp,secz,Securitize,419.0,15.96,64252630,0.0,16.53,15.96,16.53,5.39,4025854.0
2026-09-26T16:00:00Z,centrifuge-2,cfg,Centrifuge,420.0,0.168022,63914714,13718934.0,0.168934,0.154982,0.400363,0.067185,380384016.0
2026-09-26T16:00:00Z,threshold-network-token,t,Threshold Network,421.0,0.00570161,63602295,10281945.0,0.00606408,0.0054941,0.226934,0.00315491,11155000000.0
2026-09-26T16:00:00Z,aelf,elf,aelf,422.0,0.076529,63261285,353868.0,0.077388,0.075945,2.6,0.03545756,826636228.2427785
2026-09-26T16:00:00Z,score,sn44,Score,423.0,11.37,63172250,3193674.0,11.49,10.62,18.01,0.053336,5557843.050411371
2026-09-26T16:00:00Z,affine,sn120,affine,424.0,15.13,62948493,425184.0,15.27,14.0,30.83,0.138582,4160540.00543064
2026-09-26T16:00:00Z,efficientfrontier,sn53,EfficientFrontier,425.0,11.32,62897556,6875883.0,11.81,10.62,12.86,0.00849059,5556232.038286088
2026-09-26T16:00:00Z,midas-fasanara-global-open,mglo,Midas Fasanara Global Open,426.0,1.006,62850782,0.0,1.006,1.006,1.006,1.0,62490439.77753979
2026-09-26T16:00:00Z,qubic-network,qubic,Qubic,427.0,4.36542e-07,62500504,874442.0,4.51753e-07,4.24608e-07,1.256e-05,3.39781e-07,143181989857234.0
2026-09-26T16:00:00Z,ecomi,omi,ECOMI,428.0,0.00022933,62157312,802139.0,0.00023601,0.00022124,0.01343572,3.37e-06,270951644947.0
2026-09-26T16:00:00Z,space-id,id,SPACE ID,429.0,0.04012362,62080797,3450127.0,0.04021415,0.03844271,1.84,0.02303165,1547258439.849968
2026-09-26T16:00:00Z,royal-euro,reur,Royal Euro,,4.13,62008637,19804868.0,0.0,0.0,4.13,0.348874,15000000.0
2026-09-26T16:00:00Z,blur,blur,Blur,430.0,0.02141179,62001477,10576386.0,0.02154571,0.02051998,5.02,0.01276741,2896637240.86758
2026-09-26T16:00:00Z,merlin-chain,merl,Merlin Chain,431.0,0.02950146,61972960,1144607.0,0.02948846,0.02830058,1.45,0.01571843,2100000000.0
2026-09-26T16:00:00Z,enjincoin,enj,Enjin Coin,432.0,0.03082594,61763257,11754333.0,0.03209273,0.02912007,4.82,0.01740499,2003416054.5848742
2026-09-26T16:00:00Z,jelly-my-jelly,jellyjelly,Jelly-My-Jelly,433.0,0.061618,61587258,6648770.0,0.071312,0.057755,0.473157,0.00372817,999999099.34
2026-09-26T16:00:00Z,polymesh,polyx,Polymesh,434.0,0.04641358,61421944,3728092.0,0.0468952,0.04453991,0.748771,0.02756208,1322748323.971319
2026-09-26T16:00:00Z,swop-2,swop,Swop,435.0,0.00610335,61033474,1.041,0.00610367,0.00610308,0.01391529,0.0060491,9999998190.509241
2026-09-26T16:00:00Z,altlayer,alt,AltLayer,436.0,0.00824323,60736380,7170501.0,0.00829855,0.00789625,0.676743,0.00536566,7367187496.0
2026-09-26T16:00:00Z,pirate-chain,arrr,Pirate Chain,437.0,0.309249,60708134,540075.0,0.320806,0.289557,16.76,0.00797788,196213797.97055
2026-09-26T16:00:00Z,newton-project,ab,AB,438.0,0.00061279,60559052,336368.0,0.00062689,0.00060281,0.01727373,3.8e-06,98823661261.46
2026-09-26T16:00:00Z,meme-horse,mhorse,MEME HORSE,439.0,0.060531,60530864,160008.0,0.060549,0.060527,0.120745,0.01028842,999999999.0
2026-09-26T16:00:00Z,chainopera-ai,coai,ChainOpera AI,440.0,0.321726,60484180,1524701.0,0.325301,0.317677,43.81,0.138148,188000098.0
2026-09-26T16:00:00Z,ontology,ont,Ontology,441.0,0.060394,60392102,7118934.0,0.061696,0.058276,10.92,0.03480475,1000000000.0
2026-09-26T16:00:00Z,noxo,noxo,NOXO,442.0,0.361921,60320350,29902.0,0.361508,0.354787,0.364052,0.211823,166666666.0
2026-09-26T16:00:00Z,celo,celo,Celo,443.0,0.099078,60134932,5950875.0,0.10144,0.093252,9.82,0.055659,606869634.0
2026-09-26T16:00:00Z,based-brett,brett,Brett,444.0,0.00596859,59138274,3747282.0,0.00606208,0.0056446,0.234204,0.00084753,9909601471.45858
2026-09-26T16:00:00Z,bas,bas,BNB Attestation Service,445.0,0.02355382,58885125,915868.0,0.02417183,0.02336979,0.166539,0.00259671,2500000000.0
2026-09-26T16:00:00Z,strategy-tokenized-bstocks,mstrb,Strategy (bStocks Tokenized Stock),446.0,159.53,58276055,1619886.0,159.96,157.67,172.68,123.75,365333.003289
2026-09-26T16:00:00Z,researchcoin,rsc,ResearchCoin,447.0,0.058075,58057277,178354.0,0.058426,0.05768,1.51,0.00308244,999801046.9250351
2026-09-26T16:00:00Z,deep,deep,DeepBook,448.0,0.02317886,57943739,8933600.0,0.02352039,0.02198197,0.341085,0.01073218,2500000000.0
2026-09-26T16:00:00Z,mubarak,mubarak,Mubarak,449.0,0.057709,57707373,103598456.0,0.064461,0.04987055,0.211228,0.00921873,1000000000.0
2026-09-26T16:00:00Z,tellor,trb,Tellor Tributes,450.0,20.46,57643800,9549467.0,20.39,19.77,593.09,0.01001379,2817624.887137369
2026-09-26T16:00:00Z,popcat,popcat,Popcat,451.0,0.058618,57457808,9016100.0,0.060196,0.057213,2.05,0.00379728,979978669.96
2026-09-26T16:00:00Z,vaneck-treasury-fund,vbill,VanEck Treasury Fund,452.0,1.0,57216858,0.0,1.0,1.0,1.0,1.0,57216857.639655
2026-09-26T16:00:00Z,tradable-na-legal-receivables-ssl,pc0000081,Tradable NA Legal Receivables SSL,453.0,1.0,57132381,0.0,1.0,1.0,1.0,0.999999,57132381.03
2026-09-26T16:00:00Z,venus,xvs,Venus,454.0,3.39,57086966,1109051.0,3.39,3.31,146.82,1.65,16865317.860275894
2026-09-26T16:00:00Z,flow,flow,Flow,455.0,0.03369088,56984921,10332302.0,0.03313413,0.03061586,42.4,0.02368276,1691717260.6068075
2026-09-26T16:00:00Z,zero-gravity,0g,0G,456.0,0.266959,56896498,14949097.0,0.275648,0.253893,7.05,0.136552,213199722.0
2026-09-26T16:00:00Z,peanut-the-squirrel,pnut,Peanut the Squirrel,457.0,0.056835,56827251,6806704.0,0.057645,0.055344,2.44,0.03187374,999841460.575079
2026-09-26T16:00:00Z,fonq,fonq,FONQ,458.0,0.080993,56716063,213813.0,0.081313,0.080078,0.08965,0.04096578,700000000.0
2026-09-26T16:00:00Z,aurora-near,aurora,Aurora,459.0,0.075718,56016544,5565753.0,0.084348,0.066882,35.4,0.01455042,738972917.0
2026-09-26T16:00:00Z,alchemist-ai,alch,Alchemist AI,460.0,0.05594,55955394,1361753.0,0.056874,0.052968,0.243323,0.01435554,999952964.603849
2026-09-26T16:00:00Z,flying-tulip,ft,Flying Tulip,461.0,0.114693,55821525,29097.0,0.119369,0.112909,0.119369,0.067001,486702549.3999178
2026-09-26T16:00:00Z,toshi,toshi,Toshi,462.0,0.00013242,55742563,3081963.0,0.00013379,0.00012825,0.00226012,1.8963e-08,420690000000.0
2026-09-26T16:00:00Z,frenpet,fp,Fren Pet,463.0,7.84,55611240,284070.0,9.55,7.46,16.52,0.067243,7097643.325553876
2026-09-26T16:00:00Z,ravedao,rave,RaveDAO,464.0,0.204,55128375,1292067.0,0.206168,0.196897,28.1,0.15864,270224999.0
2026-09-26T16:00:00Z,templar,sn3,τemplar,465.0,9.9,55117067,387979.0,9.98,9.01,44.47,0.050586,5564971.77119699
2026-09-26T16:00:00Z,standx-dusd,dusd,StandX DUSD,466.0,0.998956,55104248,1205642.0,0.99948,0.998117,1.039,0.880149,55161593.098162
2026-09-26T16:00:00Z,dusk-network,dusk,DUSK,467.0,0.090805,55032860,3977347.0,0.092508,0.088731,1.09,0.01113274,605993543.6390157
2026-09-26T16:00:00Z,lombard-protocol,bard,Lombard,468.0,0.151223,55020170,3545450.0,0.149932,0.144179,1.7,0.100524,363750000.0
2026-09-26T16:00:00Z,holoworld,holo,Holoworld,469.0,0.069174,54420274,1950841.0,0.069288,0.066282,0.775714,0.050023,786778768.999999
2026-09-26T16:00:00Z,brz,brz,Brazilian Digital,470.0,0.192096,54395463,14107.53,0.192822,0.190913,9.99,0.00196567,283167293.5542291
2026-09-26T16:00:00Z,siacoin,sc,Siacoin,471.0,0.00108431,53945837,9916856.0,0.00132999,0.00104435,0.092868,1.262e-05,49751295000.0225
2026-09-26T16:00:00Z,acurast,acu,Acurast,472.0,0.13615,53586440,2696202.0,0.141139,0.13221,0.315928,0.065109,393634803.0
2026-09-26T16:00:00Z,nillion,nil,Nillion,473.0,0.105568,53543078,25697877.0,0.132728,0.105697,0.897077,0.02739273,507463948.87884
2026-09-26T16:00:00Z,verge,xvg,Verge,474.0,0.00323199,53380047,1231763.0,0.00327289,0.00305423,0.261874,2.23e-06,16521951234.841335
2026-09-26T16:00:00Z,nusd-2,nusd,Neutrl USD,,0.998253,53296810,10315.61,0.0,0.0,1.031,0.975411,53390061.78502091
2026-09-26T16:00:00Z,proprietary-trading-network,sn8,Vanta Network,475.0,9.94,53105537,5461892.0,9.91,8.63,25.24,0.06021,5344972.44214918
2026-09-26T16:00:00Z,ozapay,oza,Ozapay,476.0,0.058312,53039272,225.72,0.059644,0.057789,0.059957,0.01207693,909588286.52
2026-09-26T16:00:00Z,ark,ark,ARK,477.0,0.264883,52817108,65480852.0,0.29382,0.230087,10.22,0.0339403,199373496.0
2026-09-26T16:00:00Z,bim-2,bim,BIM,478.0,1.76,52751461,254189.0,1.76,1.75,3.07,0.861976,30000000.0
2026-09-26T16:00:00Z,aria-chain,ariax,ARIA NETWORK,479.0,0.260544,52149024,1142221.0,0.261054,0.260143,0.263332,0.231306,200000000.0
2026-09-26T16:00:00Z,ankr,ankr,Ankr Network,480.0,0.00520826,52086614,6647553.0,0.0052502,0.00499226,0.213513,0.00070728,10000000000.0
2026-09-26T16:00:00Z,pentagon-chain,pc,Pentagon Chain,481.0,52.82,51936835,4111.25,53.01,51.83,60.56,11.68,983275.3215980448
2026-09-26T16:00:00Z,cortex-2,cx,Cortex,482.0,0.03442419,51811815,190360.0,0.03513429,0.03375018,0.168948,0.00270372,1505106178.6306667
2026-09-26T16:00:00Z,unipoly,unp,Unipoly,483.0,0.185214,51793103,241481.0,0.185722,0.184983,0.50299,0.00980688,279229999.9999999
2026-09-26T16:00:00Z,megaeth,mega,MegaETH,484.0,0.04579294,51736439,6997384.0,0.04682979,0.04478596,0.217716,0.03013751,1129792788.0
2026-09-26T16:00:00Z,ronin,ron,Ronin,485.0,0.066949,51712380,1814664.0,0.068396,0.063568,4.45,0.04546125,772401679.4337813
2026-09-26T16:00:00Z,memetoon,meme,MEMETOON,,0.00051674,51673755,378082.0,0.0,0.0,0.02211441,1.00191e-07,100000000000.0
2026-09-26T16:00:00Z,aztec,aztec,Aztec,486.0,0.0174463,51356273,3308067.0,0.01737797,0.01620138,0.03989623,0.01131373,2943720600.41
2026-09-26T16:00:00Z,xyo-network,xyo,XYO Network,487.0,0.00368484,51335480,1656745.0,0.00369596,0.00355797,0.081391,9.672e-05,13930752875.47967
2026-09-26T16:00:00Z,anemoy-tokenized-apollo-diversified-credit-fund,acrdx,Anemoy Tokenized Apollo Diversified Credit Fund,488.0,1.022,51105140,0.0,1.022,1.022,1.026,1.015,50014229.92
2026-09-26T16:00:00Z,allunity-chf,chfau,AllUnity CHF,489.0,1.21,50956511,615.49,1.21,1.21,1.25,1.21,42222873.921656
2026-09-26T16:00:00Z,notcoin,not,Notcoin,490.0,0.00051211,50952282,4833161.0,0.00051073,0.00048357,0.02836145,0.00032055,99429405866.9074
2026-09-26T16:00:00Z,gekko,gekko,GEKKO,491.0,8.44074e-07,50774055,37850.0,8.49386e-07,8.1799e-07,1.37e-05,5.49016e-07,60000000000000.0
2026-09-26T16:00:00Z,fidelity-digital-dollar,fidd,Fidelity Digital Dollar,492.0,0.999826,50731756,3890845.0,1.0,0.999467,1.011,0.908649,50740396.65
2026-09-26T16:00:00Z,na-capital-as-a-service-sstn,pc0016245,NA Capital-as-a-Service SSTN,493.0,1.0,50600000,0.0,1.0,1.0,1.0,1.0,50600000.0
2026-09-26T16:00:00Z,infinifi-usd,iusd,InfiniFi USD,494.0,0.999805,50478826,5349.61,1.0,0.998848,1.38,0.243118,50488514.55207494
2026-09-26T16:00:00Z,troll-2,troll,TROLL,496.0,0.050459,50388557,2248949.0,0.05214,0.04893005,0.282604,0.00387003,998747458.585038
2026-09-26T16:00:00Z,magic-eden,me,Magic Eden,497.0,0.081667,50333580,3434502.0,0.08106,0.076759,17.0,0.055311,616328561.765784
2026-09-26T16:00:00Z,blackrock-daily-reinvestment-stablecoin-reserve-vehicle,brsrv,BlackRock Daily Reinvestment Stablecoin Reserve Vehicle,498.0,1.0,50258033,0.0,1.0,1.0,1.0,1.0,50258032.95
2026-09-26T16:00:00Z,quantum-resistant-ledger,qrl,Quantum Resistant Ledger,499.0,0.640645,50222046,38832.0,0.64105,0.626377,3.87,0.04116971,78392960.0
2026-09-26T16:00:00Z,nexus-4,nex,Nexus,500.0,8.35481e-07,50115006,251483.0,8.42687e-07,8.2618e-07,6.95e-06,8.03243e-07,60000000000000.0
2026-09-26T16:00:00Z,alloy-tether,ausdt,Alloy Tether,,0.999825,50110423,0.995026,0.0,0.0,1.08,0.050042,50119208.49
2026-09-26T16:00:00Z,keeta,kta,Keeta,503.0,0.082076,50088917,792975.0,0.082826,0.081138,1.68,0.0068199,610284394.1547863
2026-09-26T16:00:00Z,velodrome-finance,velo,Velodrome Finance,501.0,0.03754519,50014254,9621342.0,0.0397483,0.03504624,0.407515,0.00557275,1332375131.8007348
2026-09-26T16:00:00Z,usdkg,usdkg,USDKG,502.0,0.999823,49991137,2340.09,1.001,0.999769,1.021,0.992226,50000000.0
2026-09-26T16:00:00Z,moo-deng,moodeng,Moo Deng,504.0,0.050116,49600087,6789273.0,0.050845,0.0485524,0.680378,0.01544782,989936565.438322
2026-09-26T16:00:00Z,mog-coin,mog,Mog Coin,507.0,1.27013e-07,49566897,9181709.0,1.28582e-07,1.23183e-07,4.02e-06,4.526e-09,390561997990255.06
2026-09-26T16:00:00Z,rocket-pool,rpl,Rocket Pool,506.0,2.17,49548484,2857414.0,2.17,2.02,61.9,0.00884718,22875010.83673313
2026-09-26T16:00:00Z,spiko-amundi-overnight-swap-fund-gbp,gbpsafo,Spiko Amundi Overnight Swap Fund (GBP),508.0,1.35,49486119,0.0,1.36,1.35,1.39,1.35,36528143.66395
2026-09-26T16:00:00Z,ssv-network,ssv,SSV Network,505.0,3.36,49403930,4699380.0,3.31,3.11,65.82,1.84,14699173.1
2026-09-26T16:00:00Z,constitutiondao,people,ConstitutionDAO,509.0,0.00966967,48983283,8201685.0,0.00968236,0.00926039,0.185022,0.0009194,5066480892.014003
2026-09-26T16:00:00Z,mask-network,mask,Mask Network,510.0,0.485949,48611657,4425437.0,0.487861,0.464841,41.45,0.331174,100000000.0
2026-09-26T16:00:00Z,huma-finance,huma,Huma Finance,513.0,0.02801928,48521730,17649764.0,0.03095163,0.02622618,0.115647,0.01107715,1733333333.0
2026-09-26T16:00:00Z,auki-labs,auki,Auki,512.0,0.00970617,48437760,238217.0,0.01041729,0.0092499,0.060588,0.00395263,5004258467.890869
2026-09-26T16:00:00Z,concordium,ccd,Concordium,511.0,0.00379967,48367475,128069.0,0.00386627,0.00378839,0.149407,0.00262306,12729380225.216074
2026-09-26T16:00:00Z,arcium,arx,Arcium,514.0,0.23114,48221664,4970498.0,0.253366,0.226452,0.466923,0.10177,208831342.0
2026-09-26T16:00:00Z,sygnum-fiusd-liquidity-fund,fiusd,Sygnum FIUSD Liquidity Fund,515.0,12040.03,48131946,0.0,12040.03,12036.22,12040.03,11251.76,3997.66
2026-09-26T16:00:00Z,ethgas-2,gwei,ETHGas,516.0,0.02429923,48113673,2531411.0,0.02419173,0.02345664,0.246648,0.01446783,1980000000.0
2026-09-26T16:00:00Z,resupply-usd,reusd,Resupply USD,517.0,0.989682,47667514,779326.0,0.990406,0.988868,1.18,0.888468,48164463.16631833
2026-09-26T16:00:00Z,succinct,prove,Succinct,518.0,0.243745,47517395,7047613.0,0.246019,0.234074,1.71,0.142848,195000000.0
2026-09-26T16:00:00Z,mantis,m,Mantis,,0.47447,47447004,4702.18,0.0,0.0,4.84,0.00133677,100000000.0
2026-09-26T16:00:00Z,bankercoin-2,bnkr,BankrCoin,520.0,0.00047291,47291044,5503963.0,0.00053223,0.00041038,0.00120094,7.81e-06,100000000000.0
2026-09-26T16:00:00Z,lab,lab,LAB,519.0,0.061016,47215047,9094214.0,0.061966,0.058024,27.48,0.03994393,775542856.0
2026-09-26T16:00:00Z,casper-network,cspr,Casper Network,521.0,0.00272534,47104873,1421513.0,0.00279629,0.00268809,1.33,0.00146007,17283940935.0
2026-09-26T16:00:00Z,snek,snek,Snek,522.0,0.00062934,47011067,770304.0,0.0006422,0.00061054,0.00895508,0.00013847,74696701600.0
2026-09-26T16:00:00Z,tradable-latam-bnpl-sstn,pc0000027,Tradable LatAm BNPL SSTN,523.0,1.0,47000000,0.0,1.0,1.0,1.0,1.0,47000000.0
2026-09-26T16:00:00Z,vvs-finance,vvs,VVS Finance,524.0,1.08e-06,46994206,50674.0,1.12e-06,1.01e-06,0.00033093,7.39008e-07,43550331272463.0
2026-09-26T16:00:00Z,ong,ong,Ontology Gas,525.0,0.09756,46948210,1738112.0,0.100033,0.094682,4.39,0.0402394,481178346.0
2026-09-26T16:00:00Z,boner-coin,boner,Boner Coin,526.0,0.04685248,46846934,2093217.0,0.06416,0.04695462,0.082282,0.02869544,999946321.6093111
2026-09-26T16:00:00Z,loaded-lions,lion,Loaded Lions,527.0,0.00152557,46804568,47375.0,0.00156445,0.00150309,0.03159196,0.00119567,30679999000.0
2026-09-26T16:00:00Z,avantis,avnt,Veranta,528.0,0.131706,46655654,28477830.0,0.135575,0.120532,2.64,0.077759,354142432.9692912
2026-09-26T16:00:00Z,nesa,nes,Nesa,529.0,0.161717,46628466,1664169.0,0.167602,0.156058,0.322039,0.00725141,288302472.6551713
2026-09-26T16:00:00Z,coti,coti,COTI,530.0,0.01554259,46281605,35471766.0,0.01670585,0.01547563,0.668634,0.00556342,2979560602.83
2026-09-26T16:00:00Z,fastx-network-token,fxnw,FastX Network Token,531.0,0.354577,46092691,1081011.0,0.359788,0.350017,0.369803,0.336559,130000000.0
2026-09-26T16:00:00Z,dappos,dos,DAPPOS,532.0,0.230365,46069715,3799496.0,0.230678,0.221717,1.43,0.188627,200000000.0
2026-09-26T16:00:00Z,spdr-s-p-500-etf-ondo-tokenized-etf,spyon,SPDR S&P 500 ETF (Ondo Tokenized ETF),533.0,778.76,46042767,1759902.0,781.08,777.24,790.96,632.69,59118.73533291007
2026-09-26T16:00:00Z,metronome-synth-usd,msusd,Metronome Synth USD,534.0,0.886903,45861797,248137.0,0.888965,0.885456,3.43,0.427862,51710045.47453286
2026-09-26T16:00:00Z,cat-in-a-dogs-world,mew,cat in a dogs world,535.0,0.00051584,45849351,3535424.0,0.00051807,0.00050438,0.01288153,0.0003118,88888888888.88
2026-09-26T16:00:00Z,ai-powered-finance,aipf,AI Powered Finance,536.0,0.575761,45775253,404023.0,0.579649,0.542654,2.23,0.357829,79025550.15402158
2026-09-26T16:00:00Z,skyai,skyai,SkyAI,537.0,0.04555466,45486813,2955508.0,0.04608243,0.04493794,0.855653,0.01433298,998384103.5659541
2026-09-26T16:00:00Z,request-network,req,Request,538.0,0.056548,45130485,554468.0,0.057804,0.05635,1.059,0.00454707,796694831.4790833
2026-09-26T16:00:00Z,mocaverse,moca,Moca Network,539.0,0.01065663,45092193,2463147.0,0.01070309,0.01033619,0.477373,0.00708265,4233186230.3425
2026-09-26T16:00:00Z,ore,ore,ORE,540.0,90.2,44925477,1848374.0,91.51,75.29,1451.62,6.27,497211.4138554444
2026-09-26T16:00:00Z,movement,move,Movement,541.0,0.0099714,44863300,6973950.0,0.01000992,0.00944882,1.45,0.0057517,4495833333.0
2026-09-26T16:00:00Z,nosana,nos,Nosana,542.0,0.447281,44726219,696375.0,0.449637,0.423899,7.83,0.01046656,99999717.426306
2026-09-26T16:00:00Z,tori-ecosystem-vault,etrusd,Tori Ecosystem Vault,543.0,1.013,44607888,0.0,1.013,1.013,1.013,1.009,44034341.87931068
2026-09-26T16:00:00Z,neet,neet,"Not in Employment, Education, or Training",544.0,0.0445872,44586659,3309418.0,0.050323,0.04206773,0.055605,0.00229961,999752734.610231
2026-09-26T16:00:00Z,ebtc-2,ebtc,eBTC,,80280.0,44513911,34.3,0.0,0.0,133309.0,57837.0,554.4866296852
2026-09-26T16:00:00Z,ai-analysis-token,aiat,AI Analysis Token,545.0,0.375371,44439152,38053.0,0.38025,0.369568,82.15,0.02270892,118387397.597328
2026-09-26T16:00:00Z,atoshi,atos,Atoshi,546.0,0.04908385,44330728,20029.0,0.05075,0.04762571,0.109228,0.02244457,903160063.1789856
2026-09-26T16:00:00Z,spacex-xstocks,spcxx,SpaceX xStock,547.0,148.64,44180163,4025830.0,149.22,147.79,225.31,105.26,297239.5698365964
2026-09-26T16:00:00Z,reental,rnt,Rnt,548.0,0.314322,44133324,10518.26,0.315769,0.312396,33.06,0.01591959,140408115.63035145
2026-09-26T16:00:00Z,canopy,cnpy,Canopy,553.0,0.403032,44112615,22670950.0,0.406412,0.386798,0.668589,0.156814,109452405.984722
2026-09-26T16:00:00Z,space-and-time,sxt,Space and Time,549.0,0.00949002,44086566,1936454.0,0.00959001,0.00930158,0.162092,0.00624003,4644564876.1165
2026-09-26T16:00:00Z,fractal-bitcoin,fb,Fractal Bitcoin,550.0,0.399456,44075036,447682.0,0.416024,0.391793,38.8,0.300374,110342013.07272883
2026-09-26T16:00:00Z,novachargex-coin,ncx,NovaChargeX Coin,551.0,0.366884,44026125,6776.97,0.366916,0.366863,0.393193,0.144173,120000000.0
2026-09-26T16:00:00Z,jupusd,jupusd,JupUSD,554.0,0.9994,43988082,10579461.0,0.999525,0.99926,1.023,0.124871,44014505.827843
2026-09-26T16:00:00Z,edu-coin,edu,Open Campus,552.0,0.053252,43967499,1897567.0,0.053398,0.051083,1.67,0.02531909,826295139.0
2026-09-26T16:00:00Z,usdu,usdu,USDu,555.0,0.999851,43905905,33269.0,0.999727,0.999094,1.018,0.957425,43912461.45415457
2026-09-26T16:00:00Z,catizen,cati,Catizen,556.0,0.065878,43798794,2274023.0,0.065349,0.063169,1.11,0.03232149,664699360.1099999
2026-09-26T16:00:00Z,precious-metals-usd,pmusd,Precious Metals USD,557.0,0.464609,43673821,22034.0,0.468104,0.425906,1.08,0.113327,94001203.62222221
2026-09-26T16:00:00Z,hydradx,hdx,Hydration,558.0,0.00738588,43613622,39474.0,0.00739188,0.00703237,0.054409,0.00135872,5918174822.0
2026-09-26T16:00:00Z,status,snt,Status,559.0,0.00901784,43510087,1512657.0,0.00915072,0.00875622,0.684918,0.00467768,4831457823.279697
2026-09-26T16:00:00Z,america-party-5,america,America Party,560.0,1.02956e-07,43312616,31.95,1.03787e-07,1.02643e-07,1.53e-06,3.3091e-08,420690000000000.0
2026-09-26T16:00:00Z,rekt-4,rekt,Rekt,561.0,1.02911e-07,43293658,281700.0,1.03444e-07,1.0227e-07,1.41e-06,3.1106e-08,420690000000000.0
2026-09-26T16:00:00Z,magma-finance,magma,Magma Finance,562.0,0.226643,43048046,774839.0,0.266824,0.228577,0.808239,0.069712,190000000.0
2026-09-26T16:00:00Z,wink,win,WINkLink,563.0,4.294e-05,42677463,27845871.0,4.546e-05,4.186e-05,0.00289424,1.614e-05,993701854154.286
2026-09-26T16:00:00Z,baseline,b,Baseline,565.0,3.39,42639688,51.34,3.4,3.37,3.55,2.12,12577625.0
2026-09-26T16:00:00Z,folks,folks,FOLKS,564.0,2.37,42636162,1262906.0,2.39,2.29,48.86,0.840418,17985138.423518
2026-09-26T16:00:00Z,arcs,arx,ARCS,566.0,0.00869721,42616316,38658.0,0.00826685,0.00784268,18.77,3.846e-05,4900000000.0
2026-09-26T16:00:00Z,bifrost,bfc,Bifrost,567.0,0.03061744,42597461,2279972.0,0.03091647,0.02951538,0.778815,0.00868456,1391269925.6629822
2026-09-26T16:00:00Z,memecoin-2,meme,Memecoin,568.0,0.00065449,42411235,5994618.0,0.00065417,0.00063026,0.056324,0.00044393,64765665500.0
2026-09-26T16:00:00Z,bitkub-coin,kub,KUB Coin,569.0,0.613623,42324530,92700.0,0.619843,0.612394,17.24,0.381968,68974776.0
2026-09-26T16:00:00Z,micron-technology-ondo-tokenized-stock,muon,Micron Technology (Ondo Tokenized Stock),570.0,1084.78,42221510,3820667.0,1086.57,1077.59,1253.71,115.92,38918.41426734168
2026-09-26T16:00:00Z,main-street-usd,msusd,Main Street USD,571.0,0.555595,41943573,640.99,0.564807,0.548433,2.0,0.061813,75493020.76326412
2026-09-26T16:00:00Z,nvidia-xstock,nvdax,NVIDIA xStock,572.0,224.93,41927048,11272568.0,225.73,224.03,240.34,150.3,186396.85546491767
2026-09-26T16:00:00Z,gohome,gohome,GOHOME,573.0,79.87,41885280,531945.0,80.26,79.36,277.7,69.09,524619.4239830002
2026-09-26T16:00:00Z,api3,api3,Api3,574.0,0.2859,41806285,6384738.0,0.290025,0.273874,10.3,0.183667,146311732.32100663
2026-09-26T16:00:00Z,sahara-ai,sahara,Sahara AI,575.0,0.00986318,41798446,11070290.0,0.00994613,0.00958534,0.160529,0.00713196,4237812500.0
2026-09-26T16:00:00Z,band-protocol,band,Band,576.0,0.22844,41766420,1565128.0,0.230221,0.219728,22.83,0.136837,182810603.68957698
2026-09-26T16:00:00Z,frankencoin,zchf,Frankencoin,578.0,1.21,41306560,59451.0,1.21,1.21,1.33,0.981646,34144540.53969373
2026-09-26T16:00:00Z,synapse-2,syn,Synapse,577.0,0.188621,41295363,14045114.0,0.193794,0.185479,4.92,0.02732577,219066529.0
2026-09-26T16:00:00Z,g-token,g,Gravity (by Galxe),579.0,0.00570489,41264853,12379240.0,0.00585451,0.00567777,0.091691,0.00255602,7232700000.0
2026-09-26T16:00:00Z,straitsx-xusd,xusd,StraitsX XUSD,580.0,1.0,41194409,1887001.0,1.0,1.0,1.77,0.936389,41182309.341
2026-09-26T16:00:00Z,stader-sftmx,sftmx,BeethovenX sFTMX,581.0,2.08,41139874,15.25,2.08,2.08,2.14,0.01248839,19822579.0
2026-09-26T16:00:00Z,ravencoin,rvn,Ravencoin,582.0,0.00249103,41048060,2831003.0,0.00251147,0.00238764,0.285218,0.00200494,16478063535.61267
2026-09-26T16:00:00Z,iota-2,sn9,iota,586.0,8.25,41004316,102474.0,8.3,7.47,20.55,0.0438543,4968116.834171908
2026-09-26T16:00:00Z,asset,asset,REAL,583.0,0.232799,40990508,363314.0,0.236156,0.22191,0.30002,0.04304602,176037429.0
2026-09-26T16:00:00Z,power-ledger,powr,Powerledger,585.0,0.071971,40908358,2626708.0,0.0725,0.069891,1.89,0.03262537,568401106.1092739
2026-09-26T16:00:00Z,apex-token-2,apex,APEX,584.0,0.263913,40901001,1331608.0,0.268752,0.25332,3.83,0.110496,155107142.0
2026-09-26T16:00:00Z,giggle-fund,giggle,Giggle Fund,587.0,40.82,40835292,6119851.0,41.13,39.77,274.54,8.64,1000000.0
2026-09-26T16:00:00Z,zora,zora,Zora,588.0,0.00903427,40403201,11920201.0,0.00910781,0.00881054,0.145579,0.00467362,4469999998.0
2026-09-26T16:00:00Z,pay-coin,pci,Paycoin,589.0,0.03943596,40326285,550595.0,0.03980782,0.03885251,4.22,0.01816581,1022576439.0
2026-09-26T16:00:00Z,neiro-3,neiro,Neiro,590.0,9.547e-05,40160521,6746829.0,9.582e-05,9.19e-05,0.00301761,2.44e-06,420690000000.0
2026-09-26T16:00:00Z,degen-base,degen,Degen,592.0,0.00110564,39910164,3198200.0,0.00109963,0.00105591,0.064543,2.255e-05,36098814149.32535
2026-09-26T16:00:00Z,subsquid,sqd,SQD,591.0,0.03051255,39888366,833434.0,0.03110367,0.03004318,0.284777,0.0228513,1307028356.2086043
2026-09-26T16:00:00Z,apriori,apr,Capricorn,593.0,0.143386,39836273,1505111.0,0.154631,0.143572,0.73956,0.064576,277812500.0
2026-09-26T16:00:00Z,uma,uma,UMA,594.0,0.429062,39729246,3909536.0,0.439547,0.403109,41.56,0.303625,92593779.01371078
2026-09-26T16:00:00Z,renzo,rez,Renzo,595.0,0.00438444,39669266,20123337.0,0.00462891,0.00413937,0.278213,0.00230249,9037382721.949331
2026-09-26T16:00:00Z,micron-technology-bstock,mub,Micron Technology (bStocks Tokenized Stock),596.0,1085.2,39618860,3356660.0,1086.69,1078.21,1254.44,707.16,36508.57435040999
2026-09-26T16:00:00Z,ocean-protocol,ocean,Ocean Protocol,598.0,0.164132,39566073,57848.0,0.166494,0.163018,1.93,0.01284832,241063576.4339991
2026-09-26T16:00:00Z,xpin-network,xpin,XPIN Network,597.0,0.00093884,39550078,898032.0,0.00096024,0.00091018,0.00999923,0.00052098,42146158416.0
2026-09-26T16:00:00Z,gemini-dollar,gusd,Gemini Dollar,599.0,0.999314,39279448,332217.0,1.0,0.998812,8.6,0.415495,39308362.73
2026-09-26T16:00:00Z,xphere,xp,Xphere,600.0,0.01306979,39104064,267075.0,0.01316985,0.01253184,0.080598,0.00298093,2995234490.492414
2026-09-26T16:00:00Z,aleo,aleo,ALEO,601.0,0.02696117,39025110,4072532.0,0.0309619,0.02431141,6.72,0.01502445,1447307670.751038
2026-09-26T16:00:00Z,noon-usn,usn,Noon USN,602.0,0.999399,38903428,3.2,0.999485,0.99934,1.12,0.832387,38926807.0322926
2026-09-26T16:00:00Z,sign-global,sign,Sign,603.0,0.01368336,38894751,3260460.0,0.01367368,0.01322664,0.13111,0.00621959,2843333332.0
2026-09-26T16:00:00Z,sentismai,sentis,SentismAI,604.0,0.198237,38855149,1641365.0,0.202938,0.185913,0.50947,0.0270914,196000000.0
2026-09-26T16:00:00Z,tcy,tcy,THORChain Yield,605.0,0.208687,38704030,84927.0,0.211834,0.181013,0.342106,0.061442,185618432.0
2026-09-26T16:00:00Z,terra-luna-2,luna,Terra,606.0,0.054397,38629970,5441742.0,0.054945,0.053084,18.87,0.03933864,709984438.91686
2026-09-26T16:00:00Z,nkyc-token,nkyc,NKYC Token,607.0,9.63,38545079,372180.0,9.73,9.49,35.51,4.28,4000000.0
2026-09-26T16:00:00Z,snowbank,sb,Snowbank,609.0,241.35,38514483,11.14,243.49,227.26,8356.8,135.78,159640.027327531
2026-09-26T16:00:00Z,audiera,beat,Audiera,608.0,0.112649,38491733,8408179.0,0.115559,0.091164,11.23,0.067925,341766666.0
2026-09-26T16:00:00Z,jackpotter,$jpt,Jackpotter,610.0,0.03843074,38403966,61205.0,0.03960696,0.03804101,0.04122101,0.03439049,999299585.0
2026-09-26T16:00:00Z,nvidia-ondo-tokenized-stock,nvdaon,NVIDIA (Ondo Tokenized Stock),611.0,224.71,38131214,1526809.0,225.86,224.13,241.27,163.15,169689.7628686227
2026-09-26T16:00:00Z,nasdaq-xstock,qqqx,Nasdaq xStock,613.0,746.87,38105481,547836.0,748.2,743.78,2014.76,543.74,51024.02406831336
2026-09-26T16:00:00Z,steem,steem,Steem,612.0,0.068164,38102862,21719503.0,0.070995,0.063643,8.19,0.03415218,559022519.953
2026-09-26T16:00:00Z,main-street-yield,msy,Main Street Yield,614.0,0.591748,37950455,6228.41,0.601928,0.584864,1.04,0.097018,64132771.38672196
2026-09-26T16:00:00Z,b3,b3,B3 (Base),615.0,0.00081366,37779487,9162210.0,0.00086537,0.00079967,0.01828807,0.00025289,46431583333.0
2026-09-26T16:00:00Z,eurite,euri,Eurite,616.0,1.14,37709843,1131143.0,1.14,1.14,1.22,1.008,33139851.48990108
2026-09-26T16:00:00Z,yfsx,yfsx,YFSX,617.0,1885.32,37702054,26924.0,1965.69,1879.14,2282.29,527.02,19999.0
2026-09-26T16:00:00Z,mango-markets,mngo,Mango,618.0,0.03369379,37651698,819.01,0.03389754,0.0335726,0.498845,0.00147576,1117466989.0
2026-09-26T16:00:00Z,hermez-network-token,hez,Hermez Network,619.0,3.4,37609157,2406.97,3.4,3.37,10.3,0.883591,11065762.52483268
2026-09-26T16:00:00Z,sai,sai,Sai,620.0,14.14,37525071,199.61,14.19,14.08,25.84,0.92687,2653434.786184825
2026-09-26T16:00:00Z,lista,lista,Lista DAO,622.0,0.086838,37365435,1455926.0,0.088058,0.083993,0.842842,0.04363388,430043902.1524549
2026-09-26T16:00:00Z,osk,osk,OSK,621.0,35.28,37349562,11.32,36.0,35.28,987.82,2.44,1058671.4576597204
2026-09-26T16:00:00Z,orbs,orbs,Orbs,623.0,0.0074598,37299017,1336807.0,0.00755475,0.00738861,0.360443,0.00469039,4999999023.017301
2026-09-26T16:00:00Z,latam-residential-sstl,pc0000089,Tradable LatAm Residential SSTL,,1.0,37000012,0.0,0.0,0.0,1.0,1.0,37000012.390813
2026-09-26T16:00:00Z,clearpool,cpool,Clearpool,624.0,0.03678118,36781342,23915144.0,0.04124797,0.03298435,2.55,0.01597413,1000000000.0
2026-09-26T16:00:00Z,pathusd,pathusd,pathUSD,625.0,0.999827,36719831,5930.97,1.042,0.983892,1.072,0.824386,36716795.095041
2026-09-26T16:00:00Z,alphabet-xstock,googlx,Alphabet xStock,626.0,344.23,36629616,2092546.0,345.6,343.67,408.3,169.43,106407.90367911468
2026-09-26T16:00:00Z,opcode,opcode,Opcode,,0.03659509,36595094,67.96,0.0,0.0,0.04587377,0.03579034,1000000000.0
2026-09-26T16:00:00Z,nova-3,sn68,NOVA,629.0,7.01,36390675,205490.0,7.05,6.28,14.03,0.0346842,5194838.08083756
2026-09-26T16:00:00Z,euler,eul,Euler,628.0,1.51,36390466,3805274.0,1.53,1.42,15.81,0.719702,24027225.23484756
2026-09-26T16:00:00Z,coredaoorg,core,Core,627.0,0.02428923,36377588,3890522.0,0.024719,0.02315983,6.14,0.01672332,1498648539.219678
2026-09-26T16:00:00Z,liquity-bold-2,bold,BOLD,630.0,0.996037,36188546,1001624.0,0.997654,0.995856,1.013,0.982941,36332558.78391619
2026-09-26T16:00:00Z,changenow,now,ChangeNOW,631.0,0.431999,36085400,2467.56,0.435006,0.429945,0.722212,0.00019912,83531160.66538163
2026-09-26T16:00:00Z,electroneum,etn,Electroneum,632.0,0.00200306,36015249,785583.0,0.00241339,0.00152596,0.207854,0.0007013,17979817604.56
2026-09-26T16:00:00Z,vana,vana,Vana,633.0,1.17,35998870,1292663.0,1.17,1.14,35.23,0.816145,30800000.0
2026-09-26T16:00:00Z,ston-2,ston,STON,634.0,0.510528,35968081,8136.61,0.502535,0.488414,32.82,0.153693,70461832.59726398
2026-09-26T16:00:00Z,wiki-cat,wkc,Wiki Cat,635.0,6.7295e-08,35897183,209638.0,6.9185e-08,6.3087e-08,0.065048,5.6845e-11,534455842481437.25
2026-09-26T16:00:00Z,iostoken,iost,IOST,636.0,0.00099363,35795336,7942920.0,0.00098798,0.00094855,0.129829,0.00052573,36037355666.0
2026-09-26T16:00:00Z,bitdca,bdca,BitDCA,637.0,0.433016,35766066,145611.0,0.443438,0.420459,1.18,0.364545,82562061.19705987
2026-09-26T16:00:00Z,matrix-6,mtx,Matrix,638.0,35.6,35603779,6420.99,35.98,35.63,45.92,23.72,1000000.0
2026-09-26T16:00:00Z,lido-earnusd,earnusd,Lido EarnUSD,640.0,1.033,35553749,0.0,1.033,1.033,4.65,0.981191,34425417.93892338
2026-09-26T16:00:00Z,momentum-3,mmt,Momentum,639.0,0.174078,35549851,2487443.0,0.174762,0.169466,4.03,0.099513,204095424.0
2026-09-26T16:00:00Z,apro,at,Apro,641.0,0.153809,35374916,1614993.0,0.158791,0.149995,0.85936,0.079496,230000000.0
2026-09-26T16:00:00Z,bancor,bnt,Bancor Network,642.0,0.354556,35278053,1811562.0,0.355292,0.344654,10.72,0.120935,99496744.65787666
2026-09-26T16:00:00Z,flock-2,flock,FLOCK,643.0,0.073153,35180708,29411573.0,0.07736,0.072251,0.667394,0.02711317,480864963.8739157
2026-09-26T16:00:00Z,somnia,somi,Somnia,644.0,0.218819,35056030,2524386.0,0.219818,0.200969,1.84,0.081969,160200000.0
2026-09-26T16:00:00Z,aegis-yusd,yusd,Aegis YUSD,646.0,0.999534,34931873,126.45,0.999673,0.999503,1.17,0.87025,34948156.84619845
2026-09-26T16:00:00Z,emerald-security-token,emrl.d,Emerald Security Token,,1.39,34840082,5283.51,0.0,0.0,2.03,1.072,25000000.0
2026-09-26T16:00:00Z,definitive,edge,Definitive,645.0,0.131479,34806070,42386775.0,0.142624,0.097084,0.863815,0.02743045,264496548.02793217
2026-09-26T16:00:00Z,catwifhat-2,$cwif,catwifhat,647.0,3.4647e-08,34645055,1229.3,3.4744e-08,2.9254e-08,2.24e-06,6.665e-09,999920080742175.2
2026-09-26T16:00:00Z,hastra-auto,auto,Hastra AUTO,648.0,1.02,34620230,1196892.0,1.02,1.02,1.02,1.006,33937141.996515
2026-09-26T16:00:00Z,playnance,gcoin,Playnance,649.0,0.0013818,34588813,253651.0,0.00139904,0.00137652,0.00299881,0.00010448,25026000000.0
2026-09-26T16:00:00Z,gm-3,sn28,gm,653.0,7.47,34581653,750818.0,7.51,6.76,8.05,1.91,4630000.0
2026-09-26T16:00:00Z,teller,debit,Teller,650.0,2.01,34574097,28578508.0,2.1,1.94,4.3,1.096,17220000.0
2026-09-26T16:00:00Z,iotex,iotx,IoTeX,651.0,0.00366126,34566865,1715629.0,0.00367785,0.00352835,0.255593,0.00121576,9441368550.0
2026-09-26T16:00:00Z,hakimi,哈基米,哈基米 (Hajimi),652.0,0.0344893,34551731,816357.0,0.03518405,0.03297166,0.088229,0.00446042,1000000000.0
2026-09-26T16:00:00Z,elexium,ex,Elexium,,3.86,34514430,2928.19,0.0,0.0,4.27,0.00559098,8950000.0
2026-09-26T16:00:00Z,manta-network,manta,Manta Network,654.0,0.071486,34458141,1916630.0,0.071669,0.070065,4.05,0.054182,482016891.6477506
2026-09-26T16:00:00Z,binance-usd,busd,BUSD,655.0,0.999117,34385512,1062.68,1.013,0.986404,2.58,0.112189,34415903.50594552
2026-09-26T16:00:00Z,palladium-network,plldv3,Palladium Network,656.0,0.652681,34349523,31613.0,0.65958,0.650316,5.83,0.221161,52628316.204
2026-09-26T16:00:00Z,fins,fins,FINS,,0.04066664,34347046,42645.0,0.0,0.0,0.080564,8.96e-06,844600000.0
2026-09-26T16:00:00Z,rhea-2,rhea,RHEA,657.0,0.083624,34237724,2656764.0,0.095388,0.078408,0.113297,0.00867512,409401553.67060465
2026-09-26T16:00:00Z,illuvium,ilv,Illuvium,658.0,4.13,34218050,3903301.0,4.18,3.83,1911.26,2.69,8286065.825493773
2026-09-26T16:00:00Z,invesco-qqq-etf-ondo-tokenized-etf,qqqon,Invesco QQQ ETF (Ondo Tokenized ETF),661.0,747.93,34156972,1710019.0,750.18,744.68,752.04,556.7,45666.04596927338
2026-09-26T16:00:00Z,irys,irys,Irys,660.0,0.01707646,34153466,1591721.0,0.01734809,0.01685535,0.086008,0.01209407,2000000000.0
2026-09-26T16:00:00Z,basedhype,basedhype,BasedHype,,0.0034132,34132034,57.65,0.0,0.0,0.01997093,0.00300027,10000000000.0
2026-09-26T16:00:00Z,safecoin,safe,SAFEbit,662.0,0.04784149,34084871,1670.54,0.059864,0.04784035,0.503782,0.04176784,712454166.6666667
2026-09-26T16:00:00Z,mbg-by-multibank-group,mbg,MBG By Multibank Group,664.0,0.103397,34066312,6273699.0,0.104177,0.102403,2.56,0.10187,329210957.7498658
2026-09-26T16:00:00Z,hashkey-ecopoints,hsk,HashKey Platform Token,663.0,0.098732,34059294,148987.0,0.099692,0.097985,2.56,0.068543,344960009.0
2026-09-26T16:00:00Z,harmony,one,Harmony,659.0,0.00229043,34028319,23377391.0,0.00261277,0.00218118,0.37902,0.00057353,14870211425.762915
2026-09-26T16:00:00Z,tornado-cash,torn,Tornado Cash,665.0,7.08,33940446,796111.0,7.14,6.75,436.16,1.29,4793873.2704425985
2026-09-26T16:00:00Z,jett-crypto-2,jett,JETT CRYPTO,666.0,0.676861,33843024,14282.25,0.687401,0.67307,0.687401,0.394817,50000000.0
2026-09-26T16:00:00Z,monerium-eur-money-2,eure,Monerium EUR emoney,667.0,1.14,33809109,272072.0,1.14,1.13,1.22,0.964202,29625370.63688816
2026-09-26T16:00:00Z,terrausd,ustc,TerraClassicUSD,668.0,0.00606235,33776100,1365897.0,0.00608541,0.00592777,1.092,0.00406362,5572265025.00396
2026-09-26T16:00:00Z,billions-network,bill,Billions Network,669.0,0.01386741,33674803,4314489.0,0.01341938,0.01283015,0.233475,0.01198695,2428000000.0
2026-09-26T16:00:00Z,would,would,would,670.0,0.03368723,33669605,8294.72,0.03471205,0.03358457,0.701724,0.00142393,999452258.319532
2026-09-26T16:00:00Z,cargox,cxo,CargoX,671.0,0.156385,33641338,11805.67,0.158138,0.155057,0.523279,3.988e-05,215119016.0
2026-09-26T16:00:00Z,propy,pro,Propy,672.0,0.335861,33589309,241874.0,0.351022,0.335763,5.15,0.0303544,100000000.0
2026-09-26T16:00:00Z,moolah,moolah,Moolah,673.0,0.03355467,33550721,755170.0,0.03842449,0.03190202,0.04689946,0.001676,1000000000.0
2026-09-26T16:00:00Z,steakhouse-confidential-prime-usdc,steakcusdc,Steakhouse Confidential Prime USDC,674.0,1.023,33478226,0.0,1.023,1.022,1.036,1.002,32735572.06992087
2026-09-26T16:00:00Z,bora,bora,BORA,675.0,0.02901502,33447069,592942.0,0.02977835,0.02826372,1.61,0.00482732,1152750000.0
2026-09-26T16:00:00Z,kgen,kgen,KGeN,676.0,0.168049,33386477,1129925.0,0.170353,0.163483,0.649874,0.133786,198677778.0
2026-09-26T16:00:00Z,blast,blast,Blast,677.0,0.00047646,33386255,5269470.0,0.00050048,0.00047123,0.02917956,0.0002254,70095950706.1295
2026-09-26T16:00:00Z,nvidia-bstocks,nvdab,NVIDIA (bStocks Tokenized Stock),678.0,224.6,33318212,4213784.0,225.34,223.73,234.52,188.76,148340.53219345
2026-09-26T16:00:00Z,dogelon-mars,elon,Dogelon Mars,682.0,3.3264e-08,33265652,2508867.0,3.3489e-08,3.306e-08,2.59e-06,1.7563e-08,1000000000000000.0
2026-09-26T16:00:00Z,zerebro,zerebro,Zerebro,679.0,0.03322898,33222142,3348379.0,0.03385862,0.03286602,0.784071,0.00580864,999947976.951146
2026-09-26T16:00:00Z,fogo,fogo,Fogo,680.0,0.00635313,33218054,2247910.0,0.00653739,0.00637463,0.062549,0.00580025,5225816806.521918
2026-09-26T16:00:00Z,staked-frax-usd,sfrxusd,Frax Staked frxUSD,681.0,1.21,33197323,369169.0,1.21,1.21,1.29,1.056,27381595.995175496
2026-09-26T16:00:00Z,hive_dollar,hbd,Hive Dollar,683.0,1.005,33156998,301.81,1.008,0.992152,3.97,0.424305,33005934.061
2026-09-26T16:00:00Z,ai-companions,aic,AI Companions,684.0,0.03314532,33144840,184803.0,0.03445635,0.02968268,0.580508,0.00785984,1000000000.0
2026-09-26T16:00:00Z,metal,mtl,Metal DAO,685.0,0.354499,33109330,1972043.0,0.364407,0.344929,17.03,0.117252,93397746.0
2026-09-26T16:00:00Z,hive,hive,Hive,686.0,0.060092,33059506,7043181.0,0.061826,0.056803,3.41,0.03739498,550140465.0
2026-09-26T16:00:00Z,ethereum-pow-iou,ethw,EthereumPoW,687.0,0.305883,32977460,924787.0,0.317137,0.298988,58.54,0.209318,107818717.0
2026-09-26T16:00:00Z,apex-4,ap3x,APEX,688.0,0.01830978,32806725,4967.6,0.02008418,0.01813241,0.251385,0.01354835,1791761866.0
2026-09-26T16:00:00Z,pundi-x-2,pundix,Pundi X,689.0,0.126173,32600461,1277458.0,0.126628,0.121716,10.07,0.071981,258386541.0999244
2026-09-26T16:00:00Z,sanctum-2,cloud,Cloud,690.0,0.062593,32518901,631987.0,0.063139,0.050414,0.625172,0.01277256,519526641.0
2026-09-26T16:00:00Z,mass-vehicle-ledger,mvl,MVL,691.0,0.00116563,32407933,100092.0,0.00116549,0.00112824,0.06973,0.0001466,27802958863.1
2026-09-26T16:00:00Z,storx,srx,StorX,692.0,0.053214,32332347,663408.0,0.053592,0.053074,4.69,0.00852373,607720278.490254
2026-09-26T16:00:00Z,opengradient,opg,OpenGradient,693.0,0.139839,32215843,18518821.0,0.14757,0.127896,0.481611,0.082013,229968750.0
2026-09-26T16:00:00Z,iexec-rlc,rlc,iExec RLC,694.0,0.369649,32191187,8936681.0,0.379234,0.339338,15.51,0.153815,86999784.9868455
2026-09-26T16:00:00Z,ustbl-tokenized-u-s-treasury-bill,ustbl,USTBL,695.0,1.063,32037012,17798.52,1.068,1.062,1.074,0.04220509,30125040.401756
2026-09-26T16:00:00Z,ardor,ardr,Ardor,696.0,0.03200008,31984732,2050272.0,0.03350811,0.02943792,2.04,0.008745,998466231.0
2026-09-26T16:00:00Z,mantra,mantra,MANTRA,697.0,0.00488893,31888970,2883550.0,0.00492342,0.00467714,0.0262739,0.0038015,6523459118.3639145
2026-09-26T16:00:00Z,croatian-ff-fan-token,vatreni,Croatian Football Federation Token,701.0,1.74,31786772,3819.39,1.76,1.7,2.63,0.050045,18249999.441835824
2026-09-26T16:00:00Z,xtcom-token,xt,XT.com,698.0,5.26,31784782,6244262.0,5.27,5.22,20.21,0.00900591,6045803.0
2026-09-26T16:00:00Z,across-protocol,acx,Across Protocol,700.0,0.04492318,31691387,93649.0,0.04515781,0.04265194,1.69,0.03124001,704657633.0
2026-09-26T16:00:00Z,anoma,xan,Anoma,699.0,0.01266861,31670118,1564993.0,0.012898,0.01190052,0.272752,0.00597404,2500000000.0
2026-09-26T16:00:00Z,civic,cvc,Civic,703.0,0.03147303,31474778,10084741.0,0.03251381,0.030141,1.35,0.01102541,1000000000.0
2026-09-26T16:00:00Z,midas-mhyper,mhyper,Midas mHYPER,704.0,1.13,31458286,0.0,1.13,1.13,1.13,1.024,27879353.60084418
2026-09-26T16:00:00Z,spiko-digital-assets-cash-carry-fund-euro-share-class,eurspkcc,Spiko Digital Assets Cash & Carry Fund - Euro Share Class,705.0,1.14,31443383,0.0,1.14,1.14,1.2,1.14,27600421.34969
2026-09-26T16:00:00Z,chump-coin,chump,Chump Coin,702.0,0.03130146,31336973,1979725.0,0.03366787,0.03077217,0.057391,0.0109037,1000000000.0
2026-09-26T16:00:00Z,wax,waxp,WAX,706.0,0.00665924,31244772,38498149.0,0.0072923,0.0060608,2.77,0.00348021,4687873827.47352
2026-09-26T16:00:00Z,zelcash,flux,Flux,707.0,0.074218,31186184,3612214.0,0.074489,0.068661,3.33,0.01640374,420185414.4991484
2026-09-26T16:00:00Z,ao-computer,ao,ao Computer,708.0,5.09,31170015,165615.0,5.11,4.97,50.01,1.65,6129093.0
2026-09-26T16:00:00Z,spacecoin-2,space,Spacecoin,709.0,0.00517115,31123399,843748.0,0.00526149,0.00503061,0.02603115,0.00412539,6018690984.171536
2026-09-26T16:00:00Z,swftcoin,swftc,SWFTCOIN,711.0,0.00310759,31079412,608061.0,0.00316645,0.00293504,0.04665833,0.00046438,10000000000.0
2026-09-26T16:00:00Z,hims-hers-health-ondo-tokenized-stock,himson,Hims & Hers Health (Ondo Tokenized Stock),710.0,29.46,31077472,1501396.0,29.62,29.06,64.06,14.04,1055089.834171011
2026-09-26T16:00:00Z,chia,xch,Chia,712.0,1.63,31075100,510709.0,1.66,1.6,1645.12,1.14,19017977.0
2026-09-26T16:00:00Z,kyber-network-crystal,knc,Kyber Network Crystal,713.0,0.14809,30985927,1667344.0,0.148362,0.143912,5.7,0.098455,209237129.89192635
2026-09-26T16:00:00Z,tensor,tnsr,Tensor,714.0,0.04163805,30951935,31337129.0,0.04525639,0.03815961,2.23,0.02732873,743088205.2624216
2026-09-26T16:00:00Z,nirvana-ana-2,ana,Nirvana ANA,,3.79,30899911,4.68,0.0,0.0,5.25,3.79,8146016.851278
2026-09-26T16:00:00Z,osmosis,osmo,Osmosis,715.0,0.03911483,30891414,2467217.0,0.03857118,0.03729837,11.25,0.02634291,789906232.125907
2026-09-26T16:00:00Z,waves,waves,Waves,716.0,0.307988,30796874,3589907.0,0.312936,0.299644,61.3,0.130878,100000000.0
2026-09-26T16:00:00Z,brla-digital-brla,brla,BRLA Digital BRLA,717.0,0.192979,30783317,88520.0,0.192999,0.191179,0.204622,0.075673,159516590.6003506
2026-09-26T16:00:00Z,universal-usd,usdu,Universal USD,,1.0,30770078,3296.01,0.0,0.0,1.002,0.997806,30759928.73
2026-09-26T16:00:00Z,openledger-2,open,OpenLedger,718.0,0.142716,30747913,6786798.0,0.143091,0.135609,1.82,0.113646,215500000.0
2026-09-26T16:00:00Z,utya,utya,Utya,719.0,0.03067118,30670474,433803.0,0.03038965,0.02802686,0.062606,0.0002191,1000000000.0
2026-09-26T16:00:00Z,microstrategy-ondo-tokenized-stock,mstron,MicroStrategy (Ondo Tokenized Stock),720.0,159.64,30421621,1460402.0,159.98,157.84,362.7,80.57,190493.6052922535
2026-09-26T16:00:00Z,token-pocket,tpt,TokenPocket Token,721.0,0.00946899,30143218,47005.0,0.01028639,0.00944943,0.14558,0.00012901,3183201665.4257
2026-09-26T16:00:00Z,mezo-usd,musd,Mezo USD,722.0,0.989557,30092197,39521.0,0.990598,0.989518,1.16,0.906401,30409770.61332324
2026-09-26T16:00:00Z,a-meme-coin,amc,A Meme Coin,723.0,0.03000453,30009108,4207704.0,0.03151233,0.0278202,0.150932,8.571e-05,1000000000.0
2026-09-26T16:00:00Z,peoples-reserve-network,prn,Peoples Reserve,724.0,0.04362838,29611890,679.42,0.04362941,0.04260718,18.91,0.04260718,678730084.5681863
2026-09-26T16:00:00Z,cea-industries-bstocks-tokenized-stock,bncb,CEA Industries (bStocks Tokenized Stock),725.0,6.14,29550733,7576955.0,6.18,6.09,7.12,4.7,4815517.196999799
2026-09-26T16:00:00Z,abey,abey,Abey,726.0,0.02786426,29323150,13965.96,0.0276953,0.02506414,1.31,0.00907321,1052357159.369946
2026-09-26T16:00:00Z,auction,auction,Bounce,728.0,3.94,29306776,5232719.0,3.94,3.84,70.44,2.71,7440409.148028981
2026-09-26T16:00:00Z,zerobase,zbt,ZEROBASE,727.0,0.090743,29297142,2140540.0,0.091844,0.088401,1.025,0.058269,322916660.0
2026-09-26T16:00:00Z,czs-dog,broccoli,CZ's Dog,729.0,0.03012117,29106407,8229838.0,0.03103204,0.02813671,0.257985,0.01024022,966268763.3283112
2026-09-26T16:00:00Z,frax-share,frax,Frax (prev. FXS),730.0,0.309758,29000726,374740.0,0.309544,0.301293,42.8,0.22415,93615276.99372382
2026-09-26T16:00:00Z,carv,carv,CARV,731.0,0.04368626,28949975,1129838.0,0.04387463,0.04300273,1.36,0.02601072,662877916.0
2026-09-26T16:00:00Z,dmt-nat,nat,DMT-NAT,732.0,7.4561e-08,28939886,79629.0,7.7269e-08,7.2544e-08,3.92581e-07,2.672e-08,388133597130973.0
2026-09-26T16:00:00Z,skale,skl,SKALE,735.0,0.00473725,28855692,5150234.0,0.00473712,0.00453399,1.22,0.00325413,6094019337.0
2026-09-26T16:00:00Z,cartesi,ctsi,Cartesi,734.0,0.03044908,28852579,2660069.0,0.03048844,0.02947469,1.74,0.02037767,947570731.7900137
2026-09-26T16:00:00Z,coindepo,coindepo,COINDEPO,735.0,0.105233,28851358,1539773.0,0.105246,0.104854,0.127854,0.064137,273938519.8965161
2026-09-26T16:00:00Z,chainflip,flip,Chainflip,736.0,0.324531,28774656,137693.0,0.336698,0.324906,9.48,0.190927,88651925.45178293
2026-09-26T16:00:00Z,velvet,velvet,Velvet,737.0,0.061949,28723884,3135580.0,0.061975,0.058464,2.08,0.04131603,463818381.8645696
2026-09-26T16:00:00Z,ishares-bitcoin-trust-ondo-tokenized,ibiton,iShares Bitcoin Trust (Ondo Tokenized),738.0,47.89,28722323,2238.89,52.62,47.35,52.62,32.63,599675.4441194494
2026-09-26T16:00:00Z,swarm-network,truth,Swarm Network,739.0,0.01376261,28699444,892317.0,0.01388719,0.01349225,0.050079,0.00843804,2085305300.0
2026-09-26T16:00:00Z,monerium-eur-money,eure,Monerium EUR emoney [OLD],740.0,1.14,28682212,162055.0,1.14,1.14,1.21,0.951958,25141938.46182539
2026-09-26T16:00:00Z,paradex,dime,Paradex,741.0,0.04280217,28611609,30376.0,0.04812241,0.04290329,0.07219,0.00759918,668461665.0288001
2026-09-26T16:00:00Z,okzoo,aiot,OKZOO,742.0,0.054349,28547394,612274.0,0.055042,0.051731,2.0,0.00908842,525249999.0
2026-09-26T16:00:00Z,gensyn,ai,Gensyn,743.0,0.02187894,28542534,3933325.0,0.02220142,0.02124471,0.107308,0.01789964,1304675313.0
2026-09-26T16:00:00Z,usual,usual,Usual,744.0,0.01471104,28497244,2112912.0,0.0148238,0.01425988,1.61,0.00753418,1936533305.15734
2026-09-26T16:00:00Z,gradients,sn56,Gradients,745.0,5.42,28472700,2432937.0,5.45,4.75,39.41,0.04098866,5256803.479324762
2026-09-26T16:00:00Z,cysic,cys,Cysic,746.0,0.175651,28372133,4287882.0,0.186932,0.176944,1.78,0.120342,160800000.0
2026-09-26T16:00:00Z,home,home,HOME,747.0,0.00652895,28303200,7302498.0,0.00662176,0.00638394,0.074757,0.00493743,4334963874.04
2026-09-26T16:00:00Z,dolphin-2,pod,Dolphin,748.0,0.338969,28155975,988396.0,0.344211,0.319102,0.610222,7.232e-05,83055833.60426581
2026-09-26T16:00:00Z,cetus-protocol,cetus,Cetus Protocol,749.0,0.02917332,28151261,5158407.0,0.03064966,0.028674,0.487663,0.0142984,965217391.0
2026-09-26T16:00:00Z,deapcoin,dep,DEAPCOIN,750.0,0.00094073,28110115,92660.0,0.00096425,0.00092737,0.07894,0.00068582,29852898535.328953
2026-09-26T16:00:00Z,metamask-usd,musd,MetaMask USD,751.0,0.999804,28057217,5085591.0,0.999978,0.999735,107.24,0.961764,28062721.931969
2026-09-26T16:00:00Z,kiichain,kii,KiiChain,752.0,0.079653,27964645,59230160.0,0.079791,0.078423,0.097742,0.0100388,351057863.481737
2026-09-26T16:00:00Z,paxos-standard,usdp,Pax Dollar,753.0,0.9951,27946406,1465566.0,1.0,0.994087,1.18,0.863529,28084308.410694428
2026-09-26T16:00:00Z,stepn,gmt,GMT,754.0,0.00895359,27843980,4142745.0,0.00897923,0.00872669,4.11,0.00582624,3111400155.0
2026-09-26T16:00:00Z,geode-chain,geode,Geode Chain,,0.00236824,27824040,476.42,0.0,0.0,0.00349236,0.00041003,11748809321.80439
2026-09-26T16:00:00Z,ergo,erg,Ergo,755.0,0.332708,27762409,84203.0,0.34025,0.331197,18.72,0.094191,83443488.0
2026-09-26T16:00:00Z,hippius,sn75,Hippius,756.0,5.66,27701412,1708216.0,5.75,5.09,9.85,0.119506,4894541.510837181
2026-09-26T16:00:00Z,metis-token,metis,Metis,757.0,3.47,27537874,2018593.0,3.48,3.32,323.54,2.25,7928533.442
2026-09-26T16:00:00Z,everything,ev,Everything,758.0,0.00027586,27535720,31351.0,0.00027707,0.00027091,0.00175131,7.665e-05,99852334833.3362
2026-09-26T16:00:00Z,sats-ordinals,sats,SATS (Ordinals),759.0,1.3016e-08,27324627,2377838.0,1.268e-08,1.1926e-08,9.22983e-07,3.189e-09,2100000000000000.0
2026-09-26T16:00:00Z,metaplex,mplx,Metaplex,760.0,0.057741,27187556,8536469.0,0.068545,0.050977,0.896784,0.01768676,471408488.0
2026-09-26T16:00:00Z,arcblock,abt,Arcblock,761.0,0.275722,27180638,286632.0,0.303772,0.267897,4.69,0.04949826,98580000.0
2026-09-26T16:00:00Z,the-index,index,The Index,762.0,0.02761561,27095997,1351194.0,0.03028481,0.02762304,0.074436,0.00434082,980534148.0612444
2026-09-26T16:00:00Z,sandisk-bstocks-tokenized-stock,sndkb,SanDisk (bStocks Tokenized Stock),763.0,1771.71,27074734,6339003.0,1786.23,1761.23,2369.74,972.72,15281.78313326999
2026-09-26T16:00:00Z,uquid-coin,uqc,Uquid Coin,764.0,2.7,27037054,36140.0,2.71,2.7,41.38,0.02606502,10000000.0
2026-09-26T16:00:00Z,binaryx,bnx,BinaryX [OLD],765.0,41.6,27033127,22.95,43.2,41.16,225.4,0.460276,649868.7157242402
2026-09-26T16:00:00Z,codatta,xny,Codatta,766.0,0.00740487,26929155,711966.0,0.00759786,0.00722412,0.02844115,0.00218802,3635833333.333333
2026-09-26T16:00:00Z,hunter-biden-s-laptop-3,laptop,Hunter Biden's Laptop,767.0,0.076407,26928788,2422534.0,0.076697,0.073164,199.51,0.065317,352500000.0
2026-09-26T16:00:00Z,lorenzo-protocol,bank,Lorenzo Protocol,768.0,0.03457066,26827092,73443438.0,0.03493701,0.03414976,0.550938,0.02233607,775979167.000438
2026-09-26T16:00:00Z,openeden,eden,OpenEden,769.0,0.063059,26810940,2237560.0,0.063803,0.0609,1.31,0.02581362,425182782.6148177
2026-09-26T16:00:00Z,stratis,strax,Xertra,770.0,0.01205038,26656074,1689653.0,0.01215988,0.01164602,22.77,0.00790744,2210696235.5145383
2026-09-26T16:00:00Z,vin-2,vin,VulgarTycoon,771.0,1.6,26639076,75106.0,1.62,1.59,1.66,0.333705,16624000.0
2026-09-26T16:00:00Z,tokenised-gbp,tgbp,Tokenised GBP,772.0,1.32,26634451,16410.17,1.32,1.32,1.86,1.3,20107363.08
2026-09-26T16:00:00Z,bitcast,sn93,Bitcast,773.0,6.48,26597478,774027.0,6.59,5.89,11.5,0.03002997,4107402.181439768
2026-09-26T16:00:00Z,nyc-token,nyc,NYC,774.0,0.088428,26528387,109.36,0.088435,0.084642,0.142001,0.084533,299999783.8047559
2026-09-26T16:00:00Z,airtor-protocol,anyone,ANyONe Protocol,775.0,0.277333,26420811,385502.0,0.292902,0.275676,3.97,0.04911544,95349965.5404165
2026-09-26T16:00:00Z,wrapped-gonka,wgnk,Wrapped Gonka,776.0,0.223097,26419405,110795.0,0.22361,0.193796,0.282399,0.109233,118421037.71
2026-09-26T16:00:00Z,impossible-cloud-network-token,icnt,Impossible Cloud Network Token,777.0,0.104219,26363183,591109.0,0.104701,0.100649,0.59106,0.080865,253006129.0
2026-09-26T16:00:00Z,everipedia,iq,IQ,778.0,0.00096,26332514,1382722.0,0.00098229,0.00094952,0.072382,0.00058888,27429826112.929
2026-09-26T16:00:00Z,rsfiro,rsfiro,rsFIRO,779.0,1.23,26299248,32840.0,1.29,1.19,1.33,0.738783,21400000.0
2026-09-26T16:00:00Z,keep-network,keep,Keep Network,780.0,0.02720919,26262602,5069.16,0.0284347,0.02600141,6.1,0.01407671,965210762.2869734
2026-09-26T16:00:00Z,midas-m1-usd-market-neutral,mm1-usd,Midas M1 USD Market Neutral,781.0,1.032,26250735,0.0,1.032,1.032,1.032,1.018,25428331.29083559
2026-09-26T16:00:00Z,liquity-usd,lusd,Liquity USD,782.0,1.003,26223011,82717.0,1.027,1.0,1.59,0.896722,26160997.84554918
2026-09-26T16:00:00Z,block-street,bsb,Block Street,783.0,0.110905,26210918,3386017.0,0.114131,0.109186,1.99,0.086898,236300000.0
2026-09-26T16:00:00Z,obligate-trade-finance-yield,otfy,Obligate Trade Finance Yield,784.0,1.018,26197760,59992.0,1.018,1.017,1.018,1.006,25739759.00970882
2026-09-26T16:00:00Z,dogs-2,dogs,Dogs,785.0,5.07e-05,26195456,3781416.0,5.028e-05,4.801e-05,0.00163299,2.375e-05,516750000000.0
2026-09-26T16:00:00Z,smooth-love-potion,slp,Smooth Love Potion,786.0,0.00072158,26142413,1589587.0,0.00072247,0.0006984,0.399727,0.00043919,36217028530.0
2026-09-26T16:00:00Z,big-time,bigtime,Big Time,787.0,0.00905146,26130134,9764051.0,0.00903422,0.00853495,0.977359,0.00473913,2889122522.6423063
2026-09-26T16:00:00Z,prospective,pros,Prospective,788.0,0.02602903,26029081,12972.08,0.02625181,0.02580402,0.04547738,0.0159093,1000000000.0
2026-09-26T16:00:00Z,milk-alliance,mlk,MiL.k,789.0,0.04520249,25988242,981915.0,0.04564186,0.04427908,3.59,0.02950572,575785159.0
2026-09-26T16:00:00Z,nym,nym,Nym,790.0,0.03081569,25974744,1380443.0,0.03830199,0.02933515,5.76,0.01505756,842949135.285332
2026-09-26T16:00:00Z,hyperlane,hyper,Hyperlane,791.0,0.076677,25937979,3130474.0,0.076921,0.074983,0.664052,0.055017,338174017.0
2026-09-26T16:00:00Z,bucket-protocol-buck-stablecoin,buck,Bucket Protocol BUCK Stablecoin,792.0,0.997309,25893052,1074543.0,1.009,0.986222,1.23,0.000978,25962912.0
2026-09-26T16:00:00Z,alphabet-bstocks-tokenized-stock,googlb,Alphabet (bStocks Tokenized Stock),793.0,343.32,25868987,1339691.0,344.64,343.04,383.58,315.67,75348.8305879
2026-09-26T16:00:00Z,medxt,medxt,MEDXT,794.0,0.001242,25864636,17924.82,0.00125349,0.00105686,0.00342141,0.00015622,20825002253.11947
2026-09-26T16:00:00Z,dual,dual,Dual,795.0,0.0034916,25846144,56207.0,0.00363977,0.00315823,0.01262162,0.00094714,7638809967.348866
2026-09-26T16:00:00Z,zest-protocol,zest,Zest Protocol,796.0,0.177034,25845355,1196064.0,0.18755,0.175303,0.346649,0.065536,146000000.0
2026-09-26T16:00:00Z,aevo-exchange,aevo,Aevo,797.0,0.02750388,25650274,3633328.0,0.02744818,0.02569306,3.76,0.01650193,932701806.0
2026-09-26T16:00:00Z,the-innovation-game,tig,The Innovation Game,798.0,0.833236,25613370,522382.0,0.872702,0.777079,4.3,0.116623,30730337.72104918
2026-09-26T16:00:00Z,fidelity-usd-digital-liquidity-fund-acc,filq-a,Fidelity USD Digital Liquidity Fund-Acc,799.0,101.33,25588323,0.0,101.33,101.3,101.33,100.71,252516.68
2026-09-26T16:00:00Z,ishares-silver-trust-ondo-tokenized-stock,slvon,iShares Silver Trust (Ondo Tokenized Stock),800.0,57.9,25542678,1681267.0,58.29,57.72,109.63,36.16,440976.5702947221
2026-09-26T16:00:00Z,tokamak-network,ton,Tokamak Network,801.0,0.393636,25491981,2342185.0,0.411549,0.373688,30.51,0.252741,64760294.47786984
2026-09-26T16:00:00Z,woo-network,woo,WOO,802.0,0.01348577,25476122,1807452.0,0.01352656,0.01306287,1.78,0.00876002,1888782088.2947378
2026-09-26T16:00:00Z,yield-guild-games,ygg,Yield Guild Games,803.0,0.02835319,25397830,3287620.0,0.02859278,0.0271706,11.17,0.01672594,895759754.1677353
2026-09-26T16:00:00Z,energy-web-token,ewt,Energy Web Token,804.0,0.31013,25147413,253340.0,0.342859,0.297858,22.67,0.240446,81071824.94544457
2026-09-26T16:00:00Z,victoria-vr,vr,Victoria VR,805.0,0.00149463,25123245,1096002.0,0.0015069,0.00146966,0.615957,0.00125568,16800000000.0
2026-09-26T16:00:00Z,aixbt,aixbt,aixbt,806.0,0.02503624,25039931,4106649.0,0.02518179,0.02354161,0.942578,0.01634444,1000000000.0
2026-09-26T16:00:00Z,uchain-2,ucn,UCHAIN,807.0,249.95,24994848,58141.0,257.0,234.95,1806.54,23.78,100000.0
2026-09-26T16:00:00Z,river,river,River,808.0,1.27,24956713,1905137.0,1.29,1.24,87.73,1.048,19600000.0
2026-09-26T16:00:00Z,openai-republic-pre-ipo,preopai,OpenAI (Republic Pre-IPO),809.0,858.1,24954497,408302.0,864.64,857.34,1033.95,687.94,29081.0
2026-09-26T16:00:00Z,tokenlon,lon,Tokenlon,810.0,0.200868,24795904,325.02,0.202424,0.200381,9.81,0.066889,123443710.50197959
2026-09-26T16:00:00Z,lucidum,lucic,Lucidum,811.0,0.151118,24718096,41303.0,0.15286,0.150435,0.57327,0.062652,163559900.5859908
2026-09-26T16:00:00Z,endurance,ace,Fusionist,812.0,0.222215,24557386,48882498.0,0.230187,0.187804,16.73,0.061748,110552174.0
2026-09-26T16:00:00Z,pipedog,pipedog,pipedog,813.0,0.00198466,24497201,3300696.0,0.00200979,0.00189698,0.00529765,0.00187578,12345678912.0
2026-09-26T16:00:00Z,realio-network,rio,Realio Network Token,814.0,0.07388,24426333,612955.0,0.080019,0.066297,5.12,0.01342772,330500000.0
2026-09-26T16:00:00Z,burnedfi,burn,BurnedFi,815.0,1.99,24359241,81767.0,2.06,1.86,45.17,0.542183,12270527.978033932
2026-09-26T16:00:00Z,hylo-usd,hyusd,Hylo USD,816.0,0.99877,24209494,1434482.0,0.999417,0.997795,100.36,0.926996,24239392.917609
2026-09-26T16:00:00Z,backed-cspx-core-s-p-500,bcspx,Backed CSPX Core S&P 500,817.0,654.49,24130448,0.223681,654.65,650.9,840.69,433.76,36868.8137062251
2026-09-26T16:00:00Z,venom,venom,Venom,818.0,0.01037045,24019646,21677.0,0.01102088,0.00900976,0.782403,0.00766879,2316163159.8791947
2026-09-26T16:00:00Z,whiteheart,white,Whiteheart,,2694.76,23951024,786.16,0.0,0.0,8457.1,57.1,8888.0
2026-09-26T16:00:00Z,tiger-alpha,sn107,Tiger Alpha,819.0,13.75,23898962,400746.0,13.89,12.94,18.81,0.02472147,1737547.273432435
2026-09-26T16:00:00Z,celer-network,celr,Celer Network,820.0,0.00301747,23890319,4647359.0,0.00322102,0.00302981,0.194843,0.00095575,7917424106.9911995
2026-09-26T16:00:00Z,grvt,grvt,GRVT Token,821.0,0.208879,23874792,3866981.0,0.211234,0.204759,0.454464,0.145722,114312328.0
2026-09-26T16:00:00Z,meet48,idol,MEET48,822.0,0.01130677,23825814,1915329.0,0.01161473,0.01084588,0.04177777,0.00879004,2108229434.3726034
2026-09-26T16:00:00Z,solv-protocol,solv,Solv Protocol,823.0,0.00429661,23743030,2994130.0,0.00433442,0.0041651,0.200083,0.0021504,5525426667.0
2026-09-26T16:00:00Z,argus-2,argus,Argus,824.0,0.02536821,23665956,3923475.0,0.02895655,0.02336548,0.03763585,0.00272305,932877249.3306359
2026-09-26T16:00:00Z,constellation-labs,dag,Constellation,825.0,0.00600548,23628422,413289.0,0.00608834,0.00597142,0.451761,0.00110189,3933313499.040635
2026-09-26T16:00:00Z,zcoin,firo,Firo,826.0,1.24,23585201,196474.0,1.36,1.23,139.77,0.279591,19078100.82599005
2026-09-26T16:00:00Z,opal-3,opal,Opal,827.0,0.117693,23538318,2572.78,0.119657,0.11666,0.289142,0.03802057,199998085.3736326
2026-09-26T16:00:00Z,zylo-ecosystem,zylo,Zylo Ecosystem,828.0,0.02590446,23419722,69991.0,0.02650273,0.02556586,0.04120513,0.02019433,904429573.1498429
2026-09-26T16:00:00Z,power-protocol,power,Power Protocol,829.0,0.111352,23385178,1766653.0,0.118206,0.111421,2.46,0.055992,210000000.0
2026-09-26T16:00:00Z,metya,my,MetYa,830.0,0.02366748,23346658,99524.0,0.02436646,0.02350745,0.483186,0.02242503,986444353.9754974
2026-09-26T16:00:00Z,bundle-cat,bun,Bundle Cat,831.0,0.080928,23318080,7681467.0,0.092537,0.02692599,0.092537,0.00820854,288132421.7635591
2026-09-26T16:00:00Z,jpy-coin,jpyc,JPY Coin,832.0,0.00896506,23309170,478.51,0.00952124,0.00881692,0.079633,0.0009003,2600000000.0
2026-09-26T16:00:00Z,4-2,4,4,833.0,0.02324079,23242744,2204540.0,0.02370764,0.0216592,0.292094,0.00710498,1000000000.0
2026-09-26T16:00:00Z,chaingpt,cgpt,ChainGPT,834.0,0.02323238,23156414,2662540.0,0.02270696,0.0220059,0.555799,0.017095,997766421.0
2026-09-26T16:00:00Z,brevis,brev,Brevis,835.0,0.092567,23138634,2293717.0,0.092899,0.090078,0.560057,0.062552,250000000.0
2026-09-26T16:00:00Z,liquity,lqty,Liquity,836.0,0.233866,23087215,4797792.0,0.244414,0.223736,146.94,0.153464,98836231.4019416
2026-09-26T16:00:00Z,strikecoin,strx,StrikeX,837.0,0.02622561,23075127,6670.48,0.02799262,0.02595849,0.332212,3.24004e-07,879814089.9336739
2026-09-26T16:00:00Z,cobak-token,cbk,Cobak,838.0,0.230664,23066375,10435932.0,0.254858,0.209411,15.74,0.150198,100000000.0
2026-09-26T16:00:00Z,biconomy,bico,Biconomy,839.0,0.02305363,23062990,8021722.0,0.02288204,0.02235508,21.45,0.01125079,999999999.9
2026-09-26T16:00:00Z,fidelity-digital-interest-token,fdit,Fidelity Digital Interest Token,840.0,1.0,23062851,0.0,1.0,1.0,1.0,1.0,23062850.91999999
2026-09-26T16:00:00Z,electronic-usd,eusd,Electronic USD,841.0,0.998241,22883881,191100.0,1.004,0.996564,1.13,0.867067,22924196.78932773
2026-09-26T16:00:00Z,manadia,umxm,Manadia,842.0,0.076167,22850041,2137573.0,0.077983,0.075983,2.39,0.075073,300000000.0
2026-09-26T16:00:00Z,certik,ctk,Shentu,843.0,0.138586,22771277,348165.0,0.138752,0.136263,3.94,0.089471,164311186.0
2026-09-26T16:00:00Z,black-phoenix,bpx,Black Phoenix,844.0,0.00393455,22688372,1559.06,0.00569042,1.02e-05,3.37,1.33e-06,5765923665.326708
2026-09-26T16:00:00Z,hemi,hemi,Hemi,845.0,0.00666035,22680521,4643494.0,0.00662839,0.00633873,0.191509,0.00413336,3402111808.6401577
2026-09-26T16:00:00Z,hex-trust-usdx,usdx,Hex Trust USD,846.0,0.988338,22651457,1.27,1.086,0.980737,1.34,0.53504,22918744.02393508
2026-09-26T16:00:00Z,gigachad-2,giga,Gigachad,847.0,0.00235632,22647672,1965186.0,0.00248499,0.002314,0.095127,1.244e-05,9604136902.35
2026-09-26T16:00:00Z,elephant-money,elephant,Elephant Money,848.0,4.5562e-08,22632379,5769.84,5.006e-08,4.5443e-08,6.01277e-07,3.28846e-13,496690997117481.94
2026-09-26T16:00:00Z,spdr-s-p-500-etf-trust-robinhood-tokenized-stock,spy,SPDR S&P 500 ETF Trust • Robinhood Token,849.0,771.54,22582239,12005304.0,773.34,771.06,779.76,713.73,29268.88034156
2026-09-26T16:00:00Z,peercoin,ppc,Peercoin,850.0,0.738948,22498612,9849.87,0.779868,0.633372,9.45,2.8131e-08,30446827.16367235
2026-09-26T16:00:00Z,greenhood,hood,GreenHood,851.0,0.02220478,22426912,1133232.0,0.064036,0.02217669,0.188714,0.00923284,1010000000.0
2026-09-26T16:00:00Z,lumia,lumia,Lumia,852.0,0.093883,22384958,2993828.0,0.096287,0.085108,2.49,0.055025,238888888.0
2026-09-26T16:00:00Z,mushroom-2,shroom,MUSHROOM,853.0,0.02268541,22364073,2449446.0,0.02715621,0.02113081,0.058251,0.00394141,985817168.7682418
2026-09-26T16:00:00Z,cyberconnect,cyber,CYBER,854.0,0.366125,22362303,7063752.0,0.36748,0.345642,15.79,0.261936,61074734.21333333
2026-09-26T16:00:00Z,myonion-fun,$onion,MyOnion.fun,,0.03186105,22302735,1186.7,0.0,0.0,0.03186577,1.14e-06,700000000.0
2026-09-26T16:00:00Z,ai-xovia,aix,AI XOVIA,855.0,0.222954,22295259,22467.0,0.235962,0.222051,45.0,0.222051,99999347.25662996
2026-09-26T16:00:00Z,jpyc,jpyc,JPY Coin v1,856.0,0.009001,22215054,1672.64,0.0091511,0.00869853,0.01943853,0.0002071,2468064827.301093
2026-09-26T16:00:00Z,naoris,naoris,NaoX Protocol,857.0,0.03696721,22129328,869671.0,0.03759038,0.03511161,0.16511,0.0143726,599260000.0
2026-09-26T16:00:00Z,capybobo,pybobo,Capybobo,858.0,0.00055964,22099884,1439906.0,0.00056448,0.00054935,0.00112111,0.00038088,39499999994.0
2026-09-26T16:00:00Z,robo-token-2,robo,Fabric Protocol,859.0,0.00990479,22096607,3276588.0,0.01009812,0.00959566,0.060714,0.00779985,2231000000.0
2026-09-26T16:00:00Z,overtake,take,OVERTAKE,860.0,0.059378,22085160,2064120.0,0.058771,0.053921,0.497081,0.01355057,372065972.0
2026-09-26T16:00:00Z,sailout-royalty,sail.r,SailOut Royalty,861.0,14.71,22066767,346.67,14.71,14.62,16.7,13.06,1500000.0
2026-09-26T16:00:00Z,pocket-network,pokt,Pocket Network,862.0,0.00927201,22027338,475517.0,0.00927123,0.00899729,3.11,0.00651918,2375680629.15065
2026-09-26T16:00:00Z,bonfida,fida,Bonfida,863.0,0.0222082,22007089,2640060.0,0.02247823,0.02173233,18.77,0.01220244,990910562.663854
2026-09-26T16:00:00Z,gstock,gstock,Gstock,864.0,0.02241844,21996850,6610151.0,0.02743016,0.0206461,0.03465894,0.01663958,987790662.7256974
2026-09-26T16:00:00Z,yield-basis,yb,Yield Basis,865.0,0.088207,21916250,1766346.0,0.092736,0.083477,0.818511,0.061898,248493970.31459013
2026-09-26T16:00:00Z,wyde-end-hunger,eat,WYDE: End Hunger,866.0,0.00021736,21735881,17038.45,0.0002265,0.00021598,0.00104908,1.498e-05,99999999999.99998
2026-09-26T16:00:00Z,debtreliefbot,drb,DebtReliefBot,867.0,0.00021687,21686801,1162846.0,0.00024637,0.00018375,0.00040745,2.233e-05,100000000000.0
2026-09-26T16:00:00Z,chromaway,chr,Chromia,868.0,0.02221722,21658058,6338087.0,0.02243284,0.02139134,1.49,0.00874003,974831915.3782
2026-09-26T16:00:00Z,antfun,antfun,AntFun,869.0,0.01145553,21612679,2373447.0,0.01312596,0.01072726,0.091529,0.00614133,1887639996.0
2026-09-26T16:00:00Z,perle,prl,Perle,870.0,0.123632,21610246,1904936.0,0.124142,0.118458,0.46776,0.10455,175000000.0
2026-09-26T16:00:00Z,tutorial,tut,Tutorial,871.0,0.02593594,21549886,6703010.0,0.02632926,0.02498523,0.290334,0.00028993,831000588.8171057
2026-09-26T16:00:00Z,quark-chain,qkc,QuarkChain,872.0,0.00296155,21540135,1053594.0,0.00301852,0.00290443,0.338765,0.00137714,7273200421.0
2026-09-26T16:00:00Z,localcoinswap,lcs,LocalCoinSwap,873.0,0.506332,21521435,106.33,0.507626,0.504246,0.649845,0.00190108,42504570.55
2026-09-26T16:00:00Z,medibloc,med,Medibloc,874.0,0.00186292,21495452,357260.0,0.00190611,0.00181438,0.351852,0.00117414,11538577708.0
2026-09-26T16:00:00Z,verse-world,verse,Verse World,875.0,0.02150242,21495023,34415.0,0.02159567,0.02132136,0.910916,0.01573951,999999512.242575
2026-09-26T16:00:00Z,world-mobile-token,wmtx,World Mobile Token,876.0,0.02523265,21489709,824373.0,0.02862446,0.0236049,0.979732,0.01364882,851874782.0
2026-09-26T16:00:00Z,enso,enso,Enso,877.0,1.044,21487114,2498691.0,1.054,1.021,4.63,0.52582,20590000.0
2026-09-26T16:00:00Z,benqi,qi,BENQI,878.0,0.00297049,21424131,28926180.0,0.00430988,0.00270251,0.39417,0.00100721,7200000000.0
2026-09-26T16:00:00Z,theros,theros,Theros,879.0,0.285056,21362977,40208.0,0.292497,0.281494,0.292497,0.171505,74941127.0
2026-09-26T16:00:00Z,oho-blockchain,oho,OHO Blockchain,880.0,0.00092871,21312215,137430.0,0.00093133,0.0009159,0.05413,0.00038451,22965611624.0
2026-09-26T16:00:00Z,freysa-ai,fai,Freysa AI,881.0,0.00259815,21278011,578276.0,0.00261384,0.00244385,0.080047,0.00130633,8189700000.0
2026-09-26T16:00:00Z,usdh-2,usdh,USDH,882.0,0.995987,21274133,3424.52,1.004,0.98882,1.11,0.716867,21359849.0
2026-09-26T16:00:00Z,galaxy-usdt-quality,eth:gusdtq,Galaxy USDT Quality,883.0,1.016,21265958,0.0,1.016,1.015,1.025,0.996742,20941213.8680284
2026-09-26T16:00:00Z,adventure-gold,agld,Adventure Gold,884.0,0.228508,21213814,4682348.0,0.228914,0.223085,7.7,0.11371,92830001.0
2026-09-26T16:00:00Z,scandic-coin,snc,Scandic Coin,885.0,0.168138,21201183,182409.0,0.168242,0.164743,0.178711,0.073902,126093947.12741935
2026-09-26T16:00:00Z,messier,m87,MESSIER,886.0,2.395e-05,21188527,234142.0,2.767e-05,2.342e-05,0.00014578,2.7498e-08,884812505264.1896
2026-09-26T16:00:00Z,halo-4,halo,Halo,887.0,0.070575,21162103,782.05,0.071178,0.067338,0.071981,0.03276449,300000000.0
2026-09-26T16:00:00Z,bsquared-network,b2,BSquared Network,888.0,0.50843,21141149,2268939.0,0.516733,0.489251,2.11,0.30798,41545875.0
2026-09-26T16:00:00Z,mey-network,mey,Mey Network,889.0,0.063597,21120418,897954.0,0.066935,0.06312,0.49165,0.02205244,332195604.85044837
2026-09-26T16:00:00Z,audius,audio,Audius,890.0,0.01441109,21032816,4369377.0,0.01480501,0.01406049,4.95,0.01152615,1459258692.0
2026-09-26T16:00:00Z,bitmind,sn34,BitMind,891.0,3.91,21024939,214696.0,3.93,3.52,11.75,0.02549248,5383163.080758369
2026-09-26T16:00:00Z,dkargo,dka,dKargo,892.0,0.00419944,21000971,984303.0,0.00433168,0.00411954,0.703797,0.00283492,5000000000.0
2026-09-26T16:00:00Z,standard,standard,STANDARD,893.0,0.236838,20992575,899828.0,0.262438,0.235352,0.455803,0.178943,88647697.9641938
2026-09-26T16:00:00Z,felysyum,fely,Felysyum,894.0,0.47763,20904114,1272568.0,0.486019,0.46694,0.486019,0.226375,43767241.39526057
2026-09-26T16:00:00Z,connect-token-wct,wct,WalletConnect Token,895.0,0.04447805,20859939,7570442.0,0.04481505,0.04282351,1.34,0.03216407,469507457.0
2026-09-26T16:00:00Z,hunt-token,hunt,Hunt,896.0,0.104803,20846621,375485.0,0.106764,0.102345,1.46,0.00039817,198912688.0
2026-09-26T16:00:00Z,janction,jct,Janction,897.0,0.00181281,20835583,3173259.0,0.00189533,0.00171417,0.01057934,0.00105948,11493687500.0
2026-09-26T16:00:00Z,edel,edel,Edel,898.0,0.03066728,20750462,1360615.0,0.03101644,0.02925703,0.110892,0.00529005,678451925.1176617
2026-09-26T16:00:00Z,interfold,fold,The Interfold,899.0,0.062877,20744931,12616474.0,0.064966,0.058216,0.174788,0.03466761,329930264.3161178
2026-09-26T16:00:00Z,qanplatform,qanx,QANplatform,900.0,0.01215476,20663829,25506.0,0.01220086,0.01160345,0.203412,0.00011724,1700000000.0
2026-09-26T16:00:00Z,re-protocol-reusde,reusde,Re Protocol reUSDe,901.0,1.43,20583256,78204.0,1.43,1.42,1.64,0.968123,14410209.18820642
2026-09-26T16:00:00Z,intel-ondo-tokenized-stock,intcon,Intel (Ondo Tokenized Stock),902.0,122.76,20550961,1147471.0,124.89,121.67,275.94,23.75,167433.2788164844
2026-09-26T16:00:00Z,shopinx,spx,ShopinX,903.0,0.08164,20508931,841663.0,0.084182,0.052725,0.084182,0.02738226,250000000.0
2026-09-26T16:00:00Z,orochi-network,on,Orochi Network,904.0,0.141588,20418714,1376865.0,0.153264,0.133185,0.44695,0.060622,144275000.0
2026-09-26T16:00:00Z,arpa,arpa,ARPA,905.0,0.01170205,20388096,5162873.0,0.01173775,0.01123164,0.268622,0.00339441,1742888888.987738
2026-09-26T16:00:00Z,ubs_umint_eth,umint,UBS USD Money Market Investment Fund Token,,106.2,20379562,0.0,0.0,0.0,105.36,100.25,191899.756
2026-09-26T16:00:00Z,gamebuild,game,GameBuild,906.0,0.00104438,20379386,232690.0,0.00104774,0.00101971,0.00919175,0.00065645,19518603232.0
2026-09-26T16:00:00Z,mira-3,mira,Mira,907.0,0.056855,20358516,2744708.0,0.057096,0.054762,2.68,0.03692472,358247125.0
2026-09-26T16:00:00Z,taiko,taiko,Taiko,908.0,0.093502,20350128,2775543.0,0.094032,0.090735,3.8,0.060307,217624578.22385567
2026-09-26T16:00:00Z,alphabet-class-a-ondo-tokenized-stock,googlon,Alphabet Class A (Ondo Tokenized Stock),909.0,345.19,20345525,7568024.0,345.7,344.08,407.56,206.54,58944.2521219559
2026-09-26T16:00:00Z,nvidia-robinhood-tokenized-stock,nvda,NVIDIA • Robinhood Token,910.0,224.81,20343565,16741895.0,225.44,223.82,234.1,181.56,90447.44375515
2026-09-26T16:00:00Z,openserv,serv,OpenServ,911.0,0.02629587,20342653,733714.0,0.02634557,0.02481795,0.139003,0.00673013,770000000.0
2026-09-26T16:00:00Z,hundred,hundred,HUNDRED,912.0,0.0002253,20276549,871.03,0.0002253,0.00022383,0.00025401,8.02e-06,89999999969.50905
2026-09-26T16:00:00Z,pinksale,pinksale,PinkSale,913.0,202.76,20275773,17.59,202.96,201.2,505.62,0.00320848,100000.0
2026-09-26T16:00:00Z,initia,init,Initia,914.0,0.097102,20267441,2411246.0,0.100224,0.096079,1.42,0.0473858,208716344.921646
2026-09-26T16:00:00Z,roundhill-memory-etf-bstocks-tokenized-stock,dramb,Roundhill Memory ETF (bStocks Tokenized Stock),915.0,62.46,20237111,1102055.0,62.55,61.57,66.2,42.66,323946.3368704
2026-09-26T16:00:00Z,goatseus-maximus,goat,Goatseus Maximus,916.0,0.02014865,20150303,2127009.0,0.02004637,0.01905156,1.35,0.01161754,999978760.935631
2026-09-26T16:00:00Z,polyswarm,nct,PolySwarm,917.0,0.0106855,20147528,435378.0,0.01080969,0.01047269,0.171845,0.00059593,1885500781.9581056
2026-09-26T16:00:00Z,super-inu,si,Super Inu,918.0,0.02012601,20119221,8124532.0,0.02685076,0.01453093,0.02685076,0.00627152,1000000000.0
2026-09-26T16:00:00Z,peapods-finance,peas,Peapods Finance,919.0,2.01,19990573,52458.0,2.05,2.0,11.74,0.182074,9937231.505681884
2026-09-26T16:00:00Z,bitmart-token,bmx,BitMart,,0.058833,19968796,666589.0,0.0,0.0,0.619048,0.00672692,339412030.0
2026-09-26T16:00:00Z,ubik,ubik,ubik,920.0,0.01996184,19961432,2497763.0,0.02047792,0.0173768,0.03984458,0.00595095,999977831.6133829
2026-09-26T16:00:00Z,degate,dg,DeGate,921.0,0.051513,19946818,165.65,0.051517,0.051204,0.601878,0.0129632,387216318.0
2026-09-26T16:00:00Z,unit-00-rei,rei,Rei,922.0,0.01987235,19872281,193425.0,0.0198918,0.01771721,0.218973,0.00605432,1000000000.0
2026-09-26T16:00:00Z,moonbirds,birb,Moonbirds,923.0,0.069425,19786380,1590195.0,0.069567,0.067525,0.476945,0.04500414,285000000.0
2026-09-26T16:00:00Z,xai-blockchain,xai,Xai,924.0,0.00939664,19784159,16665452.0,0.00956187,0.00900086,1.59,0.00579081,2110290501.7734747
2026-09-26T16:00:00Z,redteam,sn61,RedTeam,925.0,3.66,19658755,1183070.0,3.69,3.19,4.71,0.00741207,5378521.699646985
2026-09-26T16:00:00Z,tesla-bstocks-tokenized-stock,tslab,Tesla (bStocks Tokenized Stock),926.0,371.97,19622815,2948336.0,374.14,371.09,435.42,293.97,52753.70953699
2026-09-26T16:00:00Z,delta,delta,Delta,927.0,0.02174586,19571284,1230289.0,0.02348582,0.01974495,0.03360886,1.125e-05,900000000.0
2026-09-26T16:00:00Z,pippin,pippin,pippin,928.0,0.01952412,19513068,1464222.0,0.01962262,0.01894696,0.897199,0.0055459,999933808.851386
2026-09-26T16:00:00Z,anime,anime,Animecoin,929.0,0.00351998,19492448,3468201.0,0.00352212,0.00341485,0.186122,0.00233794,5538604656.0
2026-09-26T16:00:00Z,pear-protocol,pear,Pear Protocol,930.0,0.03788047,19465269,283517.0,0.04429168,0.02991469,0.092685,0.00497174,513860261.2775302
2026-09-26T16:00:00Z,orizon,ori,Orizon,931.0,50.14,19400099,100307.0,50.62,48.92,61.76,48.42,388803.327204625
2026-09-26T16:00:00Z,ridges-ai,sn62,Ridges AI,932.0,3.57,19367085,194646.0,3.61,3.23,39.3,0.03965464,5426978.139303143
2026-09-26T16:00:00Z,dia-data,dia,DIA,933.0,0.161356,19305286,2061909.0,0.163865,0.157436,5.73,0.097811,119676104.0
2026-09-26T16:00:00Z,doge-head-coin,dhc,Doge Head Coin,934.0,1.96,19304643,391.11,1.97,1.92,1.97,0.03381452,9872022.983904298
2026-09-26T16:00:00Z,tx,tx,tx,935.0,0.00209142,19290452,132069.0,0.00231772,0.00206515,0.03777559,0.0015013,9225055092.091185
2026-09-26T16:00:00Z,songbird,sgb,Songbird,936.0,0.00103415,19280612,162536.0,0.00103867,0.00086988,0.71334,0.00064387,18643095696.353024
2026-09-26T16:00:00Z,gama-token,gama,Gama Token,937.0,0.192733,19278898,399334.0,0.196886,0.176129,0.873173,0.117222,100028949.0
2026-09-26T16:00:00Z,quantixai,qfi,Quantix Finance,938.0,19.17,19175744,1361316.0,19.37,18.89,109.6,0.228366,1000000.0
2026-09-26T16:00:00Z,metamui,mmui,MetaMUI,939.0,0.04019172,19128059,662093.0,0.04029513,0.04019052,0.935688,0.00998802,475920433.952127
2026-09-26T16:00:00Z,sapien-2,sapien,Sapien,940.0,0.080825,19087957,1754712.0,0.08183,0.078983,0.536429,0.062431,236113350.47853625
2026-09-26T16:00:00Z,ryze,ryze,Ryze,,0.072221,19052373,50.64,0.0,0.0,0.158229,0.01535536,263805684.1337809
2026-09-26T16:00:00Z,stargate-finance,stg,Stargate Finance,941.0,0.141283,19051527,5066817.0,0.144829,0.131075,4.14,0.104476,135258380.9852716
2026-09-26T16:00:00Z,concierge-io,ava,AVA (Travala),942.0,0.25558,19009694,9041029.0,0.26584,0.25405,6.45,0.01218947,74373863.0
2026-09-26T16:00:00Z,spell-token,spell,Spell,943.0,0.00011029,18987025,27219442.0,0.00011923,9.544e-05,0.03506357,7.51e-05,171510541047.0
2026-09-26T16:00:00Z,backed-ib01-treasury-bond-0-1yr,bib01,Backed IB01 $ Treasury Bond 0-1yr,,121.8,18960097,0.0,0.0,0.0,121.8,107.28,155665.8248926328
2026-09-26T16:00:00Z,myx-finance,myx,MYX Finance,944.0,0.08054,18922906,8971751.0,0.082079,0.078167,19.03,0.04700553,235212849.69000006
2026-09-26T16:00:00Z,nxusd,nxusd,NXUSD,945.0,0.996377,18895142,17510.43,1.018,0.9526,2.43,0.03444433,18963850.98382207
2026-09-26T16:00:00Z,intel-tokenized-bstocks,intcb,Intel (bStocks Tokenized Stock),946.0,123.0,18892229,1686284.0,124.96,122.04,130.12,94.64,153598.82969141
2026-09-26T16:00:00Z,ishares-20-year-treasury-bond-etf-ondo-tokenized-etf,tlton,iShares 20+ Year Treasury Bond ETF (Ondo Tokenized ETF),947.0,84.46,18819699,704552.0,84.46,82.36,95.54,82.29,222747.7738984348
2026-09-26T16:00:00Z,openkaito,sn5,OpenKaito,948.0,4.28,18815323,57819.0,4.3,3.88,26.03,0.0250293,4395275.440849928
2026-09-26T16:00:00Z,gaib-aid,aid,GAIB AID,,0.995286,18812171,1.89,0.0,0.0,1.23,0.574183,18901266.76177989
2026-09-26T16:00:00Z,idlemine,idle,IdleMine,949.0,0.0018799,18799430,110538.0,0.00189575,0.0018418,0.00337292,0.00143129,9999988550.68592
2026-09-26T16:00:00Z,synfutures,f,SynFutures,950.0,0.00385755,18796794,3752188.0,0.00388429,0.00379008,0.192309,0.00260086,4878368801.0
2026-09-26T16:00:00Z,joe,joe,JOE,951.0,0.04105728,18784600,8373938.0,0.04320648,0.03943929,5.09,0.02304687,457181657.224341
2026-09-26T16:00:00Z,adshares,ads,Adshares,952.0,0.48431,18766979,240950.0,0.486238,0.483363,5.72,0.0102872,38749701.063551
2026-09-26T16:00:00Z,cluster-protocol,cp,Cluster Protocol,953.0,0.01368649,18739350,5374106.0,0.01417952,0.01332132,0.04629476,0.0115626,1369091667.08
2026-09-26T16:00:00Z,sophon,soph,Sophon,954.0,0.00390337,18659765,3849210.0,0.00395789,0.00378653,0.110782,0.00327683,4780000000.0
2026-09-26T16:00:00Z,marsmi,marsmi,MarsMi,955.0,0.01849619,18486176,370457.0,0.01880659,0.01824625,0.187525,0.01150327,999999276.602555
2026-09-26T16:00:00Z,public-meme-token,pmt,Public Masterpiece Token,956.0,0.100074,18458800,89423.0,0.101076,0.099888,0.113633,0.04857412,184399525.67168695
2026-09-26T16:00:00Z,sixseven,67,SIXSEVEN,957.0,0.01843609,18434783,170750.0,0.018602,0.01761761,0.0346538,0.00733426,1000000000.0
2026-09-26T16:00:00Z,dodo,dodo,DODO,958.0,0.01840409,18403197,5326564.0,0.01901612,0.01829348,8.38,0.0129848,1000000000.0
2026-09-26T16:00:00Z,delysium,agi,Delysium,959.0,0.00694286,18145237,4366018.0,0.00649811,0.0057243,0.672035,0.00217199,2608510209.0
2026-09-26T16:00:00Z,my-paqman-coin,mpc,My Paqman Coin,,1.81e-06,18131048,53475.0,0.0,0.0,9.204e-05,1.6e-06,10000000000000.0
2026-09-26T16:00:00Z,superrare,rare,SuperRare,960.0,0.02200175,18063194,163027444.0,0.02527365,0.01476922,3.64,0.01091533,820475028.2097726
2026-09-26T16:00:00Z,divi,divi,Divi,961.0,0.00376922,18015876,43153.0,0.00419069,0.00204598,0.183363,0.00024448,4779731864.53638
2026-09-26T16:00:00Z,qkacoin,qka,Qkacoin,962.0,0.565983,17923633,1778.9,0.566315,0.557599,2.5,0.154846,31668129.0
2026-09-26T16:00:00Z,griffain,griffain,GRIFFAIN,963.0,0.01789411,17891931,4048141.0,0.01802798,0.01534483,0.62487,0.00734736,999846418.86639
2026-09-26T16:00:00Z,ai-factory,sn80,OpenRoboto,964.0,8.39,17887712,1049139.0,8.72,7.8,9.9,0.00685279,2132785.012165724
2026-09-26T16:00:00Z,citrea,ctr,Citrea,965.0,0.01189824,17836333,4842402.0,0.0121972,0.01175666,0.03867192,0.00702186,1500000000.0
2026-09-26T16:00:00Z,gold-park,gpt,Gold Park,966.0,0.00473781,17826187,6414.15,0.00475253,0.00473729,0.03055641,0.00045121,3762534208.0
2026-09-26T16:00:00Z,banana-gun,banana,Banana Gun,967.0,4.43,17804870,4121326.0,4.36,4.07,78.62,2.47,4016415.7328564273
2026-09-26T16:00:00Z,distributed-training,sn38,Distributed Training,968.0,9.54,17725993,6899024.0,9.87,6.75,9.87,0.01657814,1859039.858377684
2026-09-26T16:00:00Z,siren-2,siren,Siren,969.0,0.02451507,17714669,534823.0,0.03214403,0.02438022,2.23,0.02166121,723521363.32752
2026-09-26T16:00:00Z,shardus,ult,Shardus,970.0,0.04015463,17650240,6123.75,0.04029941,0.0399912,2.19,4.81513e-07,439556760.330107
2026-09-26T16:00:00Z,bit2me,b2m,Bit2Me,971.0,0.0059785,17643510,78371.0,0.00633154,0.00584622,0.300665,0.0,2951160504.4400005
2026-09-26T16:00:00Z,simon-s-cat,cat,Simon's Cat,972.0,2.35e-06,17613378,865059.0,2.34e-06,2.24e-06,6.811e-05,1.24e-06,7502926803696.0
2026-09-26T16:00:00Z,magic,magic,Treasure,973.0,0.052121,17599644,2210518.0,0.052224,0.04977854,6.32,0.01999252,337598461.29155606
2026-09-26T16:00:00Z,bless-2,bless,Bless,974.0,0.0095128,17530197,1490142.0,0.01003859,0.00927431,0.218135,0.00394635,1841666667.0
2026-09-26T16:00:00Z,verus-coin,vrsc,Verus,975.0,0.21668,17524615,146.94,0.232205,0.214988,6.74,0.00177843,80872599.76020712
2026-09-26T16:00:00Z,test-3,tst,Test,976.0,0.01869682,17513081,6875895.0,0.01951909,0.01839482,0.511293,0.00775548,936959924.4705254
2026-09-26T16:00:00Z,neon,neon,Neon,977.0,0.04063381,17499214,4456793.0,0.056009,0.04043761,3.91,0.01124374,431018200.54224515
2026-09-26T16:00:00Z,coinbase-bstocks-tokenized-stock,coinb,Coinbase (bStocks Tokenized Stock),978.0,196.03,17488148,933996.0,196.16,194.3,207.76,139.29,89212.62286624999
2026-09-26T16:00:00Z,x-dol-x,xdol,x-DOL-x,979.0,0.058893,17483807,32.48,0.059254,0.058727,0.094441,0.058511,296876109.61863697
2026-09-26T16:00:00Z,megausd,usdm,MegaUSD,980.0,0.997618,17361751,103750.0,1.012,0.959078,1.4,0.517324,17403211.59203006
2026-09-26T16:00:00Z,orderly-network,order,Orderly,981.0,0.04242562,17353322,2403493.0,0.04237952,0.04097349,0.491538,0.02689307,409027620.69189453
2026-09-26T16:00:00Z,solayer,layer,Solayer,982.0,0.082233,17277376,11227356.0,0.082644,0.078319,3.39,0.057634,210000000.0
2026-09-26T16:00:00Z,sandisk-corporation-xstock,sndkx,Sandisk Corporation xStock,983.0,1775.29,17235341,8523.19,1784.17,1770.14,16187595.0,892.27,9708.48747473625
2026-09-26T16:00:00Z,hegic,hegic,Hegic,984.0,0.01598754,17230371,195.06,0.01600643,0.0155787,0.642093,0.0048443,1077684725.0
2026-09-26T16:00:00Z,max-token,max,MAX,985.0,0.259698,17226094,70345.0,0.263848,0.256447,0.696947,0.05479,66331156.49581614
2026-09-26T16:00:00Z,tesla-ondo-tokenized-stock,tslaon,Tesla (Ondo Tokenized Stock),986.0,371.91,17217047,2088990.0,374.07,371.26,497.31,293.27,46289.39200773511
2026-09-26T16:00:00Z,little-john,john,Little John,,0.01719516,17195155,167501374.0,0.0,0.0,0.03086909,0.00031789,1000000000.0
2026-09-26T16:00:00Z,solstice,slx,Solstice,987.0,0.070763,17184302,8097101.0,0.071959,0.069233,0.658167,0.057836,242845200.0
2026-09-26T16:00:00Z,ishares-core-msci-eafe-etf-ondo-tokenized-etf,iefaon,iShares Core MSCI EAFE ETF (Ondo Tokenized ETF),988.0,101.12,17164343,881595.0,101.5,100.64,107.39,84.07,169770.7093832969
2026-09-26T16:00:00Z,umia,umia,Umia,989.0,0.701441,17079988,123483.0,0.777371,0.701295,0.890582,0.524385,24349850.0
2026-09-26T16:00:00Z,a-hunters-dream,caw,A Hunters Dream,990.0,2.5608e-08,17065809,266911.0,2.6001e-08,2.5456e-08,1.6415e-07,1.876e-08,666666666666665.0
2026-09-26T16:00:00Z,epic-chain,epic,Epic Chain,991.0,0.507667,17060625,8364880.0,0.510599,0.467086,3.2,0.191739,33600000.0
2026-09-26T16:00:00Z,harrypotterobamasonic10in,bitcoin,HarryPotterObamaSonic10Inu (ETH),992.0,0.01705577,17058308,565456.0,0.01724948,0.01656365,0.373421,0.00066337,999798155.0
2026-09-26T16:00:00Z,fartboy,$fartboy,Fartboy,993.0,0.01705424,17043949,462940.0,0.01749955,0.01692307,0.194444,0.00687111,999386565.6699046
2026-09-26T16:00:00Z,katana-network-token,kat,Katana,994.0,0.0052186,17032608,3300891.0,0.00522655,0.00506581,0.02946815,0.0040543,3265493198.0
2026-09-26T16:00:00Z,aquarius,aqua,Aquarius,995.0,0.00038674,17014025,327994.0,0.0003883,0.00035951,2954.95,9.804e-05,43992981659.19107
2026-09-26T16:00:00Z,graphite-protocol,gp,Graphite Protocol,996.0,0.474379,16986047,483647.0,0.489511,0.414872,6.89,0.02731381,35806889.217913315
2026-09-26T16:00:00Z,tree-capital,tree,Tree,997.0,0.187067,16981259,3004.63,0.189627,0.184459,0.429346,0.047353,90708484.35671026
2026-09-26T16:00:00Z,bityuan,bty,Bityuan,998.0,0.02275531,16976567,49389.0,0.02326957,0.02203466,0.765083,0.01348346,746048593.239379
2026-09-26T16:00:00Z,pharaoh-liquid-staking-token,p33,Pharaoh Liquid Staking Token,999.0,0.133922,16967411,103612.0,0.134776,0.132514,0.134908,0.00821947,126693965.9752877
2026-09-26T16:00:00Z,faith-tribe,ftrb,Faith Tribe,1000.0,0.00409743,16899655,45772.0,0.00411576,0.00406934,0.07116,0.00173617,4128617079.05
2026-09-26T16:00:00Z,based-one,based,Based,1001.0,0.071824,16878570,5077525.0,0.071695,0.067568,0.321592,0.050125,235000000.0
2026-09-26T16:00:00Z,kekius-maximus-6,kekius,Kekius Maximus,1002.0,0.01684459,16844590,105.49,0.01695865,0.01678925,0.055335,0.00995578,1000000000.0
2026-09-26T16:00:00Z,404-gen,sn17,404—GEN,1003.0,2.93,16834005,70776.0,2.95,2.64,15.38,0.02454542,5737752.245742333
2026-09-26T16:00:00Z,usdpt-western-union,usdpt,USDPT | Western Union,1004.0,0.999794,16805652,84776.0,0.999866,0.999447,1.45,0.921612,16809121.506497
2026-09-26T16:00:00Z,delta-exchange-token,deto,Delta Exchange,1005.0,0.059988,16773962,735.97,0.059993,0.059984,0.629138,0.00701012,279623656.3619406
2026-09-26T16:00:00Z,avalaunch,xava,Avalaunch,1006.0,0.167427,16742535,94299.0,0.168594,0.164661,20.09,0.10774,100000000.0
2026-09-26T16:00:00Z,moviebloc,mbl,MovieBloc,1007.0,0.00085082,16740984,809242.0,0.00085484,0.00082854,0.0450322,0.00042973,19675887214.0
2026-09-26T16:00:00Z,huobi-token,ht,Huobi,1008.0,0.152938,16730810,658.85,0.154819,0.149653,39.66,0.076003,109395689.2524321
2026-09-26T16:00:00Z,octra,oct,Octra,1009.0,0.02674013,16718065,115343.0,0.02996001,0.02523123,0.141929,0.01439789,625202731.0
2026-09-26T16:00:00Z,bertram-the-pomeranian,bert,Bertram The Pomeranian,1010.0,0.01711187,16715289,904105.0,0.01773763,0.0162614,0.188598,0.00148588,976867952.779634
2026-09-26T16:00:00Z,bob-build-on-bitcoin,bob,BOB (Build on Bitcoin),1011.0,0.00502069,16654609,693047.0,0.00512988,0.00497815,0.02929111,0.00364267,3316312733.0
2026-09-26T16:00:00Z,basecat,basecat,Basecat,1012.0,0.01666426,16648338,3880011.0,0.01841217,0.01653517,0.079066,0.01482182,1000000000.0
2026-09-26T16:00:00Z,coin98,c98,Coin98,1013.0,0.01662497,16607199,9089217.0,0.01655421,0.01593672,6.42,0.01099806,999998884.0
2026-09-26T16:00:00Z,superform,up,Superform,1014.0,0.071601,16533516,2773936.0,0.074972,0.068972,0.287717,0.02760955,230939000.0
2026-09-26T16:00:00Z,qie,qie,QIE Blockchain,1015.0,0.183804,16511207,1091.67,0.184388,0.183931,0.599881,0.00010002,89830495.050902
2026-09-26T16:00:00Z,kled-ai,kled,Kled AI,1016.0,0.01643811,16429924,473809.0,0.01680542,0.01550826,0.056163,0.00180339,999789700.8818594
2026-09-26T16:00:00Z,wojak-5,wojak,wojak,1017.0,5.3741e-08,16429507,875499.0,5.4441e-08,5.1942e-08,1.74392e-07,1.3172e-08,305913443210083.5
2026-09-26T16:00:00Z,dolomite,dolo,Dolomite,1018.0,0.03196644,16371207,3090321.0,0.03236596,0.0305746,0.366425,0.01993907,512083232.6307505
2026-09-26T16:00:00Z,portal-2,portal,Portal,1019.0,0.01835247,16349490,4867010.0,0.01858879,0.01805438,3.36,0.00735009,891047806.1636951
2026-09-26T16:00:00Z,icon,icx,ICON,1020.0,0.01483411,16276561,1008996.0,0.01624429,0.0142729,13.16,0.0078812,1097340270.9139063
2026-09-26T16:00:00Z,marlin,pond,Marlin,1021.0,0.00196199,16275479,17516191.0,0.00263907,0.0008974,0.323362,0.00066232,8227704524.0
2026-09-26T16:00:00Z,my-neighbor-alice,alice,My Neighbor Alice,1022.0,0.163352,16274923,11462274.0,0.167107,0.154576,40.93,0.093453,99599050.856783
2026-09-26T16:00:00Z,fake-world-assets,fwa,Fake World Assets,1023.0,0.01639691,16222775,641490.0,0.01878789,0.01458617,0.04003813,0.00397871,989376135.8969611
2026-09-26T16:00:00Z,schuman-europ,europ,EURØP,1024.0,1.14,16145209,19009.02,1.14,1.14,1.19,0.929365,14183018.997181
2026-09-26T16:00:00Z,humidifi,wet,HumidiFi,1025.0,0.070082,16118533,1207290.0,0.070802,0.069441,0.333169,0.051919,230000000.0
2026-09-26T16:00:00Z,tdccp,tdccp,TDCCP,1026.0,0.02513454,16086103,63555.0,0.0251502,0.02155722,0.441232,0.02114456,639999980.9
2026-09-26T16:00:00Z,official-fo,fo,Official FO,1027.0,0.13775,16075713,164871.0,0.138336,0.136408,0.830025,0.09939,116702149.19183505
2026-09-26T16:00:00Z,marvell-technology-ondo-tokenized-stock,mrvlon,Marvell Technology (Ondo Tokenized Stock),1028.0,263.06,16059966,2180309.0,266.93,262.0,340.8,62.45,61053.03395135221
2026-09-26T16:00:00Z,zzz-2,zzz,ZZZ,1029.0,0.02143093,16039510,1879835.0,0.02395389,0.0192628,0.091065,0.01318588,748354082.233695
2026-09-26T16:00:00Z,araracoin,arara,Araracoin,1030.0,0.00044211,16026447,13911.54,0.00044382,0.00044153,0.00107827,0.00020025,36250000000.0
2026-09-26T16:00:00Z,striker,stkri,Striker,,0.302903,15940938,8012.85,0.0,0.0,0.341653,0.277162,52627198.0
2026-09-26T16:00:00Z,metadium,meta,Metadium,1031.0,0.00911856,15899204,123773.0,0.00916334,0.00895807,0.452667,0.00295026,1743608720.0
2026-09-26T16:00:00Z,rosa-inu,rosa,Rosa Inu,1032.0,0.00015879,15879043,294.7,0.00015533,0.00011255,0.02197204,0.00010622,100000000000.0
2026-09-26T16:00:00Z,neuralai,neural,NEURALAI,1033.0,1.59,15868103,47880.0,1.68,1.51,17.29,0.177018,10000000.0
2026-09-26T16:00:00Z,tokenbot-2,clanker,tokenbot,1034.0,16.12,15864995,2611432.0,14.67,13.3,142.84,0.65425,986277.2321464521
2026-09-26T16:00:00Z,gno-land,gnot,Gno.land,1035.0,0.08035,15854603,3300609.0,0.085383,0.076153,0.129336,0.04049697,197320000.0
2026-09-26T16:00:00Z,apertum,aptm,Apertum,1036.0,0.079558,15787406,248566.0,0.082573,0.079698,2.08,0.071768,198357806.43016
2026-09-26T16:00:00Z,kernel-2,kernel,KernelDAO,1037.0,0.054787,15765567,5257619.0,0.056232,0.053863,0.473196,0.0304639,287808020.0
2026-09-26T16:00:00Z,punkstrategy,pnkstr,PunkStrategy,1038.0,0.01803184,15672066,149827.0,0.01893375,0.01811253,0.31653,0.00610268,869130007.8936241
2026-09-26T16:00:00Z,puffer-finance,puffer,Puffer,1039.0,0.02827416,15654560,1504389.0,0.02828532,0.02708162,0.990824,0.01151167,552129221.0
2026-09-26T16:00:00Z,nineteen-ai,sn19,Blockmachine,1040.0,3.09,15629242,29869.0,3.1,2.81,17.11,0.02696116,5065267.694421921
2026-09-26T16:00:00Z,stonkbroker,stonkbroker,StonkBroker,1041.0,0.01031881,15579605,1399190.0,0.01112213,0.01029364,0.0389903,0.00161591,1509882258.0
2026-09-26T16:00:00Z,kelp-gain,ageth,Kelp Gain,1042.0,2769.45,15572594,6.15,2777.3,2756.37,6714.87,495.13,5622.987495412331
2026-09-26T16:00:00Z,genius-ai,gnus,GENIUS AI,1043.0,1.022,15533085,3292.07,1.46,1.11,45.26,4.14e-06,15191963.803643337
2026-09-26T16:00:00Z,defi-ssi,defi.ssi,DEFI.ssi,1044.0,0.616049,15527511,23497.0,0.619574,0.60389,1.028,0.255435,25205104.87529361
2026-09-26T16:00:00Z,diamond-token-2,dit,DIAMOND TOKEN 💎,,0.154963,15496342,0.46489,0.0,0.0,0.155017,0.04022559,100000000.0
2026-09-26T16:00:00Z,rich-kids-of-tao,sn110,Green Compute,1045.0,5.2,15491284,783765.0,5.14,4.46,5.23,0.00615325,2977978.475521072
2026-09-26T16:00:00Z,seda-2,seda,SEDA,1046.0,0.02032525,15444637,674376.0,0.02122766,0.02038959,0.263586,0.01903159,759390779.5250846
2026-09-26T16:00:00Z,radicle,rad,Radworks,1047.0,0.261224,15431914,6721090.0,0.277056,0.248178,27.61,0.200869,59075978.895525984
2026-09-26T16:00:00Z,zentry,zent,Zentry,1048.0,0.00190826,15279134,1241518.0,0.0019105,0.00183825,0.04531743,0.00156037,8009612051.612713
2026-09-26T16:00:00Z,atomone,atone,AtomOne,1049.0,0.09774,15274264,4181.3,0.098552,0.093111,16.99,0.087699,156593864.555984
2026-09-26T16:00:00Z,chrema-coin,crmc,Chrema Coin,1050.0,0.466453,15262524,2.57,0.466787,0.422888,5.02,0.173149,32720382.0
2026-09-26T16:00:00Z,openeden-open-dollar,usdo,OpenEden OpenDollar,1051.0,0.99701,15234733,285.64,0.997072,0.996971,2.97,0.969341,15280420.90830863
2026-09-26T16:00:00Z,tribe-2,tribe,Tribe,1052.0,0.409159,15201426,1080.55,0.4116,0.40889,2.45,0.14412,37152804.84494996
2026-09-26T16:00:00Z,big-dog-fink,bink,Big Dog Fink,1053.0,0.00010187,15172210,25.92,0.00010228,0.00010023,0.00516508,5.314e-05,148939214098.2797
2026-09-26T16:00:00Z,echelon-prime,prime,Echelon Prime,1054.0,0.236084,15141954,342485.0,0.236416,0.232537,28.0,0.215005,64174501.0
2026-09-26T16:00:00Z,prism-assets,prism,Prism Assets,1055.0,0.01507098,15070997,910866.0,0.01564688,0.01320653,0.02509626,4.84e-05,1000000000.0
2026-09-26T16:00:00Z,bubblemaps,bmt,Bubblemaps,1056.0,0.02055108,15064042,4099393.0,0.02071268,0.01984662,0.317341,0.01087138,736067695.0
2026-09-26T16:00:00Z,bald,bald,Bald,1057.0,0.01505923,15059232,10.03,0.01525515,0.01469801,0.093869,0.00127508,1000000000.0
2026-09-26T16:00:00Z,reallink,real,RealLink,1058.0,0.00438144,15058523,286240.0,0.00447891,0.00435557,0.99069,0.00023002,3418071475.0
2026-09-26T16:00:00Z,tronbank,tbk,TronBank,1059.0,0.234582,15036516,159718.0,0.248151,0.235166,2.98,0.204588,64144072.890955925
2026-09-26T16:00:00Z,dinero-2,dinero,Dinero,1060.0,0.01190351,15031765,34.12,0.01193606,0.01190314,0.194588,0.00094345,1262801114.939
2026-09-26T16:00:00Z,rujira,ruji,Rujira,1061.0,0.201799,15015228,179603.0,0.235617,0.184891,1.74,0.082979,74500000.0
2026-09-26T16:00:00Z,beincom,bic,Beincom,1062.0,0.00669352,15012564,185.22,0.00669676,0.00663919,0.0422829,0.00421235,2242739266.419997
2026-09-26T16:00:00Z,doodles,dood,Doodles,1063.0,0.0019174,14955222,6639730.0,0.00191945,0.00187137,0.01753469,0.0011088,7800000000.0
2026-09-26T16:00:00Z,fart-coin,frtc,FART COIN,1064.0,1.49526e-07,14952618,40233.0,1.4952e-07,1.49459e-07,1.02e-06,6.863e-09,100000000000000.0
2026-09-26T16:00:00Z,bitcastle-token,bce,bitcastle Token,1065.0,0.03728032,14930522,429.97,0.03879495,0.03739378,0.208841,0.02213904,400000000.0
2026-09-26T16:00:00Z,fuzzybear,fuzzy,Fuzzybear,1066.0,4.691e-05,14909682,26320.0,4.826e-05,4.578e-05,0.00011864,1.41e-06,317770791933.93085
2026-09-26T16:00:00Z,circle-rstock-2,rcrcl,Circle rStock,1067.0,88.69,14871728,1689678.0,89.14,86.29,99.85,78.21,167735.383779528
2026-09-26T16:00:00Z,ix-swap,ixs,IXS,1068.0,0.08259,14866141,166399.0,0.083811,0.07668,0.830989,0.00904945,180000000.0
2026-09-26T16:00:00Z,pepecoin-2,pepecoin,PepeCoin,1069.0,0.146224,14847993,110138.0,0.147939,0.141947,7.51,0.01088097,101130084.3161107
2026-09-26T16:00:00Z,midas-wellington-income-opportunities,mwin,Midas Wellington Income Opportunities,1070.0,131016.0,14802861,0.0,131016.0,131016.0,131016.0,130464.0,112.98480105508489
2026-09-26T16:00:00Z,vnx,vnx,VNX,,0.050645,14762521,3.29,0.0,0.0,0.07466,0.0495706,291489446.29201806
2026-09-26T16:00:00Z,strategy-stretch-preferred-ondo-tokenized,strcon,Strategy Stretch Preferred (Ondo Tokenized),1071.0,104.16,14743520,796593.0,104.27,103.62,104.85,73.31,141550.2846371894
2026-09-26T16:00:00Z,origin-protocol,ogn,Origin Token,1072.0,0.02134293,14742571,13680406.0,0.02274991,0.02022327,3.35,0.01416988,690775622.0
2026-09-26T16:00:00Z,claude-crab,crabai,Claude Crab,1073.0,0.00154795,14705551,6.41,0.00154795,0.00154794,0.00405266,0.00154662,9500000000.0
2026-09-26T16:00:00Z,maverick-protocol,mav,Maverick Protocol,1074.0,0.01247366,14633043,2048340.0,0.01299093,0.01186947,0.804715,0.00779554,1172717582.8511639
2026-09-26T16:00:00Z,natix-network,natix,NATIX Network,1075.0,0.00023187,14553739,433313.0,0.00020813,0.00014259,0.00197488,5.212e-05,63458303835.01505
2026-09-26T16:00:00Z,embercurve,ember,embercurve,1076.0,0.0146769,14545572,4402878.0,0.01610986,0.01259003,0.04444978,0.0056608,989634180.029531
2026-09-26T16:00:00Z,bitquant,sn15,ORO,1077.0,8.17,14529883,247920.0,8.23,7.38,11.01,0.02856985,1777364.380859789
2026-09-26T16:00:00Z,dovu-2,dovu,DOVU,1078.0,0.00145063,14506122,39578.0,0.00148529,0.00139662,0.0092969,0.00020891,9999862336.68
2026-09-26T16:00:00Z,microstrategy-rstock,rmstr,MicroStrategy rStock,1079.0,159.6,14501072,718236.0,160.03,157.79,172.91,123.36,90860.49696362599
2026-09-26T16:00:00Z,credible-finance,cred,Credible Finance,1080.0,0.637311,14443609,200917.0,0.667872,0.615313,1.042,0.389346,22663356.355574
2026-09-26T16:00:00Z,lagrange,la,Lagrange,1081.0,0.074967,14385660,5612849.0,0.075016,0.072771,1.72,0.04425559,193000000.0
2026-09-26T16:00:00Z,chainbase,c,Chainbase,1082.0,0.089858,14375108,5164713.0,0.089933,0.082802,0.520504,0.04605293,160000000.0
2026-09-26T16:00:00Z,chex-token,chex,Chintai,1083.0,0.0114625,14320410,213124.0,0.01148908,0.01117091,0.804342,0.0005008,1248920016.9083176
2026-09-26T16:00:00Z,hypurr-fun,hfun,Hypurr Fun,1084.0,14.35,14291773,8002.47,14.35,14.29,300.19,6.52,995732.81054864
2026-09-26T16:00:00Z,spy-bstocks-tokenized-stock,spyb,SPY (bStocks Tokenized Stock),1085.0,771.26,14273611,1719650.0,772.93,770.41,779.47,728.69,18507.66687688999
2026-09-26T16:00:00Z,ishares-core-us-aggregate-bond-etf-ondo-tokenized-etf,aggon,iShares Core US Aggregate Bond ETF (Ondo Tokenized ETF),1086.0,100.15,14256151,55434.0,100.74,98.34,107.89,96.86,142342.5191119626
2026-09-26T16:00:00Z,sk-hynix-bstocks-tokenized-stock,skhyb,SK Hynix (bStocks Tokenized Stock),1087.0,191.79,14246361,1564640.0,192.09,190.43,199.41,114.39,74281.49967972
2026-09-26T16:00:00Z,fluent-network,blend,Fluent,1088.0,0.070944,14200654,6649710.0,0.071376,0.069167,0.251926,0.050821,200000000.0
2026-09-26T16:00:00Z,og-fan-token,og,OG Fan Token,1089.0,2.93,14199914,977240.0,2.96,2.88,24.78,1.18,4841140.0
2026-09-26T16:00:00Z,morpheusai,mor,Morpheus AI,1090.0,1.57,14196327,40799.0,1.63,1.55,138.99,0.476844,9052604.557147568
2026-09-26T16:00:00Z,celo-dollar,usdm,Mento Dollar,1091.0,1.002,14186516,21683.0,1.067,0.975604,2.08,0.498806,14159226.77378987
2026-09-26T16:00:00Z,nexacoin,nexa,Nexa,1092.0,1.28e-06,14182122,105709.0,1.29e-06,1.24e-06,4.18e-05,3.77385e-07,11033330000000.0
2026-09-26T16:00:00Z,debox,box,DeBox,1093.0,0.0279032,14180981,26194.0,0.02836221,0.02724226,0.122695,0.0037117,508212383.4
2026-09-26T16:00:00Z,taohash,sn14,Cacheon,1094.0,2.97,14167917,26882.0,2.98,2.69,45.73,0.0161508,4774064.738014096
2026-09-26T16:00:00Z,currenc-group-inc,curr,CURRENC Group Inc.,1095.0,3.0,14153958,0.0,3.01,3.0,4.06,3.0,4717986.0
2026-09-26T16:00:00Z,chill-guy,chillguy,Just a chill guy,1096.0,0.01414759,14144362,3510034.0,0.0142282,0.01372003,0.657518,0.00604048,999937299.277007
2026-09-26T16:00:00Z,stbl,stbl,STBL,1097.0,0.0282975,14142913,2207639.0,0.02852915,0.02805132,0.599171,0.01981632,500000000.0
2026-09-26T16:00:00Z,stable-coin-2,sbc,Stable Coin,1098.0,0.999553,14125245,432.97,0.999862,0.999567,1.009,0.994583,14131568.21478245
2026-09-26T16:00:00Z,dai-on-pulsechain,dai,DAI on PulseChain,1099.0,0.0021768,14111601,175996.0,0.00232853,0.00209644,0.03373531,1.02312e-13,44362170625.02132
2026-09-26T16:00:00Z,drift-protocol,drift,Drift Protocol,1100.0,0.01969637,14106700,2733732.0,0.02090664,0.01934081,2.6,0.01067399,716134160.06689
2026-09-26T16:00:00Z,ponke,ponke,PONKE,1101.0,0.02526905,14049338,1035812.0,0.02560155,0.02469388,0.836512,0.00927982,555535158.5453819
2026-09-26T16:00:00Z,dymension,dym,Dymension,1102.0,0.02135208,14019859,8009436.0,0.02149947,0.0199732,8.5,0.01270629,656425641.0
2026-09-26T16:00:00Z,spiko-uk-t-bills-money-market-fund,uktbl,Spiko UK T-Bills Money Market Fund,1103.0,1.36,14007775,0.0,1.36,1.36,1.4,1.35,10322584.35793
2026-09-26T16:00:00Z,spacex-republic-pre-ipo,prespcx,SpaceX (Republic Pre-IPO),1104.0,147.47,14002239,57853.0,148.16,147.17,947.28,103.92,94950.0
2026-09-26T16:00:00Z,buttcoin-7,buttcoin,Buttcoin,1105.0,0.01400311,13999562,817110.0,0.01591609,0.01356809,0.04941144,0.00336191,999748761.055854
2026-09-26T16:00:00Z,liquid-mercury,merc,Liquid Mercury,1106.0,0.003637,13965873,3894.08,0.00387121,0.00363297,1.001,0.00100028,3839940025.4380236
2026-09-26T16:00:00Z,sodax,soda,SODAX,1107.0,0.01281391,13831476,11903.84,0.01408304,0.01257189,0.096354,0.00789251,1079410622.148809
2026-09-26T16:00:00Z,xmaquina,deus,XMAQUINA,1108.0,0.02112683,13745483,77997.0,0.02116146,0.01987208,0.06876,0.01299753,650704507.4295065
2026-09-26T16:00:00Z,infinit,in,INFINIT,1109.0,0.0398295,13743650,2868838.0,0.03938704,0.03650648,0.317456,0.02911184,345068683.0
2026-09-26T16:00:00Z,saucerswap,sauce,SaucerSwap,1110.0,0.01484752,13735084,43321.0,0.01489981,0.01460805,0.233467,0.00802165,925075687.779934
2026-09-26T16:00:00Z,tokenize-xchange,tkx,Tokenize Xchange,,0.171556,13723786,3340.07,0.0,0.0,50.43,0.111255,79995997.76037452
2026-09-26T16:00:00Z,loopring,lrc,Loopring,1111.0,0.0099857,13721492,1814489.0,0.01011476,0.00965718,3.75,0.0075657,1373873397.442457
2026-09-26T16:00:00Z,corn-3,corn,Corn,1112.0,0.02610641,13710484,2151189.0,0.02616598,0.02587188,0.187137,0.0210968,525000000.0
2026-09-26T16:00:00Z,intel-xstock,intcx,Intel xStock,1113.0,122.86,13688668,102139.0,124.71,122.14,608.91,32.43,111415.83412456555
2026-09-26T16:00:00Z,stable-mint-usd,usdsm,Stable Mint USD,1114.0,1.0,13674144,3353.04,1.011,0.993977,1.44,0.688407,13671724.2
2026-09-26T16:00:00Z,hippo-protocol,hp,Hippo Protocol,1115.0,0.00935808,13667525,185102.0,0.00940701,0.0091676,0.067864,0.00601772,1460486142.7803564
2026-09-26T16:00:00Z,osaka-protocol,osak,Osaka Protocol,1116.0,1.7955e-08,13653156,59080.0,1.8063e-08,1.7753e-08,4.37636e-07,1.2854e-08,761459784660251.2
2026-09-26T16:00:00Z,h2o-2,h2o,H2O,1117.0,6.12,13647885,904474.0,6.11,5.9,23.24,1.514e-05,2235101.010741124
2026-09-26T16:00:00Z,crypgpt,crypgpt,CrypGPT,1118.0,0.087967,13647021,1721049.0,0.088269,0.087716,16.68,0.04000941,155138603.8100307
2026-09-26T16:00:00Z,gridcoin-research,grc,Gridcoin,1119.0,0.02695784,13643193,1545.24,0.02768713,0.02258243,0.214228,0.00060646,506093677.69587
2026-09-26T16:00:00Z,storj,storj,Storj,1120.0,0.03208087,13633521,3283101.0,0.03229531,0.0316731,3.81,0.0273919,424999998.0
2026-09-26T16:00:00Z,chili-coin,chi,Chili Coin,,0.00045243,13561137,196.84,0.0,0.0,0.00131437,0.00029055,29973928325.721252
2026-09-26T16:00:00Z,equilibria-finance,eqb,Equilibria Finance,1121.0,0.135472,13547891,29570.0,0.144551,0.127619,1.18,0.01083548,100000000.0
2026-09-26T16:00:00Z,elsa,elsa,Elsa,1122.0,0.059081,13528171,4247619.0,0.059864,0.056107,0.400424,0.03778496,228980000.0
2026-09-26T16:00:00Z,usualx,usualx,USUALx,1123.0,0.02715939,13519017,7019.03,0.0273289,0.02624596,1.59,0.01309298,497901173.5951428
2026-09-26T16:00:00Z,usdm-2,usdm,USDM,1124.0,0.996454,13494685,182877.0,1.02,0.989136,1.41,0.529334,13544372.76
2026-09-26T16:00:00Z,saga-2,saga,Saga,1125.0,0.0323939,13485911,108145769.0,0.04574319,0.03180638,7.6,0.01174197,416505429.0
2026-09-26T16:00:00Z,stake-link,sdl,stake.link,1126.0,0.351667,13398845,5924.09,0.353517,0.332325,1.56,0.072039,38096908.861649826
2026-09-26T16:00:00Z,bnbtiger,bnbtigerog,BNB Tiger OG,1127.0,1e-18,13322478,1754.96,1e-18,1e-18,3.3387e-13,0.0,9.999999999999999e+24
2026-09-26T16:00:00Z,dynachain,dyna,Dynachain,,0.0341983,13239369,826.83,0.0,0.0,2.29,0.00329895,387135286.3908967
2026-09-26T16:00:00Z,apple-xstock,aaplx,Apple xStock,1128.0,341.03,13232346,1987179.0,342.56,340.02,345.14,201.64,38800.691273025855
2026-09-26T16:00:00Z,bluwhale,bluai,Bluwhale,1129.0,0.01076563,13216577,2491485.0,0.01110388,0.01068419,0.03710481,0.00411069,1228000000.0
2026-09-26T16:00:00Z,streamex-gldy,gldy,Streamex GLDY,1130.0,4285.63,13189986,0.0,4285.63,4281.93,4693.0,3999.46,3077.727598
2026-09-26T16:00:00Z,ninja-squad,nst,Ninja Squad Token,1131.0,1.53,13179524,203571.0,1.55,1.5,8.5,0.04543746,8611274.43
2026-09-26T16:00:00Z,magic-internet-money-runes,mim,MAGIC•INTERNET•MONEY (Bitcoin),1132.0,0.00062475,13120271,91010.0,0.0006785,0.00058941,0.0088468,0.00016765,21000000000.0
2026-09-26T16:00:00Z,coinbase-xstock,coinx,Coinbase xStock,1133.0,196.03,13051211,2821276.0,196.18,193.98,444.29,139.4,66575.6557335291
2026-09-26T16:00:00Z,midas-re7-ethereum,mre7eth,Midas Re7 Ethereum,1134.0,2719.19,13027956,0.0,2727.74,2703.8,2841.04,1841.53,4791.120229835018
2026-09-26T16:00:00Z,recall,recall,Recall,1135.0,0.04569358,13026066,5886809.0,0.0466554,0.044607,0.821088,0.02879564,285646195.14714
2026-09-26T16:00:00Z,boundless,zkc,Boundless,1136.0,0.0447675,13009830,6087812.0,0.04534525,0.04205621,1.78,0.03618512,290641046.0
2026-09-26T16:00:00Z,hydrated-dollar,hollar,Hydrated Dollar,1137.0,1.002,12982972,1124919.0,1.01,0.995022,1.046,0.930178,12966040.72144108
2026-09-26T16:00:00Z,unity-2,uty,Unity,1138.0,0.999557,12982265,2.48,0.99966,0.999555,1.014,0.990811,12988016.21950982
2026-09-26T16:00:00Z,cycle-2,cyc,Cycle Network,1139.0,0.08533,12970051,2946590.0,0.117312,0.069024,0.11831,0.00639678,152000000.0
2026-09-26T16:00:00Z,bitlayer-bitvm,btr,Bitlayer,1140.0,0.04963493,12948832,1245187.0,0.050195,0.04866681,0.237163,0.01583658,261600000.0
2026-09-26T16:00:00Z,wo-ta-ma-laile,我踏马来了,我踏马来了,1141.0,0.01291694,12917185,655060.0,0.0137805,0.01301461,0.062415,0.00656166,1000000000.0
2026-09-26T16:00:00Z,dippy,sn11,Dippy,1142.0,2.64,12907107,202338.0,2.65,2.42,8.45,0.02445404,4889448.427916479
2026-09-26T16:00:00Z,xsgd,xsgd,XSGD,1143.0,0.78167,12906445,274367.0,0.782639,0.780973,1.36,0.620483,16511373.239569
2026-09-26T16:00:00Z,level-114,sn114,Level 114,1144.0,6.78,12876022,1367825.0,6.75,5.31,6.81,0.01604766,1898569.213793824
2026-09-26T16:00:00Z,codec-flow,codec,Codec Flow,1145.0,0.01287235,12867985,573979.0,0.01482545,0.01145894,0.04559507,0.00136243,999894165.390264
2026-09-26T16:00:00Z,islamic-coin,islm,Islamic Coin,1146.0,0.00343701,12864923,15592.74,0.00351025,0.00317554,0.303274,0.00304397,3743055859.07864
2026-09-26T16:00:00Z,swarm-3,sn124,Swarm,1147.0,3.26,12854936,214528.0,3.28,2.96,3.69,0.01296531,3946877.919053395
2026-09-26T16:00:00Z,andy-the-wisguy,andy,ANDY ETH,1148.0,1.28e-05,12795282,92396.0,1.376e-05,1.256e-05,0.00035218,2.39287e-07,1000000000000.0
2026-09-26T16:00:00Z,trust-3,trust,TRUST,1149.0,0.00012755,12754765,1167.48,0.00013036,0.00011837,0.00072656,6.973e-05,100000000000.0
2026-09-26T16:00:00Z,ishares-core-s-p-total-us-stock-market-etf-ondo-tokenized-etf,itoton,iShares Core S&P Total US Stock Market ETF (Ondo Tokenized ETF),1150.0,169.56,12729798,14.93,171.49,169.4,174.28,138.58,75075.56968997318
2026-09-26T16:00:00Z,moonriver,movr,Moonriver,1151.0,1.013,12729224,6130886.0,1.033,0.962003,494.26,0.626039,12568389.0
2026-09-26T16:00:00Z,bone-shibaswap,bone,Bone ShibaSwap,1152.0,0.050941,12728762,978214.0,0.052277,0.050429,15.5,0.0,249873920.4882183
2026-09-26T16:00:00Z,mon-protocol,mon,MON Protocol,1153.0,0.01964711,12711400,2434.43,0.02671852,0.00028989,0.686349,0.00028989,646985591.5548567
2026-09-26T16:00:00Z,wise-token11,wise,Wise,1154.0,0.14538,12650511,4657.81,0.146627,0.144812,0.96738,0.078411,87016963.24869756
2026-09-26T16:00:00Z,thinking-cat,hmm,Thinking Cat,1155.0,0.01262029,12621043,1494501.0,0.01389625,0.0117964,0.03823183,0.00018581,1000000000.0
2026-09-26T16:00:00Z,vcred,vcred,VCRED,,0.999807,12597572,62.86,0.0,0.0,1.44,0.826031,12600000.0
2026-09-26T16:00:00Z,roll-2,roll,ROLL,1156.0,0.081211,12587022,168762.0,0.081306,0.076642,0.18368,0.02111487,154999998.99999988
2026-09-26T16:00:00Z,usd-coinvertible,usdcv,USD CoinVertible,1157.0,1.0,12551007,5750616.0,1.001,0.999649,1.13,0.978779,12546441.0
2026-09-26T16:00:00Z,memory-cow-moo,moo,Memory cow Moo,1158.0,0.01263266,12483080,3043540.0,0.01495233,0.01186385,0.04350484,0.00924796,988566353.6548336
2026-09-26T16:00:00Z,nest-alpha-vault,nalpha,Nest Alpha Vault,1159.0,1.12,12477367,0.0,1.12,1.12,2.45,0.459495,11136380.09564
2026-09-26T16:00:00Z,elysia,el,ELYSIA,1160.0,0.00182875,12436310,392717.0,0.00186939,0.00175615,0.069104,1.996e-05,6803300704.688
2026-09-26T16:00:00Z,hyperlink-hlhype,hlhype,HyperLink hlHYPE,1161.0,92.67,12432020,4.02,93.17,91.51,94.4,54.04,134157.4766089627
2026-09-26T16:00:00Z,hairdao,hair,HairDAO,1162.0,17.5,12393602,3742.94,17.65,16.87,150.38,2.35,707987.0580894647
2026-09-26T16:00:00Z,esui-dollar,suiusde,eSui Dollar,1163.0,1.0,12379678,279800.0,1.0,0.998672,1.062,0.978642,12376209.619346
2026-09-26T16:00:00Z,ellipsis,eps,Ellipsis [OLD],1164.0,0.01709566,12373255,105.56,0.01724771,0.01705676,21.39,2.12193e-07,723701571.7997887
2026-09-26T16:00:00Z,brickken,bkn,Brickken,1165.0,0.124552,12344111,245473.0,0.138334,0.119214,1.39,0.04887029,99046635.0
2026-09-26T16:00:00Z,caldera,era,Caldera,1166.0,0.070564,12331327,2333027.0,0.071218,0.068759,1.88,0.054299,174750000.0
2026-09-26T16:00:00Z,cacao,cacao,Maya Protocol,,0.12301,12301013,606869.0,0.0,0.0,1.43,0.00089174,100000000.0
2026-09-26T16:00:00Z,freedom-dollar,fusd,Freedom Dollar,1167.0,0.999693,12296217,53821.0,0.999972,0.995384,1.057,0.987279,12300000.0
2026-09-26T16:00:00Z,spacex-robinhood-tokenized-stock,spcx,SpaceX • Robinhood Token,1168.0,148.62,12269322,5521980.0,149.06,147.97,171.34,105.57,82610.04037
2026-09-26T16:00:00Z,elonxcat,exc,ElonXCat,,2.4454e-08,12227059,1.11,0.0,0.0,3.51615e-07,2.85421e-13,500000000000000.0
2026-09-26T16:00:00Z,coinex-token,cet,CoinEx,1169.0,0.00500042,12201675,11195.1,0.00500386,0.00499349,0.150293,0.00410696,2440128209.54
2026-09-26T16:00:00Z,gold-xstock,gldx,Gold xStock,1170.0,392.11,12198657,7659006.0,393.71,392.06,510.77,300.95,31108.679011275894
2026-09-26T16:00:00Z,global-commercial-business,gcb,Global Commercial Business,1171.0,0.01011814,12160428,67.38,0.01022436,0.01011763,0.342361,0.00810296,1201844746.3738875
2026-09-26T16:00:00Z,hu-die-ren-sheng,蝴蝶人生,蝴蝶人生,1172.0,0.01677185,12158401,276191.0,0.01755372,0.01526933,0.04261279,0.00343393,724520340.7285403
2026-09-26T16:00:00Z,manifesting,manifest,Manifesting,1173.0,0.0134566,12085533,648919.0,0.01500717,0.01251504,0.053044,0.00499372,899995469.947539
2026-09-26T16:00:00Z,marinade,mnde,Marinade,1174.0,0.02211049,12081372,1559087.0,0.02906347,0.02047887,1.64,0.01482634,546399977.0
2026-09-26T16:00:00Z,compounding-open-dollar,cusdo,Compounding OpenDollar,1175.0,1.049,12078550,22.18,1.059,1.048,1.38,0.711787,11517001.57623136
2026-09-26T16:00:00Z,diam,diam,DIAM,1176.0,0.00517046,12066676,1154623.0,0.0052014,0.00516279,0.03310188,0.00503235,2333886895.68429
2026-09-26T16:00:00Z,ado-network,ado,ADO Protocol,1177.0,0.03010379,12041518,50.22,0.03020873,0.02996768,0.065887,1.165e-05,400000000.0
2026-09-26T16:00:00Z,robinhood-xstock,hoodx,Robinhood xStock,1178.0,118.72,12040383,1139927.0,119.68,117.93,533.13,63.67,101423.43089426741
2026-09-26T16:00:00Z,firmachain,fct,Firmachain,1179.0,0.00967163,12026583,141524.0,0.00987288,0.00948705,0.44136,0.00589187,1243490518.706973
2026-09-26T16:00:00Z,proton-loan,loan,Loan Protocol,1180.0,0.00035688,12009052,61921.0,0.00036283,0.00034994,0.00278796,4.11e-06,33648855132.638817
2026-09-26T16:00:00Z,playsout,play,PlaysOut,1181.0,0.03205669,11980973,2083884.0,0.03322356,0.03148231,0.22983,0.01630447,373500000.0
2026-09-26T16:00:00Z,counterparty,xcp,Counterparty,1182.0,4.62,11962355,2447.32,5.05,3.56,91.13,0.134356,2586604.86544096
2026-09-26T16:00:00Z,infinex-2,inx,Infinex,1183.0,0.00598474,11938060,532374.0,0.0060776,0.00583215,0.03339159,0.00509131,1994300001.0
2026-09-26T16:00:00Z,eurocoinpay,ecte,EurocoinToken,1184.0,0.119304,11930402,67719.0,0.121829,0.117715,1.026,9.998e-05,100000000.0
2026-09-26T16:00:00Z,corgiai,corgiai,CorgiAI,1185.0,3.299e-05,11915369,2734.47,3.418e-05,3.206e-05,0.0042301,2.602e-05,361137554324.34717
2026-09-26T16:00:00Z,statics-protocol,statics,Statics Protocol,1186.0,0.01708045,11909615,149216.0,0.01713859,0.0152338,0.02223313,0.00881633,697222769.2101991
2026-09-26T16:00:00Z,slerf,slerf,Slerf [OLD],1187.0,0.02379993,11900202,1630.87,0.02416507,0.02348038,1.3,0.00311002,499997750.5
2026-09-26T16:00:00Z,heima,hei,Heima,1188.0,0.146058,11897723,2670900.0,0.146633,0.140274,1.25,0.04755675,81477189.0
2026-09-26T16:00:00Z,alien-worlds,tlm,Alien Worlds,1189.0,0.00169064,11891755,19957945.0,0.00174231,0.00154811,0.739714,0.00081186,7033952619.8361
2026-09-26T16:00:00Z,pond-coin,pndc,PondCoin,1190.0,8.511e-08,11884595,11277.97,9.7904e-08,8.5125e-08,2.97e-06,1.7268e-08,139637345396370.53
2026-09-26T16:00:00Z,stairway-to-gold,gold,Stairway to gold,1191.0,0.01188565,11884209,11356.65,0.01207482,0.01165994,0.01371,0.00032428,999854495.5246329
2026-09-26T16:00:00Z,bullbit,bubi,Bullbit,1192.0,0.0418719,11879634,5657640.0,0.0428486,0.04164918,0.051473,0.04091551,283671864.40218115
2026-09-26T16:00:00Z,koma-inu,koma,Koma Inu,1193.0,0.01957775,11863337,1108281.0,0.01994381,0.0191334,0.192298,0.00317561,605954336.8885533
2026-09-26T16:00:00Z,minotari,xtm,MinoTari (Tari),1194.0,0.00173754,11832816,145986.0,0.00186074,0.00168039,0.077761,0.00030531,6808913383.0
2026-09-26T16:00:00Z,yusd-stablecoin,yusd,YUSD Stablecoin,1195.0,0.997248,11812140,42.67,0.997328,0.995271,4.17,0.076939,11844732.18405347
2026-09-26T16:00:00Z,deso,deso,Decentralized Social,1196.0,1.12,11798958,1466.66,1.12,1.078,198.68,0.687507,10532253.8854
2026-09-26T16:00:00Z,mimatic,mimatic,MAI,1197.0,0.99365,11788445,1667.98,1.002,0.988029,1.35,0.655895,11863768.168487314
2026-09-26T16:00:00Z,autonolas,olas,Autonolas,1198.0,0.0392826,11764574,85499.0,0.04212668,0.03921346,8.47,0.01853581,299485501.91255015
2026-09-26T16:00:00Z,hamster-kombat,hmstr,Hamster Kombat,1199.0,0.00018264,11756047,3372453.0,0.00018219,0.00017722,0.00722201,0.00012276,64375000000.0
2026-09-26T16:00:00Z,chomolon-joff,joff,Chomolon Joff,1200.0,0.01330218,11663226,84575.0,0.01391723,0.01309507,0.03078726,0.00079332,871530911.7892947
2026-09-26T16:00:00Z,sofi-technologies-ondo-tokenized-stock,sofion,SoFi Technologies (Ondo Tokenized Stock),1201.0,16.7,11654091,145422.0,16.8,16.46,27.25,14.79,698844.0355670897
2026-09-26T16:00:00Z,the-grays-currency,ptgc,The Grays Currency,1202.0,4.047e-05,11637289,20797.0,4.518e-05,2.909e-05,0.00132623,2.17e-06,287544149427.7929
2026-09-26T16:00:00Z,hookr-fun,hookr,Hookr.fun,1203.0,0.01162192,11623520,1682430.0,0.01525449,0.011667,0.02853089,8.94e-05,1000000000.0
2026-09-26T16:00:00Z,kotai,kti,KOTAI,1204.0,2.731e-05,11617520,11291.53,2.722e-05,2.607e-05,4.751e-05,2.442e-05,425337965000.0
2026-09-26T16:00:00Z,xion-2,xion,Xion,1205.0,0.112224,11601516,951.02,0.148355,0.109696,6.83,0.03975833,92675958.0
2026-09-26T16:00:00Z,broadcom-bstocks-tokenized-stock,avgob,Broadcom (bStocks Tokenized Stock),1206.0,354.53,11573520,413624.0,355.11,351.71,432.36,336.11,32644.96662457
2026-09-26T16:00:00Z,unitas-gold,xgld,Unitas Gold,1207.0,4299.58,11562291,157.78,4311.27,4292.7,6112.55,3943.47,2689.168431
2026-09-26T16:00:00Z,vow,vow,Vow,1208.0,0.03693518,11535409,113442.0,0.03794061,0.03649504,2.64,0.0093282,312315349.1724559
2026-09-26T16:00:00Z,ekubo-protocol,ekubo,Ekubo Protocol,1209.0,1.15,11534769,15251.21,1.16,1.11,7.64,0.342452,10000000.0
2026-09-26T16:00:00Z,youves-uusd,uusd,Youves uUSD,,0.9986,11520967,44.64,0.0,0.0,1.89,0.398777,11537114.0
2026-09-26T16:00:00Z,gains-network,gns,Gains Network,1210.0,0.485261,11519498,668382.0,0.491648,0.471934,12.48,0.265841,23738758.0
2026-09-26T16:00:00Z,wolf-2,wolf,WOLF,1211.0,0.01150048,11500508,1177.72,0.0116701,0.01139012,0.04783106,0.00285343,999978216.543657
2026-09-26T16:00:00Z,clawpump-tech,claw,clawpump.tech,1212.0,0.01160656,11493951,183622.0,0.01378773,0.01062919,0.01435067,0.00022458,989968002.017303
2026-09-26T16:00:00Z,thena,the,Thena,1213.0,0.082476,11488795,4100367.0,0.086807,0.081839,4.03,0.04575467,139300789.23731387
2026-09-26T16:00:00Z,bitchemical-token,bchem,Bitchemical Token,,0.01351367,11483860,10.0,0.0,0.0,0.050105,9.9987e-08,849795623.5420697
2026-09-26T16:00:00Z,overtime,over,Overtime,1214.0,0.208592,11427286,5196.07,0.210461,0.207707,0.369086,0.095069,54783062.132361285
2026-09-26T16:00:00Z,versatize-coin,vtcn,Versatize Coin,1215.0,0.114258,11425945,138309.0,0.114275,0.114252,0.435019,0.00120116,100000000.0
2026-09-26T16:00:00Z,zenchain-2,ztc,ZenChain,1216.0,0.00054372,11418160,136131.0,0.00054456,0.00054148,0.00424833,0.00050482,21000000000.0
2026-09-26T16:00:00Z,vifoxcoin,vfx,ViFoxCoin,1217.0,1.15,11399006,46.38,1.15,1.15,1.2,0.671625,9915705.008
2026-09-26T16:00:00Z,gods-unchained,gods,Gods Unchained,1218.0,0.02561571,11390095,40072.0,0.02605269,0.02520131,8.8,0.01902281,444652770.402
2026-09-26T16:00:00Z,sportstensor,sn41,Sportstensor,1219.0,2.37,11388041,1152576.0,2.34,1.94,16.73,0.01033921,4811223.031859871
2026-09-26T16:00:00Z,apex-5,sn1,Apex,1220.0,2.23,11375670,123570.0,2.25,2.04,12.58,0.02272172,5098003.194994833
2026-09-26T16:00:00Z,gunz,gun,Gunz,1221.0,0.0032515,11362993,3939137.0,0.00324895,0.00311405,0.115004,0.00244291,3494879544.0
2026-09-26T16:00:00Z,mainframe-2,sn25,UR,1222.0,2.25,11352587,706455.0,2.26,2.08,5.22,0.00876681,5052930.054261809
2026-09-26T16:00:00Z,iagon,iag,Iagon,1223.0,0.02300897,11351281,32707.0,0.02310131,0.0221392,0.389333,0.00070422,493375531.157779
2026-09-26T16:00:00Z,decentrawood,deod,Decentrawood,1224.0,0.02010566,11320844,977063.0,0.0201845,0.0198463,0.03902437,0.00048651,563129647.3666708
2026-09-26T16:00:00Z,usdb,usdb,USDB,1225.0,0.994362,11320766,3665.67,1.001,0.993557,1.088,0.831432,11384956.31144
2026-09-26T16:00:00Z,ishares-msci-eafe-etf-ondo-tokenized-etf,efaon,iShares MSCI EAFE ETF (Ondo Tokenized ETF),1226.0,108.01,11298636,152.27,109.12,107.78,115.17,89.83,104610.3520139278
2026-09-26T16:00:00Z,wanchain,wan,Wanchain,1227.0,0.05664,11284997,282423.0,0.057185,0.056018,9.84,0.0460201,199069833.33962062
2026-09-26T16:00:00Z,optio,opt,Optio,,0.00068212,11271642,102.83,0.0,0.0,0.03491861,0.00023968,16524389984.083788
2026-09-26T16:00:00Z,quai-network,quai,Quai Network,1228.0,0.01014512,11247214,150778.0,0.01097694,0.0099103,0.3634,0.00737592,1108811849.0
2026-09-26T16:00:00Z,payai-network-2,payai,PayAI Network,1229.0,0.01122177,11219587,512676.0,0.01214861,0.01025788,0.01895245,0.00206716,999942557.865971
2026-09-26T16:00:00Z,mwx-token,mwxt,MWX Token,1230.0,0.050638,11217328,127286.0,0.051046,0.050639,0.33575,0.0429992,221583086.63091815
2026-09-26T16:00:00Z,haroldonsol,harold,Harold,1231.0,0.0111948,11194559,20923.0,0.01218864,0.01103705,0.02963426,0.00025071,999954116.4841
2026-09-26T16:00:00Z,pulsechain-peacock,pcock,PulseChain Peacock,1232.0,0.01320661,11167516,43735.0,0.0142002,0.00938912,0.03038117,0.00176597,845600965.7774357
2026-09-26T16:00:00Z,brew,brew,BREW,1233.0,0.01213141,11163556,3607143.0,0.0150751,0.01135518,0.03022852,0.00354326,920529223.9273114
2026-09-26T16:00:00Z,tg-casino,tgc,TG.Casino,1234.0,0.146359,11159874,8448.72,0.146065,0.143621,0.860984,0.080208,76249999.99983217
2026-09-26T16:00:00Z,webgenieai,sn54,WebGenieAI,1235.0,2.07,11152798,779329.0,2.18,1.93,2.62,0.0112405,5383174.638366031
2026-09-26T16:00:00Z,frok-ai,frok,FROK,1236.0,0.055388,11128604,56332.0,0.058381,0.04867242,0.250266,0.01283227,200921544.0
2026-09-26T16:00:00Z,bxn,bxn,BXN,1237.0,0.00069002,11078547,293692.0,0.00069134,0.00068825,0.01626166,0.00027305,16058667476.00753
2026-09-26T16:00:00Z,newton-protocol,newt,Newton Protocol,1238.0,0.051531,11073552,1831172.0,0.051513,0.050359,0.820552,0.03500613,215000000.0
2026-09-26T16:00:00Z,origyn-foundation,ogy,ORIGYN,1239.0,0.00135893,11031786,131677.0,0.00136758,0.00134966,0.04559569,0.00068977,8117996104.0
2026-09-26T16:00:00Z,egl1,egl1,EGL1,1240.0,0.01154004,11013463,740522.0,0.01160179,0.01142239,0.122851,0.00941082,954554411.7220546
2026-09-26T16:00:00Z,paal-ai,paal,PAAL AI,1241.0,0.01100925,10995974,631875.0,0.01081889,0.00831934,0.859797,4.587e-05,998859733.202294
2026-09-26T16:00:00Z,4stock,4stock,4Stock,1242.0,0.01097778,10982956,3160626.0,0.01162497,0.01016651,0.060662,0.00786317,1000000000.0
2026-09-26T16:00:00Z,intuition,trust,Intuition,1243.0,0.060869,10934652,1333935.0,0.062828,0.05968,0.606129,0.04538845,179647832.0
2026-09-26T16:00:00Z,wazirx,wrx,WazirX,1244.0,0.0239238,10921621,11300.6,0.02445537,0.02349258,5.88,0.0119473,456517027.3318671
2026-09-26T16:00:00Z,sturdy-subnet,sn10,Pareton,1245.0,2.08,10863779,740773.0,2.23,1.96,9.28,0.0117876,5212772.925457731
2026-09-26T16:00:00Z,ishares-tips-bond-etf-ondo-tokenized-etf,tipon,iShares TIPS Bond ETF (Ondo Tokenized ETF),,108.43,10862049,3.92,0.0,0.0,132.81,97.62,100179.3287104322
2026-09-26T16:00:00Z,yieldfi-ytoken,yusd,YieldFi yToken,1246.0,0.998454,10860096,0.0,0.998454,0.998454,1.19,0.982587,10876911.30877448
2026-09-26T16:00:00Z,aeon-3,aeon,AEON,1247.0,0.057508,10816870,3475268.0,0.059076,0.056636,0.187455,0.04559514,188000000.0
2026-09-26T16:00:00Z,tendies-2,tendies,TENDIES,1248.0,0.01059115,10784384,1520764.0,0.01207174,0.00971337,0.04021755,0.00220458,1000000000.0
2026-09-26T16:00:00Z,act-i-the-ai-prophecy,act,Act I The AI Prophecy,1249.0,0.01136664,10776032,6195932.0,0.01149153,0.0109719,0.919768,0.00709075,948237953.753073
2026-09-26T16:00:00Z,tradable-latam-charge-card-ssn,pc0000111,Tradable LatAm Charge Card SSN,1250.0,1.0,10750000,0.0,1.0,1.0,1.0,1.0,10750000.0
2026-09-26T16:00:00Z,alethea-artificial-liquid-intelligence-token,ali,Artificial Liquid Intelligence,1251.0,0.00109014,10716721,164288.0,0.00116428,0.00114036,0.201312,0.00093108,9870903732.0
2026-09-26T16:00:00Z,ember-third-eye,ethird,Ember Third Eye,,1.053,10702326,1397.64,0.0,0.0,1.14,1.029,10163619.09756
2026-09-26T16:00:00Z,jtrsy-derwa,dejtrsy,JTRSY deRWA,1252.0,1.038,10699912,0.0,1.038,1.038,1.048,1.019,10312616.16282947
2026-09-26T16:00:00Z,bella-protocol,bel,Bella Protocol,1253.0,0.133477,10689065,1506200.0,0.133987,0.129468,9.99,0.078469,80000000.0
2026-09-26T16:00:00Z,meta-xstock,metax,Meta xStock,1254.0,748.39,10687804,6698872.0,755.28,744.96,1359.31,520.18,14286.927874702698
2026-09-26T16:00:00Z,autonomi,ant,Autonomi,1255.0,0.0308632,10670810,170682.0,0.0316882,0.03021403,0.330726,0.00289017,345837194.42751265
2026-09-26T16:00:00Z,moonwell-artemis,well,Moonwell,1256.0,0.00234785,10635604,228948.0,0.00218974,0.00204039,0.298797,0.00174842,4529877852.0
2026-09-26T16:00:00Z,boba-network,boba,Boba Network,1257.0,0.0215136,10624446,512571.0,0.02195936,0.02065817,7.93,0.01677795,493599306.0
2026-09-26T16:00:00Z,zkpass,zkp,zkPass,1258.0,0.052636,10612340,5760237.0,0.052317,0.05076,0.23286,0.03847052,201666667.0
2026-09-26T16:00:00Z,spacex-ondo-tokenized-stock,spcxon,SpaceX (Ondo Tokenized Stock),1259.0,148.65,10586899,1079765.0,149.15,148.01,239.65,105.69,71223.11701655047
2026-09-26T16:00:00Z,aligned,align,Aligned,1260.0,0.00647661,10574822,1623602.0,0.00651004,0.00638541,0.03380897,0.00565565,1632000000.0
2026-09-26T16:00:00Z,wibx,wbx,Wibx,1261.0,0.0008995,10570331,17390.25,0.00094172,0.00088476,0.04239935,0.00018438,11751286309.0
2026-09-26T16:00:00Z,alphabet-rstock,rgoogl,Alphabet rStock,1262.0,343.11,10548571,123974.0,344.8,342.39,363.84,335.03,30744.05598384299
2026-09-26T16:00:00Z,orchid-protocol,oxt,Orchid Protocol,1263.0,0.01057765,10547631,1087972.0,0.01069653,0.01035396,1.026,0.00339924,997214634.4279902
2026-09-26T16:00:00Z,smolecoin,smole,smolecoin,1264.0,2.506e-05,10523727,112.02,2.53e-05,2.475e-05,0.00050863,5.5e-06,420000000000.0
2026-09-26T16:00:00Z,avalon-2,avl,Avalon,1265.0,0.02581581,10520720,369825.0,0.02554673,0.02424473,0.787073,0.01471032,407530001.0
2026-09-26T16:00:00Z,foom,foom,Foom,1266.0,5.998e-08,10496555,200.76,6.06e-08,5.9742e-08,1.8711e-07,7.16065e-13,175000000000000.0
2026-09-26T16:00:00Z,theoriq,thq,Theoriq,1267.0,0.01261123,10487241,332271.0,0.01332398,0.01239406,0.165422,0.00922876,831590107.377
2026-09-26T16:00:00Z,capybara-nation,bara,Capybara Nation,1268.0,1.04556e-07,10455616,7573.73,1.08568e-07,1.03403e-07,2.211e-05,8.6687e-08,100000000000000.0
2026-09-26T16:00:00Z,w-ai-parked,sn39,basilica,1269.0,2.28,10446053,838225.0,2.3,2.08,15.73,0.01364815,4571594.046087068
2026-09-26T16:00:00Z,nest-alpha-vault-lp,inalpha,Nest Alpha Vault (LP),1270.0,0.9542,10442662,0.0,0.9542,0.9542,1.022,0.9542,10943891.979688
2026-09-26T16:00:00Z,strike-2,strike,Strike,1271.0,0.579972,10438029,40668.0,0.618564,0.555866,2.17,0.063691,18000000.0
2026-09-26T16:00:00Z,sharex-2,share,ShareX,1272.0,0.579965,10408913,922069.0,0.588395,0.577181,0.705004,0.184578,17950000.0
2026-09-26T16:00:00Z,marblex,mbx,MARBLEX,1273.0,0.03249823,10402903,2868379.0,0.03539304,0.03142001,20.74,0.02036131,320117095.16037035
2026-09-26T16:00:00Z,verona,verona,Verona,1274.0,0.111986,10377545,114334.0,0.112091,0.110407,0.20719,0.098385,92675958.0
2026-09-26T16:00:00Z,lukso-token,lyxe,LUKSO [OLD],1275.0,0.115264,10373722,42.64,0.116271,0.114982,41.18,0.097082,89999999.63875192
2026-09-26T16:00:00Z,forta,fort,Forta,1276.0,0.01594609,10333244,242500.0,0.01617005,0.01552671,0.964645,0.01077509,648324357.0
2026-09-26T16:00:00Z,stakestone,sto,StakeStone,1277.0,0.04563972,10293543,4521604.0,0.04690495,0.04384496,1.77,0.036012,225333333.0
2026-09-26T16:00:00Z,thorswap,thor,THORSwap,1278.0,0.040693,10289728,2935.95,0.04155917,0.03599223,3.05,0.00538562,253199506.13128662
2026-09-26T16:00:00Z,cookie,cookie,Cookie DAO,1279.0,0.01280393,10282281,1570488.0,0.01284747,0.01212227,0.753574,0.00740834,802925461.154351
2026-09-26T16:00:00Z,balsa-mm-fund,bmmf,Balsa MM Fund,,0.08369,10268220,170.25,0.0,0.0,0.084903,0.070272,122693559.6498591
2026-09-26T16:00:00Z,kaio,kaio,KAIO,1280.0,0.01524923,10261776,1229840.0,0.01654814,0.01341101,0.256622,0.01218833,681250000.0
2026-09-26T16:00:00Z,squid-3,quid,Squid,1281.0,0.071658,10257248,3769415.0,0.073358,0.068892,0.142894,0.054814,143157197.0
2026-09-26T16:00:00Z,gold-token-sa-dgld-tokenized-gold,dgld,Digital Gold,1282.0,4244.46,10237458,77.13,4326.73,4239.98,10607.93,214.61,2411.955
2026-09-26T16:00:00Z,prologue,prologue,Prologue,1283.0,0.01023377,10234108,1469308.0,0.01264429,0.00958974,0.01965928,0.00025792,1000000000.0
2026-09-26T16:00:00Z,ishares-gold-trust-ondo-tokenized-stock,iauon,iShares Gold Trust (Ondo Tokenized Stock),1284.0,79.93,10157157,643641.0,80.73,79.77,393.76,41.6,127036.6878152857
2026-09-26T16:00:00Z,galaxy-usdc-quality,eth:gusdcq,Galaxy USDC Quality (Ethereum),1285.0,1.018,10156478,0.0,1.018,1.018,1.034,1.001,9979483.119711453
2026-09-26T16:00:00Z,avail,avail,Avail,1286.0,0.00252034,10152443,590584.0,0.00252761,0.00242055,0.239543,0.00172916,4028345545.0
2026-09-26T16:00:00Z,luca,luca,LUCA,1287.0,0.349896,10142928,119832.0,0.358334,0.349712,9.47,0.065876,28988048.09438531
2026-09-26T16:00:00Z,sylo,sylo,Sylo,1288.0,0.00101252,10124829,0.02025036,0.00103436,0.00101244,0.01482212,2.57e-06,9999652100.0
2026-09-26T16:00:00Z,pdd-holdings-ondo-tokenized,pddon,PDD Holdings (Ondo Tokenized),1289.0,77.45,10112843,522181.0,77.86,77.28,122.53,71.83,130560.1148211919
2026-09-26T16:00:00Z,ishares-core-msci-emerging-markets-etf-ondo-tokenized-etf,iemgon,iShares Core MSCI Emerging Markets ETF (Ondo Tokenized ETF),1290.0,83.44,10112634,35.82,91.65,83.1,129.85,60.86,121178.4042279494
2026-09-26T16:00:00Z,mossland,moc,Mossland,1291.0,0.02242664,10102970,455580.0,0.02299703,0.02144864,0.516719,0.00218821,450489688.0
2026-09-26T16:00:00Z,collect-on-fanable,collect,Collect on Fanable,1292.0,0.0187498,10068531,3197390.0,0.01931306,0.0171038,0.116018,0.01507437,537000000.0
2026-09-26T16:00:00Z,eusd-2,eusd,eUSD,1293.0,1.005,10047130,74292.0,1.006,0.998793,1.044,0.991287,10002404.66
2026-09-26T16:00:00Z,chainnova-network,chnet,CHAINNOVA NETWORK,1294.0,0.01004491,10044909,11.06,0.01006719,0.00998317,0.01141853,0.00772125,1000000000.0
2026-09-26T16:00:00Z,defi-money,money,Defi.money,1295.0,1.0,10009511,0.02288925,1.004,0.994121,1.22,0.0001069,10009088.28424315
2026-09-26T16:00:00Z,usda-4,usda,USDA,,0.999683,9996826,1244.94,0.0,0.0,1.17,0.926032,10000000.0
2026-09-26T16:00:00Z,trusta-ai,ta,Trusta AI,1296.0,0.055559,9995800,290188.0,0.05719,0.055536,0.369021,0.01882585,180000000.0
2026-09-26T16:00:00Z,axis-usd,usdx,Axis USD,1297.0,0.999318,9993197,1802984.0,0.999338,0.997988,1.002,0.99614,10000022.11
2026-09-26T16:00:00Z,pepecoin-network,pep,Pepecoin,1298.0,9.721e-05,9984407,166407.0,0.00012592,9.385e-05,0.00182409,2.57e-06,102667570000.0
2026-09-26T16:00:00Z,alchemix-usd,alusd,Alchemix USD,1299.0,0.952988,9981516,89000.0,0.955667,0.944984,2.19,0.00016071,10473920.48974298
2026-09-26T16:00:00Z,spacex-reality-protocol,rspcx,SpaceX (Reality Protocol),1300.0,147.97,9972290,580976.0,149.15,147.84,229.25,105.49,67393.492064454
2026-09-26T16:00:00Z,defi-janus-henderson-anemoy-aaa-clo-fund,dejaaa,DeFi Janus Henderson Anemoy AAA CLO Fund,1301.0,1.049,9915902,0.0,1.049,1.049,2.05,1.022,9448305.842679378
2026-09-26T16:00:00Z,amd-ondo-tokenized-stock,amdon,AMD (Ondo Tokenized Stock),1302.0,629.93,9915027,1770759.0,631.81,626.85,644.73,149.82,15740.64389537408
2026-09-26T16:00:00Z,edexa,edx,edeXa,1303.0,0.01280968,9909583,38.55,0.0128109,0.01255381,0.07137,0.00051047,773601376.3394003
2026-09-26T16:00:00Z,sonic-svm,sonic,Sonic SVM,1304.0,0.027457,9884044,1580662.0,0.02795204,0.02680086,1.23,0.01685694,360000000.0
2026-09-26T16:00:00Z,singularry,singularry,Singularry,1305.0,0.00987141,9872658,50469.0,0.00995404,0.00949264,0.050998,0.00055719,1000000000.0
2026-09-26T16:00:00Z,saffron-finance,sfi,saffron.finance,1306.0,123.23,9871273,56327.0,122.97,114.04,3496.46,5.55,80097.89071013563
2026-09-26T16:00:00Z,georgeplaysclashroyale,clash,GeorgePlaysClashRoyale,1307.0,0.00986697,9864882,342149.0,0.01024307,0.00915959,0.082293,0.00429789,999687448.588619
2026-09-26T16:00:00Z,backed-govies-0-6-months-euro,bc3m,Backed GOVIES 0-6 months EURO,1308.0,143.75,9836584,0.0,143.87,143.74,151.45,122.94,68426.302701
2026-09-26T16:00:00Z,dojo-3,sn52,Dojo,1309.0,2.04,9835192,19295.1,2.05,1.84,7.24,0.01301826,4830388.828190149
2026-09-26T16:00:00Z,sideshift-token,xai,SideShift,,0.068015,9814496,1.88,0.0,0.0,1.13,0.054188,144299738.0
2026-09-26T16:00:00Z,save,save,Save,1310.0,0.196228,9811392,2.35,0.196464,0.196222,1.2,0.051419,49999960.724217
2026-09-26T16:00:00Z,lil-shrub,shrub,Lil' Shrub,1311.0,0.00980928,9809892,101615737.0,0.01204199,7.12869e-07,0.148102,7.12869e-07,1000000000.0
2026-09-26T16:00:00Z,atletico-madrid,atm,Atletico Madrid Fan Token,1312.0,1.088,9785496,1919229.0,1.093,1.082,58.46,0.752321,8991487.0
2026-09-26T16:00:00Z,ava-ai,ava,Ava AI,1313.0,0.0097901,9782115,2044015.0,0.010023,0.00969531,0.331799,0.00438,999191153.57863
2026-09-26T16:00:00Z,xeffy,xef,Xeffy,1314.0,0.00462425,9780052,174034.0,0.00474811,0.0045867,0.01593229,0.00209903,2115636329.0
2026-09-26T16:00:00Z,opinion,opn,Opinion,1315.0,0.0538,9772741,2696678.0,0.053379,0.050812,0.464578,0.04233143,181734276.26
2026-09-26T16:00:00Z,rupiah-token,idrt,Rupiah Token,1316.0,5.605e-05,9745435,1.48,6.167e-05,5.596e-05,0.00026862,6.7512e-08,173856905811.0
2026-09-26T16:00:00Z,tradoor,tradoor,Tradoor,1317.0,0.6787,9739046,832900.0,0.708296,0.676512,10.13,0.33689,14349000.0
2026-09-26T16:00:00Z,tac,tac,TAC,1318.0,0.00161974,9730450,1004723.0,0.00166067,0.00156029,0.067146,0.00030518,6005483692.0
2026-09-26T16:00:00Z,astronaut-2,astro,astronaut,1319.0,0.00979889,9724958,29453231.0,0.02740434,0.00088678,0.060564,8.10072e-07,1000000000.0
2026-09-26T16:00:00Z,resolv,resolv,Resolv,1320.0,0.02047374,9721023,12163123.0,0.02163864,0.01893243,0.408541,0.01421401,474550326.720238
2026-09-26T16:00:00Z,agoras-currency-of-tau,agrs,Agoras: Tau Net,1321.0,0.230752,9691602,13582.98,0.269759,0.209952,38.86,0.0263893,42000000.0
2026-09-26T16:00:00Z,riv-coin,riv,RIV Coin,1322.0,0.00432413,9681640,382970.0,0.00440484,0.00428644,0.04727658,0.00031821,2238923068.411271
2026-09-26T16:00:00Z,clash-of-lilliput,col,Clash of Lilliput,1323.0,0.11792,9678235,17553.73,0.131207,0.099406,5.12,0.04552549,82074400.0
2026-09-26T16:00:00Z,true,true,True,1324.0,0.104127,9677295,197166.0,0.124292,0.100528,0.260162,0.01233754,92937380.97785021
2026-09-26T16:00:00Z,mia-2,mia,MIA,1325.0,0.01763799,9671261,328.9,0.01784924,0.01748676,0.186648,0.01232546,548320000.0
2026-09-26T16:00:00Z,spectre-ai,spectre,Spectre AI,1326.0,0.963337,9626786,28133.0,0.985494,0.954948,11.04,0.02880028,9993171.20242279
2026-09-26T16:00:00Z,stader,sd,Stader,1327.0,0.131815,9625755,567945.0,0.133488,0.127343,30.17,0.091415,73096884.48039906
2026-09-26T16:00:00Z,liquidity,sn77,Liquidity,1328.0,1.75,9623945,1854.88,1.76,1.59,10.25,0.00758265,5487587.098541292
2026-09-26T16:00:00Z,achain,act,Achain,1329.0,0.01134026,9614747,181335.0,0.01161638,0.01080815,1.48,5.972e-05,857440445.0
2026-09-26T16:00:00Z,coinbase-ondo-tokenized-stock,coinon,Coinbase (Ondo Tokenized Stock),1330.0,195.44,9606150,1622802.0,196.01,194.27,400.82,138.14,49142.0301963068
2026-09-26T16:00:00Z,ambire-wallet,wallet,Ambire Wallet,1331.0,0.0132518,9601904,3370.09,0.01355613,0.01322047,15.23,0.00329061,724573741.669844
2026-09-26T16:00:00Z,ishares-russell-1000-growth-etf-ondo-tokenized-etf,iwfon,iShares Russell 1000 Growth ETF (Ondo Tokenized ETF),,505.35,9588447,103.16,0.0,0.0,537.96,409.07,18973.69975208347
2026-09-26T16:00:00Z,aura-on-sol,aura,aura,1332.0,0.00994619,9587209,434228.0,0.01071602,0.00982085,0.239828,0.0002643,963242692.248371
2026-09-26T16:00:00Z,navi,navx,NAVI Protocol,1333.0,0.01170734,9557895,533520.0,0.01253008,0.01127219,0.417123,0.00628882,816167495.0
2026-09-26T16:00:00Z,adex,adx,heyAura,1334.0,0.064207,9523579,1753799.0,0.064574,0.062601,3.49,0.03511504,147900000.0
2026-09-26T16:00:00Z,iusd,iusd,Indigo Protocol iUSD,1335.0,0.998752,9509198,6416.7,1.025,0.985806,2.16,8.1944e-07,9522411.050995
2026-09-26T16:00:00Z,superwalk,grnd,SuperWalk GRND,1336.0,0.0117164,9500983,75445.0,0.01179137,0.01132762,0.384843,0.00838186,810912795.8588126
2026-09-26T16:00:00Z,flamewire,sn97,FlameWire,1337.0,5.42,9481214,151418.0,5.53,5.08,22.34,0.056807,1750470.174495026
2026-09-26T16:00:00Z,tria,tria,TRIA,1338.0,0.0043935,9471165,1703317.0,0.00438271,0.00399918,0.050041,0.00324452,2157670000.0
2026-09-26T16:00:00Z,pumpcade,pumpcade,PUMPCADE,1339.0,0.00947056,9463327,528024.0,0.01033079,0.00926311,0.0484425,0.00158788,998989522.616832
2026-09-26T16:00:00Z,nexst,nxt,NEXST,1340.0,0.04148429,9456481,548958.0,0.04242392,0.04145619,0.50979,0.04144538,228050000.0
2026-09-26T16:00:00Z,solomon,solo,Solomon,1341.0,0.89712,9441554,86582.0,0.912004,0.87978,1.41,0.460368,10524298.673143
2026-09-26T16:00:00Z,dogbull,dogo,DogBull,1342.0,0.00926741,9360116,576.33,0.01495778,0.00902385,0.09205,0.00377731,1010000000.0
2026-09-26T16:00:00Z,wecan,wecan,Wecan,1343.0,0.00155928,9355688,6545.31,0.00160998,0.00155924,0.01387676,0.0005037,6000000000.0
2026-09-26T16:00:00Z,assemble-protocol,asm,Assemble AI,1344.0,0.00621183,9352719,233263.0,0.00675725,0.00579397,0.64514,0.00404526,1505630909.0909
2026-09-26T16:00:00Z,the-stonks-exchange,stonkex,The Stonks Exchange,1345.0,0.00931154,9310900,1310766.0,0.01018212,0.00836627,0.03203409,0.00084656,1000000000.0
2026-09-26T16:00:00Z,tokenfi,token,TokenFi,1346.0,0.00231094,9297985,1117471.0,0.00233879,0.00227762,0.243269,4.984e-05,4023973880.9547353
2026-09-26T16:00:00Z,patrol-tao-com,sn81,grail,1347.0,2.0,9296365,33706.0,2.01,1.81,9.17,0.0179143,4648527.338218065
2026-09-26T16:00:00Z,olaxbt,aio,OlaXBT,1348.0,0.04040276,9296098,825729.0,0.04021216,0.03758813,0.234986,0.03416411,230250000.0
2026-09-26T16:00:00Z,backed-coinbase-global,bcoin,Backed Coinbase Global,1349.0,199.91,9268435,0.0,199.91,199.9,419.78,70.78,46364.19552380121
2026-09-26T16:00:00Z,coq-inu,coq,Coq Inu,1350.0,1.33031e-07,9240986,862971.0,1.46141e-07,1.27767e-07,6.45e-06,6.5025e-08,69420000000000.0
2026-09-26T16:00:00Z,hivemapper,honey,Hivemapper,1351.0,0.00140627,9212041,218515.0,0.00148367,0.00131332,0.376287,0.00053393,6553876051.257212
2026-09-26T16:00:00Z,tung-tung-tung-sahur-2,triplet,Tung Tung Tung Sahur,1352.0,0.00919373,9192719,945601.0,0.01163319,0.00843372,0.0270134,0.0012016,999905605.601
2026-09-26T16:00:00Z,numine-token,numi,NUMINE Token,1353.0,0.02391816,9170698,301425.0,0.02395079,0.0236894,0.189982,0.0050505,383419850.75
2026-09-26T16:00:00Z,squidgrow-2,sqgrow,SquidGrow,1354.0,0.00915652,9156548,13606.57,0.00923103,0.00862385,0.081613,0.0039421,1000000000.0
2026-09-26T16:00:00Z,mango-network,mgo,Mango Network,1355.0,0.00572259,9099046,498577.0,0.00589681,0.00572171,0.03417281,0.00529601,1590000000.0
2026-09-26T16:00:00Z,abelian,abel,Abelian,1356.0,0.063617,9096047,13285.94,0.064359,0.061495,1.5,0.03026827,142981645.0
2026-09-26T16:00:00Z,lingo,lingo,Lingo,1357.0,0.01414413,9094761,194511.0,0.01424453,0.01200002,0.686987,0.00681478,643183955.67371
2026-09-26T16:00:00Z,ivault,ivt,ivault,1358.0,0.0122795,9092129,160008.0,0.0122362,0.01203621,0.063788,0.01155738,740433427.9599732
2026-09-26T16:00:00Z,apple-ondo-tokenized-stock,aaplon,Apple (Ondo Tokenized Stock),1359.0,341.83,9088240,1283759.0,342.52,340.3,346.13,226.42,26586.77820472248
2026-09-26T16:00:00Z,ishares-0-3-month-treasury-bond-etf-ondo-tokenized-etf,sgovon,iShares 0-3 Month Treasury Bond ETF (Ondo Tokenized ETF),1360.0,102.19,9079567,39247.0,108.65,102.04,117.49,98.86,88851.19248934134
2026-09-26T16:00:00Z,konet,konet,KONET,1361.0,0.01916705,9078569,83383.0,0.02074643,0.01777884,0.981187,0.01157277,473655002.357668
2026-09-26T16:00:00Z,kishu-inu,kishu,Kishu Inu,1362.0,9.4532e-11,9047900,95221.0,9.6099e-11,9.3696e-11,1.7547e-08,2.2426e-11,9.645722975651714e+16
2026-09-26T16:00:00Z,ahatoken,aht,AhaToken,1363.0,0.00124022,9028953,204758.0,0.00125197,0.00119828,0.03894145,0.00080628,7280131570.224749
2026-09-26T16:00:00Z,shmonad,shmon,ShMonad,1364.0,0.043755,9017484,192.47,0.04373422,0.04134977,0.069732,0.02442519,206085300.8217471
2026-09-26T16:00:00Z,hybridge,bridge,HyBridge,1365.0,0.04499073,8998140,1889.9,0.04717077,0.03135911,0.106991,0.00037519,199999881.4610339
2026-09-26T16:00:00Z,hopr,hopr,HOPR,1366.0,0.01347446,8985828,24464.0,0.01382719,0.0131112,0.951533,0.00978654,666876548.9777994
2026-09-26T16:00:00Z,poollotto-finance,plt,Poollotto.finance,,0.538283,8974111,64.41,0.0,0.0,20.6,0.123881,16671737.814480975
2026-09-26T16:00:00Z,epic-cash,epic,Epic Private Internet Cash,1367.0,0.465241,8972808,83864.0,0.636926,0.437402,6.72,0.00302432,19275959.0
2026-09-26T16:00:00Z,ref-finance,ref,Ref Finance,1368.0,0.093349,8961015,436.79,0.100002,0.093345,10.64,0.02986899,95995182.0
2026-09-26T16:00:00Z,marcopolo,mapo,MAP Protocol,1369.0,0.00144535,8959435,713399.0,0.0015166,0.00142296,0.272627,0.00034224,6197404200.0
2026-09-26T16:00:00Z,mcdull,mcdull,McDull (Meme),1370.0,1.01e-06,8949968,5.25,1.03e-06,1.01e-06,2.316e-05,5.53268e-07,8888865719249.492
2026-09-26T16:00:00Z,uranium,xu3o8,Uranium,1371.0,5.57,8914991,500626.0,5.59,5.56,6.96,4.43,1600000.0
2026-09-26T16:00:00Z,access-protocol,acs,Access Protocol,1372.0,0.00016551,8912596,115930.0,0.00016676,0.00016388,0.02687893,0.00011875,53849292926.251175
2026-09-26T16:00:00Z,near20-yield-strategy,near20,NEAR20 Yield Strategy,,2.96,8892280,425.19,0.0,0.0,3.11,1.53,3000100.0
2026-09-26T16:00:00Z,aism-faith-token,aism,AISM FAITH TOKEN,1373.0,0.00887869,8878457,117.73,0.00902843,0.00875933,0.0133769,0.00107988,999948937.340075
2026-09-26T16:00:00Z,ycash,yec,Ycash,1374.0,0.523506,8870586,10186.13,0.600827,0.526872,6.1,3.2449e-07,16944576.5625
2026-09-26T16:00:00Z,kyrgyz-som-stablecoin,kgst,Kyrgyz Som Stablecoin,1375.0,0.01132669,8844840,242508.0,0.01138201,0.01131698,0.01245301,0.01117502,780884936.0
2026-09-26T16:00:00Z,gamercoin,ghx,GamerCoin,1376.0,0.01257347,8836891,356331.0,0.01288784,0.01197712,0.916669,0.004616,702820490.0
2026-09-26T16:00:00Z,heroes-of-mavia,mavia,Heroes of Mavia,1377.0,0.03533069,8832413,648769.0,0.03562165,0.03372384,10.59,0.02301885,250000000.0
2026-09-26T16:00:00Z,knots,knots,KNOTS,1378.0,0.00873377,8765928,2701780.0,0.01091529,0.00749603,0.04983031,0.00215027,1000000000.0
2026-09-26T16:00:00Z,blue-chip-4,bluechip,BLUE CHIP,1379.0,0.00876363,8764053,3083373.0,0.00969407,0.00752462,0.02475892,0.00752462,1000000000.0
2026-09-26T16:00:00Z,hava,hava,HAVA,1380.0,2.19,8759620,9375.87,2.21,2.19,2.26,0.599564,4000000.0
2026-09-26T16:00:00Z,everlyn,lyn,Everlyn,1381.0,0.04180039,8735289,3137081.0,0.072183,0.04224225,0.605318,0.02815225,209000000.0
2026-09-26T16:00:00Z,crob-mob,crob,Crob Mob,1382.0,0.00871324,8713242,537.59,0.00932941,0.00823331,0.060856,0.00631217,1000000000.0
2026-09-26T16:00:00Z,spdr-gold-shares-robinhood-token,gld,SPDR Gold Shares • Robinhood Token,1383.0,392.01,8699277,4935374.0,393.95,391.94,2207.72,388.3,22191.46974999999
2026-09-26T16:00:00Z,nuance-2,sn23,Nuance,1384.0,1.77,8694772,357379.0,1.78,1.63,1.99,0.00820864,4914825.887964343
2026-09-26T16:00:00Z,data-universe,sn13,Data Universe,1385.0,1.59,8686819,205390.0,1.63,1.53,13.36,0.01544164,5449425.956756531
2026-09-26T16:00:00Z,looped-hype,lhype,Looped Hype,1386.0,95.27,8675465,63850.0,95.45,93.27,100.6,9.34,91064.73633945046
2026-09-26T16:00:00Z,unicorn-fart-dust,ufd,Unicorn Fart Dust,1387.0,0.00866649,8665132,103195.0,0.00946097,0.00818642,0.403185,0.00581798,999991824.63
2026-09-26T16:00:00Z,destra-network,dsync,Destra Network,1388.0,0.00867902,8647615,913307.0,0.00868902,0.00755467,0.547864,0.00293971,996355269.6086012
2026-09-26T16:00:00Z,anyswap,any,Anyswap,1389.0,0.65564,8644513,3.27,0.659379,0.652899,33.66,7.9e-06,13183653.70870297
2026-09-26T16:00:00Z,santos-fc-fan-token,santos,Santos FC Fan Token,1390.0,0.53589,8625064,256389.0,0.536878,0.526126,22.34,0.456612,16094854.291549
2026-09-26T16:00:00Z,hera-finance,hera,Hera Finance,1391.0,1.86,8606694,6087.52,1.89,1.86,10.45,0.150886,4637000.0
2026-09-26T16:00:00Z,wrapped-hypertensor,tensor,Wrapped Hypertensor,1392.0,9.66,8601747,15005.12,9.7,9.36,68.64,1.71,890000.0
2026-09-26T16:00:00Z,landwolf-0x67,wolf,LandWolf,1393.0,9.53e-06,8600613,343549.0,9.53e-06,9.22e-06,0.00028372,2.74e-06,902159505150.0
2026-09-26T16:00:00Z,musebook,musebook,musebook,1394.0,8.569e-05,8575215,8377523.0,0.00014769,8.564e-05,0.00042541,4.07e-05,100000000000.0
2026-09-26T16:00:00Z,jumptoken,jmpt,JumpToken,1395.0,0.578298,8536093,2594.55,0.581714,0.574268,2.94,0.432818,14759990.0
2026-09-26T16:00:00Z,golden-butterfly-sacred-armor,金蝶圣甲,金蝶圣甲 (Golden Butterfly Sacred Armor),1396.0,0.04250547,8497428,64710.0,0.04596775,0.04213372,0.100128,0.02364943,199895666.6841939
2026-09-26T16:00:00Z,balancer,bal,Balancer,1397.0,0.121595,8491338,238154.0,0.123321,0.119137,74.45,0.085704,69832813.9971785
2026-09-26T16:00:00Z,bitcoin-usd-btcfi,btcusd,Bitcoin USD (BTCFi),1398.0,0.996422,8476756,1.013,0.998617,0.996392,1.2,0.90361,8507197.367
2026-09-26T16:00:00Z,vestra-dao,vstr,Vestra DAO,1399.0,0.00279287,8475640,4000.88,0.00283789,0.00279313,0.01653066,0.00124947,3034739487.182312
2026-09-26T16:00:00Z,lcx,lcx,LCX,1400.0,0.03503372,8451576,260083.0,0.03591606,0.03345156,0.563966,7.085e-05,241241153.023929
2026-09-26T16:00:00Z,fight-2,fight,FIGHT,1401.0,0.00412287,8451381,774817.0,0.00419075,0.00392704,0.0311556,0.00230142,2050000000.0
2026-09-26T16:00:00Z,swarms,swarms,Swarms,1402.0,0.00842365,8426913,2278868.0,0.00867549,0.00834373,0.605474,0.00550794,999984830.56
2026-09-26T16:00:00Z,ditgold,ditau,DITGOLD,1403.0,0.00947885,8425641,138231.0,0.00956302,0.00937749,0.01026635,0.00055298,888888888.0
2026-09-26T16:00:00Z,alephium,alph,Alephium,1404.0,0.060924,8417218,116626.0,0.06176,0.058827,3.86,0.00561836,138187552.23331589
2026-09-26T16:00:00Z,vidaio,sn85,Vidaio,1405.0,1.75,8398506,1435089.0,5.66,1.061,8.31,0.0225713,4810780.833245622
2026-09-26T16:00:00Z,imo,imo,IMO,1406.0,0.613383,8391828,31888.0,0.628638,0.611156,4.15,0.00998532,13681231.507727975
2026-09-26T16:00:00Z,amazon-xstock,amznx,Amazon xStock,1407.0,249.7,8387857,2585055.0,250.66,249.19,1080.7,197.17,33593.47699508978
2026-09-26T16:00:00Z,handy,handy,Handy,1408.0,0.00127104,8383712,57471.0,0.00129779,0.00117536,0.08437,0.00017979,6595957064.0
2026-09-26T16:00:00Z,rize,rize,RIZE,1409.0,0.00403765,8353968,104896.0,0.00440509,0.00373442,0.098048,0.00070097,2069018714.0
2026-09-26T16:00:00Z,yei-finance,clo,Yei Finance,1410.0,0.064578,8338717,3383167.0,0.065238,0.053799,0.910057,0.053637,129100000.0
2026-09-26T16:00:00Z,omega-labs,sn24,OMEGA Labs,1411.0,1.57,8334923,252002.0,1.57,1.35,5.95,0.01908484,5322649.843039465
2026-09-26T16:00:00Z,yu,yu,Yala Stablecoin,,0.369874,8331133,0.193635,0.0,0.0,1.008,9.99652e-10,22524230.95316141
2026-09-26T16:00:00Z,pika-protocol,pika,Pika Protocol,1412.0,0.436862,8300382,6.47,0.439899,0.435234,1.26,0.00342553,19000000.0
2026-09-26T16:00:00Z,mcdex,mcb,MUX Protocol,1413.0,2.18,8299401,3.95,2.18,2.15,68.36,0.911402,3803143.0
2026-09-26T16:00:00Z,games-for-a-living,gfal,Games for a Living,1414.0,0.0011412,8232813,5504.07,0.0011354,0.0011063,0.04868205,0.00039453,7214194404.0
2026-09-26T16:00:00Z,world-water-reserve,wwr,World Water Reserve,1415.0,0.00822656,8227709,219187.0,0.00830655,0.00810689,0.00890675,0.00261342,999426969.195807
2026-09-26T16:00:00Z,elastos,ela,Elastos,1416.0,0.355858,8211051,133114.0,0.366486,0.346087,89.14,0.226239,23088698.0
2026-09-26T16:00:00Z,midas-mre7yield,mre7yield,Midas mRe7YIELD,1417.0,1.08,8204729,0.0,1.08,1.08,1.1,0.868478,7596830.713090208
2026-09-26T16:00:00Z,lava-network,lava,Lava Network,1418.0,0.01352179,8196847,577900.0,0.01374954,0.01343865,0.248248,0.00100095,606262917.243048
2026-09-26T16:00:00Z,gearbox,gear,Gearbox,1419.0,0.00081966,8196563,50629.0,0.00087409,0.00078049,0.03725561,0.00019528,10000000000.0
2026-09-26T16:00:00Z,i-love-puppies,puppies,I love puppies,1420.0,1.94747e-07,8191974,441527.0,2.00017e-07,1.92592e-07,1.16e-06,1.9765e-08,42069000000000.0
2026-09-26T16:00:00Z,patience-token,patience,Patience Token,1421.0,5.0,8164484,192.73,5.06,4.93,8.43,1.13,1633128.3177603176
2026-09-26T16:00:00Z,vine,vine,Vine,1422.0,0.0081083,8129002,3384710.0,0.00840052,0.00799813,0.469941,0.00616754,999958773.061613
2026-09-26T16:00:00Z,yield-optimizer-usd,yousd,Yield Optimizer USD,1423.0,1.065,8128540,0.0,1.065,1.065,1.13,1.054e-12,7633635.646219
2026-09-26T16:00:00Z,oraichain-token,orai,Oraichain,1424.0,0.416635,8104677,194401.0,0.438218,0.401805,105.76,0.203572,19436019.0
2026-09-26T16:00:00Z,strkbtc,strkbtc,strkBTC,1425.0,83796.0,8096351,566284.0,84712.0,83036.0,105274.0,55598.0,96.62
2026-09-26T16:00:00Z,fbomb,fbomb,Fantom Bomb,1426.0,0.0227599,8093425,229672.0,0.02347523,0.02188052,0.067627,0.00025701,355469275.1313544
2026-09-26T16:00:00Z,as-roma-fan-token,asr,AS Roma Fan Token,1427.0,0.901625,8087932,1465742.0,0.894197,0.871466,26.64,0.776677,8965379.6293394
2026-09-26T16:00:00Z,fc-barcelona-fan-token,bar,FC Barcelona Fan Token,1428.0,0.286127,8082877,1624543.0,0.288953,0.281146,72.55,0.25485,28248680.0
2026-09-26T16:00:00Z,paris-saint-germain-fan-token,psg,Paris Saint-Germain Fan Token,1429.0,0.468611,8077956,993166.0,0.470311,0.466083,58.79,0.444152,17238414.5027482
2026-09-26T16:00:00Z,blockv,vee,BLOCKv,1430.0,0.00652097,8076498,6374.91,0.00661173,0.00590687,0.356889,1.06e-05,1238509144.54291
2026-09-26T16:00:00Z,gitcoin,gtc,Gitcoin,1431.0,0.092011,8053900,2791578.0,0.094664,0.090087,22.37,0.064334,87491501.9042429
2026-09-26T16:00:00Z,nakamoto-games,naka,Nakamoto Games,1432.0,0.081928,8043566,519051.0,0.085474,0.081726,6.71,0.02115375,98195000.0
2026-09-26T16:00:00Z,up-2,up,up,1433.0,0.3627,8034985,1704654.0,0.370999,0.333879,1.58,0.03036288,22153246.673655313
2026-09-26T16:00:00Z,supra,supra,Supra,1434.0,0.00018203,8033599,470467.0,0.00019923,0.00016802,0.072675,0.00016008,44130343888.66968
2026-09-26T16:00:00Z,zclassic,zcl,Zclassic,1435.0,0.775793,8025428,3637.74,0.888315,0.642692,230.95,0.00536518,10344811.0
2026-09-26T16:00:00Z,solidus-aitech,acn,AITECH Cloud Network,1436.0,0.0044963,8022811,1107274.0,0.00454128,0.00441152,0.493943,0.00406505,1784154431.0
2026-09-26T16:00:00Z,dexsport,desu,Dexsport,1437.0,0.0140679,8018757,19994.38,0.0142235,0.01396875,0.349288,0.0007037,570000000.0
2026-09-26T16:00:00Z,solid-x,solidx,Solid X,1438.0,0.381165,8004465,2254.18,0.416394,0.268017,54.2,0.064707,21000000.0
2026-09-26T16:00:00Z,microsoft-ondo-tokenized-stock,msfton,Microsoft (Ondo Tokenized Stock),1439.0,520.69,7980928,1624911.0,521.85,518.5,551.18,351.84,15326.1375268297
2026-09-26T16:00:00Z,darik-coin,darik,Darik Coin,1440.0,0.379632,7972267,920.54,0.381684,0.377817,0.767787,0.377545,21000000.0
2026-09-26T16:00:00Z,liqwid-finance,lq,Liqwid Finance,1441.0,0.391932,7964510,3877.67,0.39829,0.379085,125.74,3.1e-06,20314624.928212
2026-09-26T16:00:00Z,brica,brx,BRICA,1442.0,0.03183749,7959371,1459.15,0.0318307,0.03159713,0.03245054,0.01218113,250000000.0
2026-09-26T16:00:00Z,micron-technology-rstock,rmu,Micron Technology rStock,1443.0,1083.17,7955151,29562.0,1086.81,1079.97,1107.89,917.59,7344.346138979999
2026-09-26T16:00:00Z,gamer-tag,gmrt,The Game Company,1444.0,0.03121757,7896858,1691.31,0.03181043,0.00047936,0.849855,0.00017748,252961997.08070016
2026-09-26T16:00:00Z,honey-3,busd,Bera USD,1445.0,1.0,7889685,93803.0,1.009,0.990138,2.0,0.864184,7895194.443892675
2026-09-26T16:00:00Z,build-on-bnb,bob,Build On BNB,1446.0,1.8722e-08,7887429,378444.0,1.9042e-08,1.8672e-08,1.36774e-07,2.147e-09,420690000000000.0
2026-09-26T16:00:00Z,pikaboss,pika,Pikaboss,1447.0,1.8664e-08,7851948,250.83,1.8715e-08,1.8609e-08,2.68064e-07,2.89e-09,420690000000000.0
2026-09-26T16:00:00Z,bonsai-coin,bonsaicoin,Bonsai Coin,1448.0,9.752e-09,7831786,4.84,9.789e-09,9.752e-09,2.51648e-07,1.988e-09,803100000000000.0
2026-09-26T16:00:00Z,microsoft-xstock,msftx,Microsoft xStock,1449.0,520.13,7816384,1033899.0,522.12,505.06,767.64,325.94,15027.735083002337
2026-09-26T16:00:00Z,froggie,froggie,Froggie,1450.0,0.00777104,7771046,59733.0,0.00787423,0.0077226,0.071032,0.00255167,1000000000.0
2026-09-26T16:00:00Z,intel-rstock,rintc,Intel rStock,1451.0,123.2,7762183,308431.0,124.97,122.19,130.2,96.49,63002.376914386
2026-09-26T16:00:00Z,bitmine-immersion-technologies-bstocks-tokenized-stock,bmnrb,BitMine Immersion Technologies (bStocks Tokenized Stock),1452.0,27.38,7745648,683716.0,27.67,27.14,29.33,17.45,282847.85542995
2026-09-26T16:00:00Z,ishares-msci-south-korea-etf-bstocks-tokenized-stock,ewyb,iShares MSCI South Korea ETF (bStocks Tokenized Stock),1453.0,187.11,7743968,1306197.0,187.55,186.24,193.71,173.99,41386.93153066
2026-09-26T16:00:00Z,hosky,hosky,Hosky,1454.0,7.739e-09,7738097,3420.28,7.82e-09,7.514e-09,3.67548e-07,4.093e-09,1000000000000000.0
2026-09-26T16:00:00Z,robinhood-markets-ondo-tokenized-stock,hoodon,Robinhood Markets (Ondo Tokenized Stock),1455.0,118.59,7728556,1173309.0,119.74,117.96,153.78,63.66,65162.96451309188
2026-09-26T16:00:00Z,midas-rockaway-market-neutral,mrox,Midas Rockaway Market Neutral,1456.0,1.15,7727193,0.0,1.15,1.15,1.15,1.14,6718501.398052464
2026-09-26T16:00:00Z,treehouse,tree,Treehouse,1457.0,0.04937527,7708308,3997792.0,0.04939016,0.04715105,1.36,0.03224927,156122449.0
2026-09-26T16:00:00Z,goose-token,goose,Goose Token,1458.0,0.00770569,7705686,2794034.0,0.00770569,0.00770569,0.132627,0.00209979,1000000000.0
2026-09-26T16:00:00Z,bitmine-immersion-technologies-ondo-tokenized-stocks,bmnron,BitMine Immersion Technologies (Ondo Tokenized Stock),1459.0,27.42,7685207,1180441.0,27.68,27.16,34.16,12.83,280145.1295653475
2026-09-26T16:00:00Z,measurable-data-token,mdt,Measurable Data,1460.0,0.0076835,7683499,53665.0,0.00786231,0.00758516,0.168053,0.00173261,999999511.1236151
2026-09-26T16:00:00Z,ishares-msci-emerging-markets-etf-ondo-tokenized-etf,eemon,iShares MSCI Emerging Markets ETF (Ondo Tokenized ETF),1461.0,68.64,7676505,14.78,69.26,68.53,77.32,49.55,111822.3809664832
2026-09-26T16:00:00Z,broccoli-3,broccoli,Broccoli,1462.0,0.00766856,7670439,1761449.0,0.00790907,0.00744957,0.110665,0.00302708,1000000000.0
2026-09-26T16:00:00Z,fuel-network,fuel,Fuel Network,1463.0,0.00081671,7669802,278322.0,0.00093493,0.00085157,0.083754,0.00060143,9391080801.685663
2026-09-26T16:00:00Z,anthropic-prestocks-2,anthropic,Anthropic PreStocks,1464.0,1023.75,7664289,406697.0,1085.24,1015.0,1408.85,124.62,7381.754975505
2026-09-26T16:00:00Z,crepe-2,crepe,CREPE,1465.0,1.111e-05,7652060,308170.0,1.136e-05,1.089e-05,7.824e-05,4.2871e-08,690000000000.0
2026-09-26T16:00:00Z,pangolin,png,Pangolin,1466.0,0.03212473,7649061,1892349.0,0.04006721,0.03046527,18.85,0.01180712,237989040.0
2026-09-26T16:00:00Z,quickswap,quick,Quickswap,1467.0,0.0115741,7646056,5529598.0,0.01413032,0.01071956,0.229794,0.00593671,660658055.252239
2026-09-26T16:00:00Z,soil,soil,Soil,1468.0,0.099195,7636087,34057.0,0.100152,0.096384,3.97,0.061456,76980307.1330637
2026-09-26T16:00:00Z,moonbeam,glmr,Moonbeam,1469.0,0.00695092,7633620,6813681.0,0.00708669,0.00656035,19.5,0.00537044,1102199267.4392402
2026-09-26T16:00:00Z,cali,cali,CALI,1470.0,0.00769612,7625115,6338531.0,0.00900025,0.00201041,0.00900025,0.00083623,990711073.96469
2026-09-26T16:00:00Z,equitedge,eeg,EquitEdge,,0.01903698,7614791,266.52,0.0,0.0,0.058283,0.01700228,400000000.0
2026-09-26T16:00:00Z,sentinel-protocol,bounty,ChainBounty,1471.0,0.01454264,7587920,129101.0,0.01469149,0.01423802,0.414779,0.0071109,521770467.3717267
2026-09-26T16:00:00Z,hodl-etf,sn118,Ditto,1472.0,2.7,7568364,2258387.0,2.69,2.22,5.24,0.00556721,2798976.943631668
2026-09-26T16:00:00Z,kleros,pnk,Kleros,1473.0,0.00825444,7557180,5218.07,0.0083164,0.00820076,0.380218,0.00195902,915528221.5341985
2026-09-26T16:00:00Z,dot,dot,Dot,1474.0,0.00909355,7555711,120928.0,0.00975276,0.00898039,0.01120534,0.0008077,830883697.501755
2026-09-26T16:00:00Z,monacoin,mona,MonaCoin,1475.0,0.071843,7552123,1392.48,0.072566,0.06885,16.45,0.02094446,105120000.0
2026-09-26T16:00:00Z,memetern,mxt,Memetern,1476.0,0.00753629,7536294,141.15,0.00763944,0.00749425,0.02951287,0.0033811,1000000000.0
2026-09-26T16:00:00Z,alibaba-bstocks-tokenized-stock,babab,Alibaba (bStocks Tokenized Stock),1477.0,110.4,7531019,363417.0,110.43,109.71,132.58,106.66,68218.20772252
2026-09-26T16:00:00Z,marvell-xstock,mrvlx,Marvell xStock,1478.0,264.05,7529231,5535.81,266.79,264.03,346.24,70.79,28513.892862934896
2026-09-26T16:00:00Z,vitadao,vita,VitaDAO,1479.0,0.285688,7522328,15668.62,0.297033,0.279798,7.05,0.0,26322624.649195686
2026-09-26T16:00:00Z,cea-industries,bnc4,Cea Industries,1480.0,6.05,7513651,688245.0,6.25,5.98,7.05,4.63,1235224.0
2026-09-26T16:00:00Z,district0x,dnt,district0x,1481.0,0.00750759,7507589,36980.0,0.00789924,0.00723416,0.48337,0.00216748,999999999.2751161
2026-09-26T16:00:00Z,marvell-technology-bstocks-tokenized-stock,mrvlb,Marvell Technology (bStocks Tokenized Stock),1482.0,262.73,7471316,155319.0,266.39,260.99,267.12,158.16,28432.30628047
2026-09-26T16:00:00Z,midas-mapollo,mapollo,Midas mAPOLLO,1483.0,1.12,7469540,0.0,1.12,1.12,1.12,1.019,6666630.368371532
2026-09-26T16:00:00Z,myshell,shell,MyShell,1484.0,0.0276375,7460978,4284583.0,0.02864606,0.02747016,0.68342,0.01745679,270000000.0
2026-09-26T16:00:00Z,flork-3,flork,FLORK,1485.0,0.00745759,7457372,545232.0,0.00796612,0.00653208,0.03201416,0.003638,1000000000.0
2026-09-26T16:00:00Z,tokenos-ai,tos,TokenOS AI,1486.0,0.00745332,7451715,63860.0,0.00767,0.00678861,0.04388847,8.114e-05,999784255.649543
2026-09-26T16:00:00Z,bitlight,light,Bitlight,1487.0,0.172905,7447172,960283.0,0.180384,0.171786,4.8,0.088779,43056972.0
2026-09-26T16:00:00Z,yellow,yellow,Yellow,1488.0,0.03829214,7426221,370252.0,0.03852037,0.03550258,0.065755,0.01699129,193935942.0
2026-09-26T16:00:00Z,cronus-2,cronus,CRONUS,1489.0,0.00742638,7411526,37419.0,0.00848473,0.00712949,0.02051817,9.958e-05,998000065.2044902
2026-09-26T16:00:00Z,sino-2,sino,SINO,1490.0,0.00743171,7397558,9912.5,0.00745669,0.00738821,0.0075677,0.00722865,995405251.0
2026-09-26T16:00:00Z,alpha-trader-exchange-atx,sn63,Quantum Innovate,1491.0,1.38,7360822,14529.16,1.39,1.25,16.06,0.01660408,5337663.945636203
2026-09-26T16:00:00Z,wilder-world,wild,Wilder World,1492.0,0.01471721,7358153,94925.0,0.01405049,0.01324039,7.44,0.0008609,499968908.6318912
2026-09-26T16:00:00Z,mitosis,mito,Mitosis,1493.0,0.01633941,7357927,1774491.0,0.01656791,0.01596346,0.409311,0.01206227,450666672.0
2026-09-26T16:00:00Z,longbow-2,bow,Longbow,1494.0,0.00735375,7353750,483133.0,0.00869559,0.00715664,0.01296418,0.00267801,1000000000.0
2026-09-26T16:00:00Z,redbelly-network-token,rbnt,Redbelly Network,1495.0,0.00243978,7343749,119304.0,0.00248572,0.00243218,0.483622,0.00227319,3010004501.3355
2026-09-26T16:00:00Z,pepecat-2,pepecat,PEPECAT,1496.0,0.00741962,7343669,3795.87,0.00751497,0.00728292,0.01174348,2.295e-05,989738694.283103
2026-09-26T16:00:00Z,compute-horde,sn12,Compute Horde,1497.0,1.58,7336708,1869.87,1.59,1.43,9.41,0.01254481,4651658.101887702
2026-09-26T16:00:00Z,alchemix,alcx,Alchemix,1498.0,2.9,7336396,116284.0,3.01,2.77,2066.2,1.82,2528681.482718533
2026-09-26T16:00:00Z,stake-dao,sdt,Stake DAO,1499.0,0.107068,7336282,5008.25,0.10872,0.106634,17.38,0.01522558,68519854.99234152
2026-09-26T16:00:00Z,verified-emeralds,verem,Verified Emeralds,1500.0,2.93,7323490,88076.0,2.93,2.71,390.06,2.0,2499999.693824172
2026-09-26T16:00:00Z,liquid-euro,weeur,Liquid Euro,1501.0,1.16,7315409,0.0,1.16,1.16,1.19,1.16,6290268.059090029
2026-09-26T16:00:00Z,tap,xtp,XTP,1502.0,0.00073918,7304342,13.89,0.00074027,0.00073916,0.402555,0.000159,9881654380.587242
2026-09-26T16:00:00Z,galatasaray-fan-token,gal,Galatasaray Fan Token,1503.0,0.831663,7297212,1583170.0,0.835673,0.830656,33.63,0.797908,8774240.0
2026-09-26T16:00:00Z,unibright,ubt,Unibright,1504.0,0.04860702,7291691,33901.0,0.05123,0.0433195,4.22,0.00764298,150000000.0
2026-09-26T16:00:00Z,meta-platforms-ondo-tokenized-stock,metaon,Meta Platforms (Ondo Tokenized Stock),1505.0,749.28,7280574,1326247.0,755.1,745.92,788.74,520.38,9716.932627456372
2026-09-26T16:00:00Z,pofu,pofu,Pofu,1506.0,7.273e-05,7272900,33.13,7.345e-05,7.2e-05,0.0003223,4.977e-05,100000000000.0
2026-09-26T16:00:00Z,spiko-amundi-overnight-swap-fund-chf,chfsafo,Spiko Amundi Overnight Swap Fund (CHF),1507.0,1.21,7244230,0.0,1.21,1.21,1.26,1.21,6000000.0
2026-09-26T16:00:00Z,telos,tlos,Telos,1508.0,0.0159416,7203799,349551.0,0.01610083,0.0154595,1.43,0.00119321,451367777.45570004
2026-09-26T16:00:00Z,data-ownership-protocol-2,dop2,Data Ownership Protocol 2,1509.0,0.00064627,7176871,10302.57,0.0006483,0.00063977,0.04226095,0.00057076,11105121756.862701
2026-09-26T16:00:00Z,dydx,ethdydx,dYdX,1510.0,0.147376,7168483,6363876.0,0.151026,0.132672,27.86,0.078895,48638333.4036423
2026-09-26T16:00:00Z,mil,mil,MIL,1511.0,0.00589862,7164046,15388.96,0.00595277,0.00581614,0.00984706,0.00409021,1214500000.0
2026-09-26T16:00:00Z,nftx,nftx,NFTX,,11.01,7158944,5.57,0.0,0.0,499.09,3.95,650000.0
2026-09-26T16:00:00Z,aia,aia,DeAgentAI,1512.0,0.071895,7153777,1745850.0,0.072008,0.067505,28.44,0.04647324,99500000.0
2026-09-26T16:00:00Z,defipulse-index,dpi,DeFi Pulse Index,1513.0,75.97,7142127,52761.0,76.48,66.15,656.49,28.58,94007.08406567438
2026-09-26T16:00:00Z,amo,amo,AMO Coin,1514.0,0.00033604,7124009,102925.0,0.000355,0.00032984,0.01594326,9.585e-05,21200000000.0
2026-09-26T16:00:00Z,red-pulse,phb,Phoenix Global [OLD],,0.00209844,7106731,0.290362,0.0,0.0,0.927789,0.00113454,3386665894.2539186
2026-09-26T16:00:00Z,synth-2,sn50,Synth,1515.0,1.32,7098992,64809.0,1.33,1.19,8.97,0.01568892,5384134.208237028
2026-09-26T16:00:00Z,klever,klv,Klever,1516.0,0.00078428,7082242,683171.0,0.00088093,0.00069172,0.166705,0.00035742,9026596500.11252
2026-09-26T16:00:00Z,xhype-2,xhype,xHYPE,1517.0,1.059,7073119,40.56,1.061,1.057,1.09,0.975929,6679074.013139521
2026-09-26T16:00:00Z,dimitra,dmtr,Dimitra,1518.0,0.00908729,7072738,200556.0,0.01005033,0.00885104,5.95,0.00269344,778310756.5346994
2026-09-26T16:00:00Z,mansory-token,mnsry,Mansory Token,1519.0,0.00783285,7049125,196350.0,0.00789776,0.00779452,0.084804,0.00655104,899993842.0
2026-09-26T16:00:00Z,surplus-intelligence,surplus,Surplus intelligence,1520.0,7.041e-05,7041398,1191924.0,9.328e-05,5.882e-05,0.00011953,1.948e-05,100000000000.0
2026-09-26T16:00:00Z,keyboard-cat-base,keycat,Keyboard Cat (Base),1521.0,0.00070365,7036467,109536.0,0.00072933,0.00069212,0.01585028,0.00022064,10000000000.0
2026-09-26T16:00:00Z,sosana,sosana,SOSANA,1522.0,0.078996,7022070,278.47,0.087306,0.07809,0.555556,0.04080204,88888887.734063
2026-09-26T16:00:00Z,nextplace,sn48,Quantum Compute,1523.0,1.34,7021286,13575.62,1.34,1.21,7.74,0.00968784,5250520.723495801
2026-09-26T16:00:00Z,spacem-token,spcm,SPACEM WORLD,1524.0,0.00068946,7015027,313196.0,0.0007298,0.00067684,0.00094426,0.00014555,10165514493.686035
2026-09-26T16:00:00Z,anzen-usdz,usdz,Anzen USDz,1525.0,0.929779,7012386,4226.81,0.941258,0.928662,1.32,0.797821,7541995.648706376
2026-09-26T16:00:00Z,xborg,xbg,XBorg,1526.0,0.01359011,6993383,16924.44,0.01412309,0.01291179,0.41625,0.00995716,514582396.0
2026-09-26T16:00:00Z,helium-mobile,mobile,Helium Mobile,1527.0,7.828e-05,6989155,4580.55,7.917e-05,7.114e-05,0.00777336,2.652e-05,89280000000.0
2026-09-26T16:00:00Z,slash-vision-labs,svl,Slash Vision Labs,1528.0,0.00373123,6969771,42192.0,0.00378381,0.00369894,0.070984,0.00231274,1867954992.4097548
2026-09-26T16:00:00Z,bitcoin-limited-edition,btcle,Bitcoin Limited Edition,1529.0,445.44,6966619,213080.0,446.07,440.17,472.04,119.26,15639.600000000006
2026-09-26T16:00:00Z,omisego,omg,OMG Network,1530.0,0.04967779,6966100,799160.0,0.050328,0.04839084,25.62,0.04263333,140245398.2451327
2026-09-26T16:00:00Z,purple-pepe,purpe,PURPLE PEPE,1531.0,1.652e-05,6947726,421867.0,1.822e-05,1.637e-05,0.00031481,2.27e-06,420690000000.0
2026-09-26T16:00:00Z,joe-coin,joe,Joe Coin,1532.0,0.00693048,6930476,14824.29,0.0070301,0.00691246,0.074825,0.00067332,1000000000.0
2026-09-26T16:00:00Z,stasis-eurs,eurs,STASIS EURO,1533.0,1.17,6929012,35.18,1.18,0.883012,1.79,0.602456,5907155.64
2026-09-26T16:00:00Z,turtle-4,turtle,Turtle,1534.0,0.0447362,6922777,462223.0,0.04559225,0.04415331,0.281964,0.03226642,154700000.0
2026-09-26T16:00:00Z,dextools,dext,DexTools,1535.0,0.09699,6913351,61643.0,0.107699,0.096475,1.067,1.117e-05,71275982.40209085
2026-09-26T16:00:00Z,baby-shiba-inu,babyshibainu,Baby Shiba Inu,1536.0,6.903e-09,6903571,21.16,6.956e-09,6.874e-09,5.052e-08,7.9295e-14,1000000000000000.0
2026-09-26T16:00:00Z,aria-ai,aria,Aria.AI,1537.0,0.03769123,6900464,821668.0,0.03848073,0.03612697,1.2,0.0220285,183000000.0
2026-09-26T16:00:00Z,wisdomtree-floating-rate-treasury-fund-dinari-tokenized-etf,usfr,WisdomTree Floating Rate Treasury Fund (Dinari Tokenized ETF),1538.0,50.36,6895870,199.22,50.4,50.36,50.57,50.35,136928.0767665725
2026-09-26T16:00:00Z,polkastarter,pols,Polkastarter,1539.0,0.069439,6889062,179644.0,0.072283,0.065781,7.51,0.0488538,99209631.94000003
2026-09-26T16:00:00Z,nuva-nvprime,nvprime,NUVA nvPRIME,1540.0,1.061,6886780,0.0,1.061,1.061,1.077,1.024,6489224.213928365
2026-09-26T16:00:00Z,milady-meme-coin,ladys,Milady Meme Coin,1541.0,7.751e-09,6885282,146118.0,7.844e-09,7.556e-09,4.27891e-07,7.31393e-10,888000888000888.0
2026-09-26T16:00:00Z,dent,dent,Dent,1542.0,6.901e-05,6880663,172874.0,7.037e-05,6.645e-05,0.1006,2.373e-05,100000000000.0
2026-09-26T16:00:00Z,the-juggernaut,juggernaut,The Juggernaut,1543.0,0.00687847,6878422,1260641.0,0.00737057,0.00653593,0.02120852,0.00095649,1000000000.0
2026-09-26T16:00:00Z,wrapped-itry,witry,Wrapped iTRY,1544.0,0.0241081,6874849,0.0,0.02410743,0.02407788,0.0242244,0.01226095,285167639.3483056
2026-09-26T16:00:00Z,meta-platforms-robinhood-tokenized-stock,meta,Meta Platforms • Robinhood Token,1545.0,747.04,6858996,7087299.0,753.77,744.74,781.18,523.65,9182.766060599999
2026-09-26T16:00:00Z,onfa,oft,ONFA,1546.0,0.063877,6854262,24024.0,0.064077,0.063157,2.48,0.03998853,107287555.74518931
2026-09-26T16:00:00Z,zeus-5,sn18,Zeus,1547.0,1.24,6834752,115384.0,1.25,1.12,4.75,0.733309,5513511.149475485
2026-09-26T16:00:00Z,raxol,raxol,RAXOL,1548.0,0.00682771,6824574,277173.0,0.00806412,0.00649047,0.00806412,0.00046972,1000000000.0
2026-09-26T16:00:00Z,bluefin,blue,Bluefin,1549.0,0.01134195,6818089,1289708.0,0.01195604,0.01084402,0.856668,0.00721618,603723492.0
2026-09-26T16:00:00Z,readyai,sn33,ReadyAI,1550.0,1.4,6816175,152017.0,1.45,1.33,12.67,0.01698895,4865284.661760326
2026-09-26T16:00:00Z,sandisk-ondo-tokenized,sndkon,SanDisk (Ondo Tokenized),1551.0,1768.19,6814041,3242493.0,1780.82,1761.74,2370.84,555.57,3853.674762529651
2026-09-26T16:00:00Z,graphite,sn43,Graphite,1552.0,1.33,6800443,55109.0,1.34,1.23,6.02,0.01112529,5125157.330516306
2026-09-26T16:00:00Z,inverse-finance,inv,Inverse Finance,1553.0,9.53,6780159,18938.93,9.54,9.38,2075.09,8.28,711147.7210402117
2026-09-26T16:00:00Z,liquify-dao,liquify,LiquiFy Dao,1554.0,0.00675361,6753608,20.26,0.0067541,0.00659825,0.064991,0.00029988,1000000000.0
2026-09-26T16:00:00Z,anzens-usda,usda,Anzens USDA,1555.0,0.9985,6748613,86919.0,1.019,0.991627,4.85,0.374125,6759693.44
2026-09-26T16:00:00Z,genesisl1,l1,GenesisL1,1556.0,0.160145,6720296,75056.0,0.177195,0.127465,0.177195,0.079726,41967295.94272449
2026-09-26T16:00:00Z,dialectic-eth-vault,deth,Dialectic ETH Vault,1557.0,2751.8,6718677,880.58,2754.61,2706.02,4757.52,1429.4,2441.826470263014
2026-09-26T16:00:00Z,partisia-blockchain,mpc,Partisia Blockchain,1558.0,0.01318513,6712545,6088.0,0.01408433,0.01291636,0.687696,0.00427265,509099596.2836
2026-09-26T16:00:00Z,mcoin1,mcoin,MCOIN,1559.0,0.03787746,6704309,173419.0,0.03806591,0.03761763,2.75,0.02383646,176999999.421199
2026-09-26T16:00:00Z,eth-strategy,strat,ETH Strategy,1560.0,0.157484,6692075,1.21,0.157822,0.156647,0.875668,0.08227,42493787.913105905
2026-09-26T16:00:00Z,soulpeg-usd,spusd,SoulPeg USD,1561.0,0.995064,6688082,2710.28,1.16,0.99018,1.54,0.107484,6721261.008403951
2026-09-26T16:00:00Z,pitbull,pit,Pitbull,1562.0,1.72634e-10,6686966,90281.0,1.74743e-10,1.65912e-10,1.50393e-07,1e-18,3.873469995517507e+16
2026-09-26T16:00:00Z,sk-hynix-xstock,skhyx,SK Hynix xStock,1563.0,191.39,6685430,11986.52,191.94,190.95,199.49,114.86,34930.54788751633
2026-09-26T16:00:00Z,bitsec-ai,sn60,Bitsec.ai,1564.0,1.31,6684408,125548.0,1.32,1.21,3.3,0.0080487,5089848.071466855
2026-09-26T16:00:00Z,bitrise-token,brise,Bitgert,1565.0,1.5588e-08,6671409,631743.0,1.5809e-08,1.5427e-08,1.84e-06,6.16584e-10,427063549263988.0
2026-09-26T16:00:00Z,kekius-maximus,kekius,Kekius Maximus,1566.0,0.00666974,6669366,2390604.0,0.00643847,0.00625201,0.401117,0.00069233,1000000000.0
2026-09-26T16:00:00Z,badger-dao,badger,Badger,1567.0,0.341748,6667392,35740.0,0.35164,0.336445,89.08,0.308284,19509191.905449152
2026-09-26T16:00:00Z,nero-chain,nero,NERO Chain,1568.0,0.00066608,6660757,70846.0,0.00071893,0.00065998,0.02253457,0.00065998,10000000000.0
2026-09-26T16:00:00Z,vertek,xrs,Xauras,1569.0,0.02980085,6660464,14017.3,0.02980447,0.02979795,1.91,0.00499699,223499164.57369995
2026-09-26T16:00:00Z,tao-bot,taobot,tao.bot,1570.0,0.083169,6656428,17317.0,0.087589,0.083048,0.837155,0.01305987,80034999.99
2026-09-26T16:00:00Z,commonwealth-2,cwu,CommonWealth,1571.0,0.00664867,6648830,11034.56,0.00672498,0.00655686,0.133167,0.00626344,999999266.114444
2026-09-26T16:00:00Z,upland,sparklet,Upland,1572.0,0.02139238,6647066,298.82,0.02161679,0.02126756,0.14815,0.01240676,310721156.1866666
2026-09-26T16:00:00Z,aiusd,aiusd,AIUSD,1573.0,0.999567,6639416,22439.0,1.0,0.999489,1.0,0.997955,6642290.6009
2026-09-26T16:00:00Z,litentry,lit,Litentry,1574.0,0.146596,6621235,50200.0,0.146227,0.136286,13.31,0.055683,45166534.0
2026-09-26T16:00:00Z,milady-cult-coin,cult,Milady Cult Coin,1575.0,0.00014124,6620696,190215.0,0.0001445,0.00014051,0.00772251,0.00012013,46877198648.61149
2026-09-26T16:00:00Z,minswap,min,Minswap,1576.0,0.00385534,6620188,145198.0,0.00392151,0.0037695,0.063533,0.00263767,1717195782.0
2026-09-26T16:00:00Z,limewire-token,lmwr,LimeWire,1577.0,0.01046372,6614984,562758.0,0.01045638,0.01029679,1.79,0.00911262,632320881.6140255
2026-09-26T16:00:00Z,loopin-network,loopin,LooPIN Network,1578.0,0.115904,6613615,59.96,0.122643,0.115322,3.72,0.04573751,57061035.89768614
2026-09-26T16:00:00Z,cets-on-gold,cets,Cets On Gold,1579.0,0.00658182,6580997,1878277.0,0.0074381,0.003682,0.03184248,0.003682,1000000000.0
2026-09-26T16:00:00Z,symmio,symm,SYMMIO,1580.0,0.00782596,6573546,25532.0,0.00878914,0.00866514,0.150809,0.00582975,839969368.4198208
2026-09-26T16:00:00Z,taiwan-semiconductor-manufacturing-ondo-tokenized-stock,tsmon,Taiwan Semiconductor Manufacturing (Ondo Tokenized Stock),1581.0,455.81,6573155,1400736.0,457.07,454.17,479.61,226.45,14421.2972116765
2026-09-26T16:00:00Z,gamestop-bstocks-tokenized-stock,gmeb,GameStop (bStocks Tokenized Stock),1582.0,23.57,6571816,3537740.0,24.26,23.25,25.19,17.37,278769.58789171
2026-09-26T16:00:00Z,blackcoin-3,blackcoin,BLACKCOIN,1583.0,0.00654168,6541656,13414.98,0.00666141,0.00644991,0.00666141,0.00193924,999972270.402551
2026-09-26T16:00:00Z,broadcom-xstock,avgox,Broadcom xStock,1584.0,356.96,6511082,21442.0,361.88,353.91,525.34,282.47,18240.412803355768
2026-09-26T16:00:00Z,fwog,fwog,Fwog,1585.0,0.00665734,6489988,1157982.0,0.00679537,0.00658578,0.736315,0.00357522,975558927.909202
2026-09-26T16:00:00Z,moderna-rstock,rmrna,Moderna rStock,1586.0,197.72,6478909,1041.01,201.78,197.18,207.49,141.11,32768.225390053
2026-09-26T16:00:00Z,coinmetro,xcm,Coinmetro,,0.02295525,6476250,20.03,0.0,0.0,0.923577,0.01235123,282124927.4511031
2026-09-26T16:00:00Z,apeonfone,fone,apeonfone,1587.0,0.00651108,6464329,5885455.0,0.00676962,0.00373202,0.03960594,0.00338245,990117474.25513
2026-09-26T16:00:00Z,cryptex-finance,ctx,Cryptex Finance,1588.0,0.690286,6449801,1216714.0,0.718015,0.538307,44.13,0.207053,9338604.61045688
2026-09-26T16:00:00Z,alphabet-class-a-robinhood-tokenized-stock,googl,Alphabet Class A • Robinhood Token,1589.0,343.03,6376352,1021808.0,344.87,342.91,390.03,269.1,18588.22605912
2026-09-26T16:00:00Z,giveback,gback,GIVEBACK,1590.0,0.00636549,6365005,4803.81,0.00672968,0.00631602,0.02798668,0.00010812,999899452.620953
2026-09-26T16:00:00Z,vultisig,vult,Vultisig,1591.0,0.063642,6364244,370.01,0.063814,0.063641,1.24,0.0303,100000000.0
2026-09-26T16:00:00Z,game-by-virtuals,game,GAME by Virtuals,1592.0,0.00635994,6359158,64504.0,0.00644444,0.00590432,0.391761,0.00263366,1000000000.0
2026-09-26T16:00:00Z,o-intelligence-coin,oi,O Intelligence Coin,1593.0,6348690.0,6348840,4686.14,7068329.0,4890100.0,213062243.0,1719705.0,1.0
2026-09-26T16:00:00Z,xeqm-labs,xeqm,Exiom,1594.0,0.02262,6346857,11441.02,0.02701719,0.02035368,0.04690991,0.00711336,280586061.0
2026-09-26T16:00:00Z,xpla,conx,CONX,1595.0,0.006242,6334196,2942449.0,0.00736382,0.0057752,1.4,0.00356079,1014889633.3316871
2026-09-26T16:00:00Z,amazon-ondo-tokenized-stock,amznon,Amazon (Ondo Tokenized Stock),1596.0,249.78,6304256,1520746.0,250.72,249.26,286.39,196.81,25239.31125544251
2026-09-26T16:00:00Z,pepefork,pork,PepeFork,1597.0,1.4969e-08,6297146,6703.44,1.6871e-08,1.4959e-08,9.19634e-07,6.376e-09,420689962949343.0
2026-09-26T16:00:00Z,kora,sn71,Leadpoet,1598.0,1.29,6293295,299727.0,1.31,0.945799,6.13,0.01218282,4878946.712839163
2026-09-26T16:00:00Z,dao-maker,dao,DAO Maker,1599.0,0.02507905,6289873,322074.0,0.02593564,0.02452827,8.71,0.01891658,250926000.0
2026-09-26T16:00:00Z,spacex-backpack-securities,spcx,SpaceX (Backpack Securities),1600.0,148.62,6284872,1967141.0,149.12,147.88,223.88,105.75,42287.367859
2026-09-26T16:00:00Z,ald,ald,ALD,1601.0,0.03124885,6281269,271343.0,0.03183344,0.03115291,0.064563,0.03007515,200000000.0
2026-09-26T16:00:00Z,rxr-coin,rxrc,RXR Coin,,0.157032,6281265,1720552.0,0.0,0.0,0.285265,0.00016012,40000000.0
2026-09-26T16:00:00Z,particle-network,parti,Particle Network,1602.0,0.02679749,6246326,8064233.0,0.02733223,0.02623007,0.419163,0.02074834,233000000.0
2026-09-26T16:00:00Z,bugscoin,bgsc,BugsCoin,1603.0,0.00061297,6238040,66025.0,0.00063315,0.00060374,0.01229164,0.00045557,10176392379.159817
2026-09-26T16:00:00Z,earthmeta-2,emt,EarthMeta,1604.0,0.00296964,6236254,303.53,0.00297137,0.0029498,0.00534964,0.00191997,2100000000.0
2026-09-26T16:00:00Z,usdx-money-usdx,usdx,Stables Labs USDX,1605.0,0.00910497,6232857,1.75,0.00914168,0.00906539,1.057,0.00726786,684555532.9325417
2026-09-26T16:00:00Z,hyperion-2,rion,Hyperion,1606.0,0.154908,6225553,127902.0,0.155899,0.153277,1.17,0.153277,40193785.371536
2026-09-26T16:00:00Z,cupsey-2,cupsey,CUPSEY,1607.0,0.00621826,6207178,178008.0,0.0070617,0.00596109,0.02109288,0.00036928,999566742.535116
2026-09-26T16:00:00Z,polariscloud-ai,sn49,PolarisCloud.ai,1608.0,2.91,6199995,921890.0,2.93,2.14,3.09,0.01102471,2127477.688324681
2026-09-26T16:00:00Z,oneoneone,sn111,Oneoneone,1609.0,1.5,6182981,12250.5,1.51,1.37,2.49,0.00824904,4120365.460171976
2026-09-26T16:00:00Z,gaib,gaib,GAIB,1610.0,0.03016191,6178115,226499.0,0.03123863,0.02997786,0.249432,0.00858161,204831667.0
2026-09-26T16:00:00Z,giggle-mascot,max,Giggle Mascot,1611.0,0.00616841,6168463,728274.0,0.00651514,0.0043126,0.03153376,0.00121612,1000000000.0
2026-09-26T16:00:00Z,the-doge-nft,dog,Own The Doge,1612.0,0.00045152,6164935,275.94,0.00045795,0.0004472,0.04176505,2e-07,13716661434.559736
2026-09-26T16:00:00Z,advanced-micro-devices-bstocks-tokenized-stock,amdb,Advanced Micro Devices (bStocks Tokenized Stock),1613.0,629.53,6151521,1135193.0,632.0,625.82,645.04,482.43,9770.39855381
2026-09-26T16:00:00Z,everybody,hold,Everybody,1614.0,0.00022126,6146850,82334.0,0.00024333,0.00019765,0.00164477,1.18e-05,27780713256.829243
2026-09-26T16:00:00Z,tethereum-3,t99,Tethereum,1615.0,0.304956,6136400,27772.0,0.305251,0.304646,9.0,0.03035486,20126066.23832512
2026-09-26T16:00:00Z,insure,sure,inSure DeFi,1616.0,0.00023163,6134011,1.21,0.00023266,0.00023072,0.11397,2.819e-09,26482078217.41684
2026-09-26T16:00:00Z,radix,xrd,Radix,1617.0,0.00045299,6131194,19708.82,0.00052174,0.00043098,0.651264,0.00039894,13534841175.539585
2026-09-26T16:00:00Z,nebius-bstocks-tokenized-stock,nbisb,Nebius (bStocks Tokenized Stock),1618.0,238.92,6130321,896602.0,239.27,235.62,284.77,141.89,25659.22770684
2026-09-26T16:00:00Z,origin-dollar,ousd,Origin Dollar,1619.0,0.999359,6128862,22004.0,0.999545,0.99917,7.46,0.145538,6132795.321218766
2026-09-26T16:00:00Z,crow-with-knife,caw,crow with knife,1620.0,7.987e-09,6127347,29174.0,8.247e-09,7.825e-09,1.48774e-07,3.697e-09,767143281021284.4
2026-09-26T16:00:00Z,coinmarketcap-20-index-dtf,cmc20,CoinMarketCap 20 Index DTF,1621.0,175.2,6126320,2049485.0,175.73,174.55,205.92,117.57,34967.21884548716
2026-09-26T16:00:00Z,stablr-usd,usdr,StablR USD,,0.289895,6109952,338.95,0.0,0.0,4.78,0.01521513,21076437.506944
2026-09-26T16:00:00Z,layer3,l3,Layer3,1622.0,0.00326293,6108698,976848.0,0.00339772,0.00309194,0.154039,0.00249094,1871776638.93546
2026-09-26T16:00:00Z,novatti-australian-digital-dollar,audd,Australian Digital Dollar,1623.0,0.70522,6106332,30423.0,0.713401,0.702991,2.87,0.36464,8658747.519578286
2026-09-26T16:00:00Z,radio-caca,raca,Radio Caca,1624.0,1.47e-05,6105006,246192.0,1.488e-05,1.425e-05,0.01191986,1.193e-05,415614823704.8587
2026-09-26T16:00:00Z,grove-2,grove,Grove,1625.0,0.00782054,6102958,134992.0,0.00796402,0.00771853,0.04462976,0.00726688,780421984.3987824
2026-09-26T16:00:00Z,masx-ai,sn104,Masx.ai,1626.0,1.4,6089600,30.56,1.4,1.26,1.53,0.718177,4359380.169588057
2026-09-26T16:00:00Z,bobo-coin-2,bobo,Bobo,1627.0,0.00609068,6088140,146084.0,0.00623088,0.00601551,0.02384075,0.0047762,999995801.560417
2026-09-26T16:00:00Z,linqai,lnq,LinqAI,1628.0,0.01369787,6081916,50652.0,0.01382277,0.01347316,0.284858,0.00170144,444141021.7882296
2026-09-26T16:00:00Z,draggable-aktionariat-ag,daks,Draggable Aktionariat AG,,7.6,6081080,7.6,0.0,0.0,9.32,5.49,800000.0
2026-09-26T16:00:00Z,vnx-gold,vnxau,VNX Gold,1629.0,137.97,6070867,16266.95,138.2,137.47,184.69,51.65,44000.0
2026-09-26T16:00:00Z,gyen,gyen,GYEN,1630.0,0.00649138,6068351,12.68,0.00664103,0.00635143,0.060753,0.00218903,934832170.414884
2026-09-26T16:00:00Z,kan,kan,KAN,1631.0,0.00061387,6061114,93084.0,0.00061691,0.00060887,0.02442838,0.00026922,9873555324.725061
2026-09-26T16:00:00Z,solomon-usdv,usdv,Solomon USDv,1632.0,1.0,6060613,72619.0,1.015,0.990346,1.11,0.923263,6059987.4834
2026-09-26T16:00:00Z,reppo,reppo,REPPO,1633.0,0.01414226,6059685,243623.0,0.01406368,0.01242162,0.051255,0.00281636,428549184.2852851
2026-09-26T16:00:00Z,best,best,BEST,1634.0,0.00071243,6058992,7825.0,0.00074143,0.00070685,0.01108485,0.00033624,8504638893.923038
2026-09-26T16:00:00Z,iron-fish,iron,Iron Fish,1635.0,0.078948,6014154,64456.0,0.080186,0.077033,17.0,0.052646,76103174.0
2026-09-26T16:00:00Z,leverup,lv,LeverUp,1636.0,0.066775,6009853,69.3,0.066741,0.063358,0.080729,0.00246327,90000000.0
2026-09-26T16:00:00Z,evernode,evr,Evernode,1637.0,0.082983,5995800,83.78,0.086684,0.08298,0.789887,0.03828492,72253440.0
2026-09-26T16:00:00Z,strata-senior-usdat,srusdat,Strata Senior USDat,1638.0,1.031,5985452,0.0,1.031,1.031,1.031,1.017,5802926.875292946
2026-09-26T16:00:00Z,world-assets,inc,WorldAssets,1639.0,0.066298,5973206,45569.0,0.066739,0.065106,1.13,0.064681,90000000.0
2026-09-26T16:00:00Z,bountymarketcap,bmc,BountyMarketCap,,0.059594,5959361,133.02,0.0,0.0,0.488824,6.64057e-07,100000000.0
2026-09-26T16:00:00Z,luna-by-virtuals,luna,Luna by Virtuals,1640.0,0.00595598,5954490,9214.08,0.00601118,0.00565954,0.251805,0.00419248,1000000000.0
2026-09-26T16:00:00Z,illuminaticoin,nati,IlluminatiCoin,1641.0,1.80384e-07,5952666,631.34,1.81097e-07,1.79667e-07,1.51e-06,2.787e-12,33000000000000.0
2026-09-26T16:00:00Z,nomina,nom,Nomina,1642.0,0.00204788,5938983,9580323.0,0.00220154,0.00202515,0.04544908,0.00130194,2900000000.0
2026-09-26T16:00:00Z,anyspend,any,Anyspend,1643.0,0.02696496,5932290,18.17,0.02736242,0.02676295,0.262432,0.02177347,220000000.0
2026-09-26T16:00:00Z,sherwood-protocol,wood,Sherwood Protocol,1644.0,0.00592366,5924023,177216.0,0.00670044,0.00591025,0.03106337,0.00302555,1000000000.0
2026-09-26T16:00:00Z,hashflow,hft,Hashflow,1645.0,0.00639628,5921485,1665761.0,0.00656881,0.00613146,3.61,0.00536816,925723278.8273001
2026-09-26T16:00:00Z,beefy-finance,bifi,Beefy,1646.0,73.85,5908376,10371.67,74.61,73.38,4116.95,3.28,80000.0
2026-09-26T16:00:00Z,bitcoin-pro,btcp,Bitcoin Pro,1647.0,3.11,5907697,4372.64,3.72,3.11,1209.85,4.772e-05,1901193.3947992
2026-09-26T16:00:00Z,sperax,spa,Sperax,1648.0,0.00308447,5899804,246963.0,0.00330308,0.00302645,0.239479,0.00182866,1912749169.2935894
2026-09-26T16:00:00Z,apu-s-club,apu,Apu Apustaja,1649.0,1.745e-05,5893149,191603.0,1.821e-05,1.78e-05,0.00146564,1.88e-06,337888804222.80457
2026-09-26T16:00:00Z,cosanta,cosa,Cosanta,1650.0,1.93,5881713,15436.61,1.97,1.92,11.71,0.19178,3046057.94999999
2026-09-26T16:00:00Z,lukso-token-2,lyx,LUKSO,1651.0,0.192486,5877742,128091.0,0.192707,0.183855,11.6,0.177185,30535906.59
2026-09-26T16:00:00Z,omega-any-to-any,sn21,SN21 AdTAO,1652.0,1.12,5858708,133627.0,1.12,1.019,2.0,0.00977233,5243388.839245507
2026-09-26T16:00:00Z,reactive-network,react,Reactive Network,1653.0,0.00487572,5850687,181887.0,0.00505235,0.00377014,0.236611,0.00328618,1199963706.571239
2026-09-26T16:00:00Z,triple-plus,tpt,Triple Plus,1654.0,0.068492,5848180,10650.17,0.076736,0.066141,1.2,0.056181,85385116.68
2026-09-26T16:00:00Z,limitless-3,lmts,Limitless,1655.0,0.04442875,5847165,1056161.0,0.04630525,0.04374979,0.694328,0.04278512,131598680.0
2026-09-26T16:00:00Z,agrippa,agrippa,Agrippa,1656.0,5.839e-05,5841141,3945344.0,0.00010794,6.078e-05,0.00014382,4.132e-05,99999999999.99998
2026-09-26T16:00:00Z,alphawin,awin,AlphaWin,1657.0,1.43,5840044,77491.0,1.43,1.42,1.49,1.042,4084000.0
2026-09-26T16:00:00Z,steem-dollars,sbd,Steem Dollars,1658.0,0.594977,5835680,344409.0,0.622208,0.541718,19.02,0.23394,9801650.14
2026-09-26T16:00:00Z,propchain,propc,Propchain,1659.0,0.133804,5819886,81257.0,0.134855,0.121988,5.38,0.062766,43500037.48596755
2026-09-26T16:00:00Z,send-token-2,send,Send,1660.0,0.01631539,5819233,4490.94,0.01658773,0.0163225,0.11502,0.00380728,356671468.8586494
2026-09-26T16:00:00Z,mind-network,fhe,Mind Network,1661.0,0.02331884,5806056,2746616.0,0.02356115,0.02243585,0.296941,0.01478145,249000000.0
2026-09-26T16:00:00Z,yieldnest-rwa-max,ynrwax,YieldNest RWA MAX,1662.0,0.684479,5804594,5670.42,0.767099,0.736651,1.074,0.233792,8485881.706555815
2026-09-26T16:00:00Z,bidz-coin,bidz,BIDZ Coin,,0.00297422,5799737,2.01,0.0,0.0,0.096685,2.3488e-08,1950000000.0
2026-09-26T16:00:00Z,marvell-technology-rstock,rmrvl,Marvell Technology rStock,1663.0,261.65,5794442,11711.53,266.51,261.21,267.23,217.43,22146.107163787
2026-09-26T16:00:00Z,axcnh,axcnh,AxCNH,1664.0,0.147736,5780693,79.92,0.150287,0.146746,0.594466,0.01171476,39128445.8
2026-09-26T16:00:00Z,splinterlands,sps,Splintershards,1665.0,0.00434847,5775000,9134.61,0.004327,0.00416977,1.065,0.00268039,1327940171.157851
2026-09-26T16:00:00Z,secret,scrt,Secret,1666.0,0.0084717,5769675,41061.0,0.00856534,0.00818386,10.38,0.00662216,681107875.129369
2026-09-26T16:00:00Z,palm-ai,palm,PaLM AI,1667.0,0.074493,5769162,53844.0,0.072984,0.059824,1.99,0.00023827,77125966.61891283
2026-09-26T16:00:00Z,the-arena,arena,The Arena,1668.0,0.00089895,5765611,48353.0,0.00092064,0.00084274,0.02660259,0.00049089,6415063488.155975
2026-09-26T16:00:00Z,augur-2,repv2_yes_1,AUGUR,1669.0,0.880599,5764192,3118.3,0.89841,0.83125,0.987375,0.739612,6545760.433666705
2026-09-26T16:00:00Z,santiment-network-token,san,Santiment Network,1670.0,0.089852,5754863,130.42,0.090283,0.089609,7.94,0.00121428,64048079.84631154
2026-09-26T16:00:00Z,strategy-inc-var-rt-ser-a-perp-stretch-preferred-stk-rstock,rstrc,STRATEGY INC VAR RT SER A PERP STRETCH PREFERRED STK rStock,1671.0,98.43,5726224,21237.0,98.75,98.3,99.17,96.94,58175.769250582
2026-09-26T16:00:00Z,resistance-dog,redo,Resistance Dog,1672.0,0.057255,5723182,84890.0,0.058585,0.054821,1.38,0.00691362,100000000.0
2026-09-26T16:00:00Z,kryll,krl,KRYLL,1673.0,0.142099,5718823,98045.0,0.142302,0.140084,4.75,0.00474521,40245472.60137464
2026-09-26T16:00:00Z,bettensor,sn30,Bettensor,1674.0,1.1,5711460,150180.0,1.11,0.984854,2.95,0.00813636,5193225.743091115
2026-09-26T16:00:00Z,metahero,hero,Metahero,1675.0,0.00057054,5704614,248.0,0.00057385,0.00056919,0.252021,2.125e-05,9995009018.52443
2026-09-26T16:00:00Z,vebetterdao,b3tr,VeBetterDAO,1676.0,0.01225747,5691416,145297.0,0.01239412,0.01195212,0.575997,0.00510374,464322133.0
2026-09-26T16:00:00Z,apple-bstocks-tokenized-stock,aaplb,Apple (bStocks Tokenized Stock),1677.0,340.14,5684505,5100995.0,341.57,339.06,343.86,300.58,16712.10597213999
2026-09-26T16:00:00Z,divo,dvo,Divo,1678.0,0.00673321,5676306,34744.0,0.00674918,0.00669547,0.00935399,0.00032237,843030886.0
2026-09-26T16:00:00Z,jimothy-the-raccoon,jimothy,Jimothy The Raccoon,1679.0,0.00567709,5670668,1731014.0,0.00727309,0.00528463,0.04517575,0.00223978,999924912.566525
2026-09-26T16:00:00Z,ika,ika,Ika,1680.0,0.00188597,5657902,326365.0,0.00191486,0.00187261,0.349831,0.00154859,3000000000.0
2026-09-26T16:00:00Z,the-bitcoin-bull,tbb,The Bitcoin Bull,1681.0,0.00565631,5651929,75256.0,0.00626173,0.00550732,0.04763176,0.00470707,999998836.0
2026-09-26T16:00:00Z,altura,alu,Altura,1682.0,0.00576304,5643423,1760176.0,0.00594963,0.00567949,0.462652,0.00255396,979626174.3427701
2026-09-26T16:00:00Z,babyboomtoken,bbt,BabyBoomToken,1683.0,0.03279823,5640600,87505.0,0.03869766,0.03249261,0.939659,0.03249261,171715974.0
2026-09-26T16:00:00Z,tokemak-2,auto,Auto Finance,1684.0,0.056319,5631956,1895.23,0.05702,0.056193,0.080852,0.02919707,100000000.0
2026-09-26T16:00:00Z,dexnet,dexnet,DexNet,1685.0,0.00283677,5630611,43.93,0.00284751,0.00280963,0.081607,0.00186006,1984864164.9012551
2026-09-26T16:00:00Z,spiko-digital-assets-cash-carry-fund,spkcc,Spiko Digital Assets Cash & Carry Fund,1686.0,1.025,5623129,0.0,1.025,1.025,1.025,1.008,5484080.57591
2026-09-26T16:00:00Z,phnix,phnix,PHNIX,1687.0,1.058e-05,5615344,80255.0,1.19e-05,1.046e-05,0.00012824,5.23e-06,530550000000.0
2026-09-26T16:00:00Z,neural3d,sn46,Instant Inference,1688.0,1.16,5610681,295925.0,1.17,1.086,6.05,0.0101778,4851045.586701041
2026-09-26T16:00:00Z,itsai,sn32,ItsAI,1689.0,0.920645,5610192,3160.11,0.925944,0.833813,1.79,0.00597366,6093763.147121546
2026-09-26T16:00:00Z,thetadrop,tdrop,ThetaDrop,1690.0,0.00050761,5609541,16857.81,0.00050985,0.00049974,0.061086,0.00032739,11050797860.0
2026-09-26T16:00:00Z,galeon,galeon,Galeon,1691.0,0.0059556,5598496,3579.47,0.00624749,0.00589421,0.04139904,0.0044354,939954495.3217306
2026-09-26T16:00:00Z,hydranet,hdn,Hydranet,1692.0,0.02720057,5565923,41893.0,0.02725886,0.02563112,0.17844,0.00629322,204625245.04128462
2026-09-26T16:00:00Z,pare,pare,Pare,1693.0,0.00556581,5565823,679341.0,0.00533306,0.00357669,0.02395274,0.00176808,1000000000.0
2026-09-26T16:00:00Z,proshares-ultrapro-qqq-ondo-tokenized,tqqqon,ProShares UltraPro QQQ (Ondo Tokenized),1694.0,79.93,5556527,841276.0,80.6,79.17,88.97,37.48,69541.97376594474
2026-09-26T16:00:00Z,truth-2,prd,PRDCTR,1695.0,0.00046201,5550763,35116.0,0.00056455,0.00040116,0.00101636,0.00025239,12014469703.992294
2026-09-26T16:00:00Z,polytrade,trade,Polytrade,1696.0,0.055412,5549529,257572.0,0.059275,0.052802,3.03,0.02452667,100000000.0
2026-09-26T16:00:00Z,nkn,nkn,NKN,1697.0,0.00689056,5549428,148456.0,0.00699596,0.00660587,1.44,0.00476075,805366669.3534184
2026-09-26T16:00:00Z,neon-exchange,nex,Nash,1698.0,0.124596,5519447,757.16,0.135918,0.131043,3.31,0.0,44298701.0
2026-09-26T16:00:00Z,jobcoin-2,jobcoin,JOBCOIN,1699.0,0.00551913,5518565,4720.55,0.00560753,0.00541504,0.01823708,0.00013024,999873405.92
2026-09-26T16:00:00Z,heyanon,anon,Hey Anon,1700.0,0.359296,5515915,382526.0,0.406938,0.342822,24.73,0.203328,15348693.060362
2026-09-26T16:00:00Z,bluzelle,blz,Bluzelle,1701.0,0.01138992,5508888,1544907.0,0.01347922,0.01026388,0.783089,0.00579292,483663535.77740306
2026-09-26T16:00:00Z,open-loot,ol,OPENLOOT,1702.0,0.00687519,5502728,385902.0,0.00703229,0.00672256,0.683764,0.00419753,800708825.5440149
2026-09-26T16:00:00Z,mahina-token,mhna,Mahina Token,1703.0,0.00054927,5493161,954.92,0.0005552,0.00054692,0.00076589,9.795e-09,10000000000.0
2026-09-26T16:00:00Z,harvest-finance,farm,Harvest Finance,1704.0,8.17,5491292,895035.0,10.93,7.88,628.46,4.87,672183.450713
2026-09-26T16:00:00Z,nem,xem,NEM,1705.0,0.00061001,5490060,243294.0,0.00064936,0.00057129,1.87,8.482e-05,8999999999.0
2026-09-26T16:00:00Z,rice-ai,rice,Rice AI,1706.0,0.00712822,5481035,157448.0,0.00769983,0.00696963,0.262208,0.00265099,768898119.4025946
2026-09-26T16:00:00Z,quantoz-usdq,usdq,Quantoz USDQ,1707.0,0.999557,5470050,1642476.0,1.001,0.997783,1.1,0.8238,5473283.897168
2026-09-26T16:00:00Z,oobit-2,oob,Oobit,1708.0,0.00947483,5469327,97301.0,0.00976933,0.00901205,0.736437,0.00684819,577247945.849834
2026-09-26T16:00:00Z,pinlink,pin,PinLink,1709.0,0.054657,5466569,159875.0,0.058163,0.054864,4.28,0.01894039,100000000.0
2026-09-26T16:00:00Z,wen-4,wen,Wen,1710.0,7.51e-06,5460930,253701.0,8.18e-06,7.38e-06,0.00051049,2.67e-06,727560558910.8284
2026-09-26T16:00:00Z,lofi-2,lofi,LOFI,1711.0,0.00544744,5447441,633832.0,0.00605126,0.0041003,0.250332,0.0026236,1000000000.0
2026-09-26T16:00:00Z,konnect,kct,Konnect,1712.0,0.00073475,5426344,196181.0,0.00079387,0.00072332,0.156065,1.455e-05,7375000040.0
2026-09-26T16:00:00Z,parcl,prcl,Parcl,1713.0,0.00598022,5419786,354587.0,0.00652572,0.00575242,0.736957,0.0043389,906221154.6971921
2026-09-26T16:00:00Z,daddy-tate,daddy,Daddy Tate,1714.0,0.00902094,5407314,181254.0,0.00963796,0.00884288,0.288644,0.00451998,599611429.774328
2026-09-26T16:00:00Z,note-systems,note,Note Systems,1715.0,0.090054,5403266,342866.0,0.122007,0.08732,0.195085,0.067646,60000000.0
2026-09-26T16:00:00Z,paragonsdao,pdt,ParagonsDAO,,0.063925,5386575,142099.0,0.0,0.0,0.937515,0.01746944,84264330.26777703
2026-09-26T16:00:00Z,fakenews,sn66,FakeNews,1716.0,1.069,5383044,81884.0,1.074,0.95501,4.61,0.0152995,5035432.823174126
2026-09-26T16:00:00Z,sandisk-rstock,rsndk,SanDisk rStock,1717.0,1768.17,5380213,125267.0,1787.27,1768.18,1907.33,1503.09,3042.821821251
2026-09-26T16:00:00Z,galaxy-weth-quality,eth:gwethq,Galaxy WETH Quality,1718.0,2708.46,5372525,0.0,2714.26,2695.54,2824.17,1833.35,1983.606572700745
2026-09-26T16:00:00Z,asteroid-3,asteroid,ASTEROID,1719.0,0.00537093,5370935,105132.0,0.00618459,0.00376606,0.01445323,0.0009283,1000000000.0
2026-09-26T16:00:00Z,cf-large-cap-index,lcap,CF Large Cap Index,1720.0,7.48,5362432,13790.66,7.49,7.45,13.34,4.81,716620.2408943499
2026-09-26T16:00:00Z,goldzip-gold,xgz,GoldZip Gold,1721.0,137.47,5361382,39691.0,137.95,136.68,162.73,126.6,39000.0
2026-09-26T16:00:00Z,apple-robinhood-tokenized-stock,aapl,Apple • Robinhood Token,1722.0,340.35,5355469,2750299.0,341.45,339.14,344.6,284.31,15731.36794629
2026-09-26T16:00:00Z,lazio-fan-token,lazio,Lazio Fan Token,1723.0,0.4064,5354555,563123.0,0.407654,0.398779,26.75,0.331275,13178918.91763
2026-09-26T16:00:00Z,ishares-russell-2000-value-etf-ondo-tokenized-etf,iwnon,iShares Russell 2000 Value ETF (Ondo Tokenized ETF),1724.0,216.46,5348704,23.65,218.74,216.1,234.18,169.1,24709.52358532813
2026-09-26T16:00:00Z,fc-porto,porto,FC Porto,1725.0,0.471969,5346558,824883.0,0.472784,0.46432,14.64,0.384792,11328206.35
2026-09-26T16:00:00Z,doginme,doginme,doginme,1726.0,7.904e-05,5344681,151070.0,8.31e-05,7.865e-05,0.00177931,3.99e-06,67618208923.24131
2026-09-26T16:00:00Z,asteroid-shiba,asteroid,Asteroid Shiba,1727.0,1.27e-05,5340782,194935.0,1.34e-05,1.224e-05,0.00048041,4.9588e-08,420690000000.0
2026-09-26T16:00:00Z,dimo,dimo,DIMO,1728.0,0.01058647,5340168,41728.0,0.01098257,0.01027394,0.785628,0.0057111,504433154.91422653
2026-09-26T16:00:00Z,splendor,spld,Splendor,1729.0,0.141971,5330761,30580.0,0.142276,0.141071,9.97,0.02998024,37548310.0
2026-09-26T16:00:00Z,solcasino-token,scs,Solcasino Token,1730.0,0.00173415,5322133,5172.43,0.00174621,0.00170928,0.03099588,2.883e-05,3068972636.0
2026-09-26T16:00:00Z,midas-basis-trading-token,mbasis,Midas mBASIS,1731.0,1.22,5307413,0.0,1.22,1.22,1.23,0.219164,4357492.396030039
2026-09-26T16:00:00Z,minotaur-2,sn112,minotaur,1732.0,2.05,5304726,246816.0,2.07,1.67,2.56,0.01141805,2589041.519161456
2026-09-26T16:00:00Z,altdeer,alt,ALTDeer,1733.0,0.01019502,5303955,16.39,0.0102448,0.00998459,0.239875,0.00385453,520202415.2775
2026-09-26T16:00:00Z,bitrue-token,btr,Bitrue Coin,1734.0,0.01492281,5275500,519285.0,0.01524406,0.01483193,0.594476,0.00914048,353785754.6128119
2026-09-26T16:00:00Z,octaspace,octa,OctaSpace,1735.0,0.117326,5268857,18543.05,0.12977,0.111952,2.39,0.03062462,44907921.32955668
2026-09-26T16:00:00Z,digital-american-water-supply,daws,Digital American Water Supply,1736.0,0.01397386,5260694,115.2,0.01400695,0.01398201,0.01421269,0.01359496,376466663.0
2026-09-26T16:00:00Z,cratos,crts,Cratos,1737.0,6.591e-05,5257699,635090.0,6.625e-05,6.376e-05,0.00747511,2.166e-05,79803163982.0
2026-09-26T16:00:00Z,juventus-fan-token,juv,Juventus Fan Token,1738.0,0.322962,5257680,508790.0,0.323166,0.317806,37.83,0.280336,16274944.0
2026-09-26T16:00:00Z,harmonix-finance,har,Harmonix Finance,1739.0,0.00525211,5252107,5430.39,0.00607208,0.00516702,0.01504116,0.00159854,1000000000.0
2026-09-26T16:00:00Z,tsuki,tsuki,Tsuki,1740.0,0.00553086,5248232,194427.0,0.00571998,0.0054329,0.02513879,0.00059977,949242988.3090833
2026-09-26T16:00:00Z,quantoz-eurq,eurq,Quantoz EURQ,1741.0,1.13,5245020,739883.0,1.13,1.13,1.61,0.763698,4643523.285709
2026-09-26T16:00:00Z,metronome,met,Metronome,1742.0,0.609607,5243535,108.89,0.613367,0.609589,8.9,0.00148609,8601494.685418563
2026-09-26T16:00:00Z,netx,netx,NetX,1743.0,0.199494,5234873,97406.0,0.211759,0.199524,1.98,0.144375,26240702.662498757
2026-09-26T16:00:00Z,army-3,army,XRP ARMY,1744.0,0.0088764,5228845,3293.64,0.00919459,0.00883255,0.190399,0.00356316,589000000.0
2026-09-26T16:00:00Z,invesco-qqq-robinhood-tokenized-stock,qqq,Invesco QQQ • Robinhood Token,1745.0,744.3,5228702,1182899.0,746.03,742.82,748.95,657.78,7025.01264267
2026-09-26T16:00:00Z,omron,sn2,Omron,1746.0,1.022,5221077,21511.0,1.027,0.931395,5.58,0.01177223,5108185.822475148
2026-09-26T16:00:00Z,golden-dragon,gd,Golden Dragon,1747.0,0.00380811,5213303,1.44,0.00380841,0.00380784,0.00380944,0.00367325,1369000000.0
2026-09-26T16:00:00Z,amd-xstock,amdx,AMD xStock,1748.0,630.89,5205208,50126.0,632.39,628.96,645.14,185.64,8250.55844253305
2026-09-26T16:00:00Z,zer0zer0,00,00 Token,1749.0,0.01391798,5198510,56520.0,0.01431957,0.01328557,0.980104,0.00327962,373509848.75600386
2026-09-26T16:00:00Z,nacho-the-kat,nacho,Nacho the Kat,1750.0,1.81e-05,5194755,4374.31,2.041e-05,1.507e-05,0.0007509,5.17e-06,287000000000.0
2026-09-26T16:00:00Z,frong,frong,frong,1751.0,0.00519474,5194754,474697.0,0.00570696,0.00486534,0.01646864,0.00249821,1000000000.0
2026-09-26T16:00:00Z,gittensor,sn74,Gittensor,1752.0,1.093,5184964,388861.0,1.12,0.984598,2.72,0.01147608,4742958.194129157
2026-09-26T16:00:00Z,beatswap,btx,Beatswap,1753.0,0.02301365,5172438,179685.0,0.023152,0.0229573,0.04226009,0.00864254,224755243.0
2026-09-26T16:00:00Z,nearkat-2,nearkat,NearKat,1754.0,0.00527439,5168121,1458513.0,0.00697808,0.00431587,0.01662971,0.00241325,999873971.0
2026-09-26T16:00:00Z,netflix-xstock,nflxx,Netflix xStock,1755.0,258.95,5163878,63.49,258.95,70.97,1754.14,65.73,19941.499850417844
2026-09-26T16:00:00Z,manchester-city-fan-token,city,Manchester City Fan Token,1756.0,0.367357,5151992,2150978.0,0.37385,0.365657,36.19,0.338323,14024459.0
2026-09-26T16:00:00Z,staking-2,sn88,Sταking,1757.0,0.994578,5146311,265956.0,1.01,0.670974,2.94,0.00771326,5174366.711140203
2026-09-26T16:00:00Z,eli-lilly-ondo-tokenized-stock,llyon,Eli Lilly (Ondo Tokenized Stock),1758.0,1190.46,5138079,1696683.0,1191.43,1170.21,1297.57,713.06,4316.08037334675
2026-09-26T16:00:00Z,aleph,aleph,Aleph Cloud,1759.0,0.01461652,5135623,423781.0,0.01460601,0.01287334,0.875793,0.00623944,350982834.4957633
2026-09-26T16:00:00Z,forest-road-usdfr,usdfr,Forest Road USDfr,1760.0,1.001,5132823,5.87,1.001,1.001,1.001,0.999811,5128862.891763
2026-09-26T16:00:00Z,stakestone-berachain-vault-token,berastone,StakeStone Berachain Vault Token,1761.0,2692.4,5131249,618.67,2697.62,2670.12,6810.65,974.17,1905.83067942925
2026-09-26T16:00:00Z,wayfinder,prompt,Wayfinder,1762.0,0.02285357,5119219,4553184.0,0.02316096,0.02231578,0.607139,0.01830149,223900304.0
2026-09-26T16:00:00Z,coldint,sn29,Coldint,1763.0,0.936668,5114385,5249.17,0.942601,0.848715,4.84,0.01030249,5460189.580084396
2026-09-26T16:00:00Z,cryptocurrency-coin,crypto,Cryptocurrency Coin,1764.0,0.00511365,5113467,31986.0,0.00527412,0.00493457,0.01946461,0.00066388,999943819.086969
2026-09-26T16:00:00Z,dowge,dji6930,DOWGE,1765.0,0.00509533,5094998,150286.0,0.00515408,0.00485348,0.084787,0.00185106,999943687.103486
2026-09-26T16:00:00Z,hyperlend,hpl,HyperLend,1766.0,0.01293694,5093445,6533.43,0.01304648,0.01277251,0.02355456,0.008148,393713092.6060002
2026-09-26T16:00:00Z,usp-yield-optimized-stablecoin,usp,USP Yield Optimized Stablecoin,1767.0,1.13,5091171,4818.55,1.13,1.13,1.37,1.026,4486025.011849004
2026-09-26T16:00:00Z,semicon-bull-3x-etf-bstocks-tokenized-stock,soxlb,Semicon Bull 3X ETF (bStocks Tokenized Stock),1768.0,150.4,5088383,3050795.0,155.76,149.69,204.29,85.91,33833.77292389
2026-09-26T16:00:00Z,mori-coin,mori,MORI COIN,1769.0,0.00510393,5087678,987214.0,0.00512902,0.0048834,0.200485,0.00357456,996991055.9344788
2026-09-26T16:00:00Z,zephyr-protocol,zeph,Zephyr Protocol,1770.0,0.387597,5056788,110053.0,0.389835,0.369653,52.31,0.269828,13065062.37271257
2026-09-26T16:00:00Z,elevatefi,efi,ElevateFi,1771.0,6.73,5048093,13649.06,6.93,6.61,117.96,1.75,748887.3631968403
2026-09-26T16:00:00Z,vnx-swiss-franc,vchf,VNX Swiss Franc,1772.0,1.24,5046071,110223.0,1.24,1.22,1.32,0.0112707,4069871.0
2026-09-26T16:00:00Z,populous,ppt,Populous,1773.0,0.095985,5024951,259.4,0.098563,0.091694,75.19,0.00662912,52351287.91992336
2026-09-26T16:00:00Z,fxn-token,fxn,f(x) Protocol,1774.0,30.57,5018389,15955.76,31.14,30.48,219.95,9.82,164148.88543130434
2026-09-26T16:00:00Z,cygnus-2,cgn,Cygnus,1775.0,0.00217011,4988510,126858.0,0.00217263,0.00216688,0.03737585,0.00182861,2300000000.0
2026-09-26T16:00:00Z,tesla-robinhood-tokenized-stock,tsla,Tesla • Robinhood Token,1776.0,371.95,4980867,849900.0,374.03,371.1,484.68,280.45,13391.23916
2026-09-26T16:00:00Z,spacex-prestocks-2,spacex,SpaceX PreStocks,1777.0,569.07,4975115,5692.06,592.43,564.9,880.4,168.0,8742.505360564
2026-09-26T16:00:00Z,math,math,MATH,1778.0,0.02603215,4961916,92522.0,0.02643701,0.0246993,3.15,0.01897843,190630130.86
2026-09-26T16:00:00Z,desearch,sn22,Desearch,1779.0,1.011,4955378,119398.0,1.017,0.90488,2.43,0.00875522,4902637.946736148
2026-09-26T16:00:00Z,enosys-loans-cdp,cdp,Enosys Loans CDP,1780.0,0.990151,4937574,297036.0,0.992983,0.98647,1.41,0.926938,4986683.485055957
2026-09-26T16:00:00Z,golden-kitty,golden,Golden Kitty,1781.0,0.00493283,4932869,184273.0,0.00530989,0.00447528,0.00530989,0.00065321,1000000000.0
2026-09-26T16:00:00Z,gold-dao,goldao,Gold DAO,1782.0,0.00726257,4925929,313.39,0.00711805,0.006759,0.087434,0.00264999,678313717.0
2026-09-26T16:00:00Z,genesysgo-shadow,shdw,Shadow Token,1783.0,0.02913094,4924687,112796.0,0.02995635,0.02810614,2.82,0.01275871,169053503.1967043
2026-09-26T16:00:00Z,neuberger-securitize-high-income-tokenized-fund,hinc,Neuberger Securitize High Income Tokenized Fund,1784.0,984.15,4920735,0.0,986.72,984.15,1004.86,984.15,5000.0
2026-09-26T16:00:00Z,oly-2,oly,OLY,1785.0,0.02186737,4920280,5774.44,0.02225173,0.01712724,0.02322856,0.01481922,225004739.33886015
2026-09-26T16:00:00Z,zoid-pay,zpay,ZoidPay,1786.0,0.00797836,4908370,8078.79,0.0082488,0.00511506,1.79,0.00057157,615210703.0
2026-09-26T16:00:00Z,matrixdock-silver,xagm,Matrixdock Silver,1787.0,67.17,4905970,9544.8,67.18,66.32,89.38,57.3,73042.266686196
2026-09-26T16:00:00Z,circle-internet-group-robinhood-tokenized-stock,crcl,Circle Internet Group • Robinhood Token,1788.0,88.87,4886783,1165121.0,89.27,86.5,105.49,58.17,54986.32675999999
2026-09-26T16:00:00Z,p2p-protocol,p2p,P2P Protocol,1789.0,0.408248,4882319,842.34,0.408704,0.408236,0.548022,0.354123,11959197.578991
2026-09-26T16:00:00Z,melon,mln,Enzyme,1790.0,1.49,4876025,129319.0,1.56,1.46,258.26,1.18,3276749.962675152
2026-09-26T16:00:00Z,broadcom-ondo-tokenized-stock,avgoon,Broadcom (Ondo Tokenized Stock),1791.0,356.4,4870177,2180042.0,357.16,353.98,506.32,291.29,13670.43381077837
2026-09-26T16:00:00Z,aos-2,sn79,τaos,1792.0,1.017,4862532,14498.2,1.023,0.928685,2.59,0.00615528,4781046.299806096
2026-09-26T16:00:00Z,aergo-2,hpp,House Party Protocol,1793.0,0.00691662,4852682,180109.0,0.00697353,0.00681742,0.057578,0.00471779,702024518.9831148
2026-09-26T16:00:00Z,teddy-bear,bear,TEDDY BEAR,1794.0,4.886e-09,4850675,15362.46,5.303e-09,4.135e-09,1.28725e-07,7.96608e-10,993400341683966.5
2026-09-26T16:00:00Z,aspecta,asp,Aspecta,1795.0,0.01136874,4850119,467400.0,0.01156237,0.01112124,0.582459,0.00907941,426477274.0
2026-09-26T16:00:00Z,nest-2,nest,NEST,1796.0,0.01859199,4837384,118330.0,0.01935348,0.01807308,0.04380651,0.00071465,260186455.9514799
2026-09-26T16:00:00Z,rune-pups,pups,Pups (Bitcoin),1797.0,0.00482792,4827988,31169.0,0.00502853,0.00453174,3.87,0.00141711,1000000000.0
2026-09-26T16:00:00Z,oduwa-coin,owc,Oduwa Coin,1798.0,0.310805,4821810,1644.16,0.31106,0.309239,0.322033,0.069896,15513946.51032875
2026-09-26T16:00:00Z,depinsim,esim,Depinsim,1799.0,0.03579968,4815056,2302.83,0.03686345,0.03595711,0.144218,0.00300367,134500000.0
2026-09-26T16:00:00Z,spacechain-erc-20,spc,SpaceChain (ERC-20),1800.0,0.00795889,4804790,1203.86,0.00801588,0.00783854,0.128725,0.00016444,603700901.1215501
2026-09-26T16:00:00Z,scroll,scr,Scroll,1801.0,0.02518761,4785520,2297805.0,0.02559488,0.02446267,1.43,0.01834088,190000000.0
2026-09-26T16:00:00Z,nebius-group-ondo-tokenized,nbison,Nebius Group (Ondo Tokenized),1802.0,239.19,4775504,1820842.0,241.63,236.3,298.53,90.28,19964.51993392428
2026-09-26T16:00:00Z,robinhood-bstocks-tokenized-stock,hoodb,Robinhood (bStocks Tokenized Stock),1803.0,118.77,4751823,1238888.0,119.66,117.84,127.77,83.86,40006.81100279
2026-09-26T16:00:00Z,infinity-rising,rise,Infinity Rising,1804.0,0.00158795,4750065,14881.34,0.00160914,0.00150688,0.00941953,0.00111323,2991629082.811009
2026-09-26T16:00:00Z,pepper,pepper,PEPPER,1805.0,5.42027e-10,4740519,8904.02,5.48548e-10,5.26027e-10,2.92343e-07,4.17775e-10,8745680309696633.0
2026-09-26T16:00:00Z,rayls,rls,Rayls,1806.0,0.0025985,4739610,469711.0,0.00263312,0.00255151,0.03644515,0.00154179,1823938489.3115938
2026-09-26T16:00:00Z,nectar,nect,Nectar,1807.0,1.002,4725033,1050.07,1.007,0.994799,1.53,0.852459,4717559.53766
2026-09-26T16:00:00Z,catecoin,cate,CateCoin,,8.4255e-08,4717347,2216.22,0.0,0.0,1.176e-05,3.0238e-11,55988941253981.63
2026-09-26T16:00:00Z,verasity,vra,Verasity,1808.0,1.668e-05,4716056,100023.0,1.815e-05,1.622e-05,0.086208,5.85e-06,282735712504.6284
2026-09-26T16:00:00Z,platon-network,lat,PlatON Network,1809.0,0.00066318,4714254,1588332.0,0.00067816,0.00063472,1.46,0.00034762,7115268439.262557
2026-09-26T16:00:00Z,afreum,afr,Afreum,1810.0,0.00058828,4704655,2227.18,0.00061128,0.0005607,0.00273996,7.364e-05,7997338206.063225
2026-09-26T16:00:00Z,cumulus-encrypted-storage-system,cess,CESS Network,1811.0,0.00177312,4698942,187230.0,0.0021287,0.0017696,0.01905585,0.00106898,2650000000.0
2026-09-26T16:00:00Z,pixels,pixel,Pixels,1812.0,0.00608554,4692801,9943173.0,0.00625061,0.00584794,1.017,0.00381279,771041667.0
2026-09-26T16:00:00Z,tokocrypto,tko,Tokocrypto,1813.0,0.062352,4689622,598944.0,0.063136,0.059502,4.91,0.0430912,75000000.0
2026-09-26T16:00:00Z,marina-protocol,bay,Marina Protocol,1814.0,0.02340467,4681247,516343.0,0.02388621,0.02090503,0.190031,0.00708987,200000000.0
2026-09-26T16:00:00Z,trustswap,swap,TrustSwap,1815.0,0.04680278,4680059,106453.0,0.04830597,0.04581988,5.0,0.03066941,99996042.94858491
2026-09-26T16:00:00Z,rain-coin,rain,Rain Coin,1816.0,4.68,4679036,9834.75,4.79,4.66,18.02,0.832767,1000000.0
2026-09-26T16:00:00Z,mamo,mamo,Mamo,1817.0,0.00773389,4674732,2243989.0,0.00768811,0.00731377,0.408609,0.00691502,604836683.475
2026-09-26T16:00:00Z,ca-htb,ca,Coupon Assets,1818.0,0.254129,4673639,1063831.0,0.254443,0.253,1.7,0.161577,18392259.501000017
2026-09-26T16:00:00Z,applied-optoelectronics-bstocks-tokenized-stock,aaoib,Applied Optoelectronics (bStocks Tokenized Stock),1819.0,101.63,4650255,217537.0,104.63,100.72,160.91,74.12,45757.13962451
2026-09-26T16:00:00Z,gitlawb,gitlawb,Gitlawb,1820.0,4.65e-05,4649925,332622.0,5.654e-05,4.487e-05,0.00043416,1.248e-05,100000000000.0
2026-09-26T16:00:00Z,nimiq-2,nim,Nimiq,1821.0,0.00033514,4649059,123086.0,0.00035075,0.00028299,0.01501821,0.00018532,13872126834.0
2026-09-26T16:00:00Z,towns,towns,Towns,1822.0,0.00220276,4646570,3229271.0,0.00225967,0.0021312,0.07013,0.00165546,2109362819.0
2026-09-26T16:00:00Z,byteball,gbyte,Obyte,1823.0,4.92,4635720,9521.82,5.57,4.36,1185.39,0.838196,944246.425844477
2026-09-26T16:00:00Z,star-atlas-dao,polis,Star Atlas DAO,1824.0,0.01573184,4634770,46022.0,0.0164964,0.01479913,18.55,0.00796931,294589418.1714
2026-09-26T16:00:00Z,stonks-4,stnk,Stonks,1825.0,7.94,4620398,12417.2,8.17,7.88,370.17,3.54,581876.156160091
2026-09-26T16:00:00Z,allinu,allinu,ALLINU,1826.0,0.00463516,4615201,3425615.0,0.00667677,0.00419993,0.02830889,0.00419993,994665732.261978
2026-09-26T16:00:00Z,roam-token,roam,ROAM Token,1827.0,0.01265741,4614922,1130617.0,0.01281096,0.01264584,0.409919,0.00468466,364596704.8293631
2026-09-26T16:00:00Z,perpetual-bitcoin,pb,Perpetual Bitcoin,,0.219378,4606946,2.37,0.0,0.0,0.374757,0.137937,21000000.0
2026-09-26T16:00:00Z,jager-hunter,jager,Jager Hunter,1828.0,3.14649e-10,4594176,38949.0,3.24041e-10,3.1406e-10,2.757e-09,1.75293e-10,1.46e+16
2026-09-26T16:00:00Z,altseason,altszn,ALTSEASON,1829.0,0.00458905,4588843,1750276.0,0.00463436,0.00425018,0.00904484,0.00181343,999954012.457095
2026-09-26T16:00:00Z,finetuning,sn37,Aurelius,1830.0,0.956511,4583520,635.61,0.962016,0.864956,3.27,0.00759279,4791916.5043761
2026-09-26T16:00:00Z,evaa-protocol,evaa,EVAA Protocol,1831.0,0.692163,4580743,664272.0,0.745764,0.675561,13.62,0.281766,6617972.0
2026-09-26T16:00:00Z,rch-token,rch,RCH Token,1832.0,0.165225,4572820,65.66,0.165705,0.164469,3.31,0.095169,27676291.42149032
2026-09-26T16:00:00Z,swell-network,swell,Swell,1833.0,0.00087243,4556311,426837.0,0.00088808,0.00085575,0.069551,0.00054479,5222439410.885976
2026-09-26T16:00:00Z,lumi-credits,lumi,LUMI Credits,1834.0,0.03558516,4554900,1.8,0.0354732,0.03546875,0.898052,0.00134419,128000000.0
2026-09-26T16:00:00Z,alexgo,alex,ALEX Lab,1835.0,0.00491001,4538410,98079.0,0.0051096,0.00469445,0.539882,0.00052306,923865414.6838878
2026-09-26T16:00:00Z,artdra-coin,artdra,ARTDRA Coin,,0.02046178,4518580,61.39,0.0,0.0,0.108672,0.02036006,220830261.1159328
2026-09-26T16:00:00Z,hashpack,pack,HashPack,1836.0,0.00659548,4507505,9176.94,0.00662591,0.00646314,0.084223,0.00110751,683423278.158294
2026-09-26T16:00:00Z,real-4,real,Real,1837.0,0.00450607,4506019,5459.35,0.00447856,0.00411022,0.177836,0.00203174,999998716.052567
2026-09-26T16:00:00Z,arowana,arw,Arowana,1838.0,0.00899815,4499073,685.83,0.00933758,0.00899788,0.44417,0.0081999,500000000.0
2026-09-26T16:00:00Z,merit-2,sn73,Merit,1839.0,1.086,4498110,363.47,1.092,0.981576,8.54,0.00875085,4143221.491766427
2026-09-26T16:00:00Z,private-aviation-finance-token,cino,Private Aviation Finance Token,1840.0,0.00449742,4497109,6391.99,0.00484106,0.00437488,0.053481,0.00097415,999905597.735541
2026-09-26T16:00:00Z,chonketha-the-wet-beaver,chonketha,Chonketha the Wet Beaver,1841.0,0.00449554,4493268,173434.0,0.00465052,0.00381127,0.01198474,0.00038302,999862964.435136
2026-09-26T16:00:00Z,suilend,send,Suilend,1842.0,0.059314,4480448,5953.24,0.065429,0.050336,3.98,0.04665299,75537400.0
2026-09-26T16:00:00Z,pwease,pwease,Pwease,1843.0,0.00447954,4479005,403200.0,0.00570774,0.0036384,0.053377,0.00060536,999860083.229365
2026-09-26T16:00:00Z,startale-usd,usdsc,Startale USD,1844.0,1.001,4475767,71864.0,1.004,0.997898,1.79,0.93387,4472685.239118
2026-09-26T16:00:00Z,pact-2,pact,PACT,1845.0,0.00013695,4466655,10073.56,0.00013917,0.00012911,0.00081776,2.771e-05,32614332591.0
2026-09-26T16:00:00Z,diamond,dmd,Diamond,1846.0,1.17,4453967,18005.97,1.17,1.092,33.58,0.055845,3792310.0
2026-09-26T16:00:00Z,gvnr,gvnr,GVNR,,0.275808,4432438,27.58,0.0,0.0,3.99,0.03570621,16070767.25164716
2026-09-26T16:00:00Z,infinitehash,sn89,InfiniteHash,1847.0,1.018,4429924,2598.69,1.024,0.922611,8.9,0.00719656,4350634.153526344
2026-09-26T16:00:00Z,oracle-ondo-tokenized-stock,orclon,Oracle (Ondo Tokenized Stock),1848.0,138.76,4423902,1273348.0,139.82,137.96,345.1,115.7,31880.94354173041
2026-09-26T16:00:00Z,tokenized-bny-mellon-global-short-dated-high-yield-bond-fund,hybond,Tokenized BNY Mellon Global Short-Dated High Yield Bond Fund,1849.0,1.74,4421857,0.0,1.74,1.74,1.75,1.73,2546929.061200035
2026-09-26T16:00:00Z,faze,faze,Faze,1850.0,0.00441967,4419674,35093.0,0.00543943,0.00226232,0.00608951,0.00100644,1000000000.0
2026-09-26T16:00:00Z,zarp-stablecoin,zarp,ZARP Stablecoin,1851.0,0.061369,4418804,3100.47,0.061652,0.061018,0.063823,0.04593778,72004353.81510787
2026-09-26T16:00:00Z,kadena,kda,Kadena,1852.0,0.01304832,4418581,61853.0,0.01438546,0.00950027,27.64,0.00299976,338586083.5196
2026-09-26T16:00:00Z,idia,idia,Impossible Finance Launchpad,1853.0,0.00460407,4413719,1332.09,0.00479489,0.0045277,3.51,0.00327729,958655942.6444227
2026-09-26T16:00:00Z,manyu-2,manyu,Manyu,1854.0,4.415e-09,4412484,477862.0,4.572e-09,4.337e-09,7.0275e-08,2.644e-09,1000000000000000.0
2026-09-26T16:00:00Z,vara-network,vara,Vara Network,1855.0,0.00076978,4412199,861412.0,0.00094372,0.00067937,0.27007,0.00036451,5728223288.0
2026-09-26T16:00:00Z,checkmate-2,check,Checkmate,1856.0,0.01225098,4403153,1595538.0,0.0121761,0.01182938,0.107218,0.00547381,359216673.0
2026-09-26T16:00:00Z,most-wanted-2,most,Most Wanted,1857.0,0.0043938,4393801,3089.78,0.00476981,0.00312231,0.03782497,0.00074127,1000000000.0
2026-09-26T16:00:00Z,shapeshift-fox-token,fox,ShapeShift FOX,1858.0,0.00544709,4389450,48617.0,0.00560403,0.00527495,1.65,0.00084893,805834060.0573875
2026-09-26T16:00:00Z,nvidia-coinbase-tokenized-stock,nvdac,NVIDIA (Coinbase Tokenized Stock),1859.0,224.59,4376295,3893158.0,225.32,223.57,273.8,207.14,19486.23355713
2026-09-26T16:00:00Z,subvortex,sn7,SubVortex,1860.0,0.819717,4372366,38942.0,0.824026,0.745347,1.48,0.00665843,5333995.859304077
2026-09-26T16:00:00Z,baby-shark-universe,bsu,Baby Shark Universe,1861.0,0.0051341,4368788,1109851.0,0.00519476,0.00506711,0.358087,0.00333197,850000000.0
2026-09-26T16:00:00Z,suins-token,ns,SuiNS Token,1862.0,0.01582215,4363771,147941.0,0.01631343,0.01496282,0.533613,0.00967564,275796287.0
2026-09-26T16:00:00Z,wagie-wojaks,wagie,wagie wojaks,1863.0,0.207536,4358261,10617.95,0.221689,0.17862,0.222358,0.072736,21000000.0
2026-09-26T16:00:00Z,oracle-xstock,orclx,Oracle xStock,1864.0,138.72,4346458,1828.53,141.66,137.08,341.33,115.12,31331.945179492694
2026-09-26T16:00:00Z,precog,sn55,Precog,1865.0,0.82126,4330456,145414.0,0.837914,0.756358,3.06,0.00621619,5272940.681295785
2026-09-26T16:00:00Z,coinzoom-token,zoom,CoinZoom,1866.0,0.0073033,4328724,11351.47,0.00747387,0.00718328,0.095229,0.00386304,592708233.0
2026-09-26T16:00:00Z,agent-hustle-2,emblem,Emblem Vault,1867.0,0.00431682,4317485,297484.0,0.00435319,0.00395636,0.00775503,0.00315175,999994883.6547352
2026-09-26T16:00:00Z,tangent-usg,usg,Tangent USG,1868.0,0.994429,4315688,78321.0,0.99606,0.984764,0.996657,0.984764,4339867.019424878
2026-09-26T16:00:00Z,haedal,haedal,Haedal Protocol,1869.0,0.0220669,4302956,1361363.0,0.02232526,0.02124274,0.300336,0.01410255,195000000.0
2026-09-26T16:00:00Z,hamilton-lane-senior-credit-opportunities-securitize-fund,hlscope,Hamilton Lane Senior Credit Opportunities Securitize Fund,1870.0,1268.45,4290878,0.0,1268.84,1268.43,1290.55,1152.33,3382.769175
2026-09-26T16:00:00Z,farcana,far,FAR Labs,1871.0,0.00087633,4289708,48690.0,0.00096018,0.00086366,0.215105,0.00015368,4895073158.743673
2026-09-26T16:00:00Z,microduck,microduck,microduck,1872.0,0.00467063,4289372,454287.0,0.00512178,0.00435101,0.04884131,0.00385686,918367346.9387755
2026-09-26T16:00:00Z,observer-coin,obsr,Observer,1873.0,0.00065872,4286328,697186.0,0.00072861,0.00063062,0.06177,0.00013416,6507080871.0
2026-09-26T16:00:00Z,xdog,xdog,XDOG,1874.0,0.00427613,4277123,1582790.0,0.00480153,0.00437531,0.04912007,0.00179619,1000000000.0
2026-09-26T16:00:00Z,apm-fashion,apm,apM Fashion,1875.0,0.00474586,4271274,3685339.0,0.00589264,0.00476732,0.00750367,0.00383124,900000000.0
2026-09-26T16:00:00Z,polyhedra-network,zkj,Polyhedra Network,1876.0,0.0066096,4244691,1051946.0,0.0068063,0.00646613,4.01,0.00488335,642249999.0
2026-09-26T16:00:00Z,steam22,stk,Stoked,1877.0,0.04244438,4244437,4780.33,0.04306932,0.04205565,0.122067,0.00054316,100000000.0
2026-09-26T16:00:00Z,dextf,dextf,Memento,1878.0,0.052565,4240940,36493.0,0.06348,0.054376,3.98,0.00130007,80676907.84985302
2026-09-26T16:00:00Z,tsmc-bstocks-tokenized-stock,tsmb,TSMC (bStocks Tokenized Stock),1879.0,450.83,4238741,88966.0,452.12,450.29,456.23,368.53,9402.06470186
2026-09-26T16:00:00Z,gamecow,gcow,GameCow,1880.0,537.6,4237090,27202.0,549.1,531.23,1089.41,410.27,7881.2342142690195
2026-09-26T16:00:00Z,tokenforge,tkfg,tokenforge,1881.0,0.01521042,4235473,159.72,0.01522894,0.01476439,0.188898,0.01175267,278458606.67363834
2026-09-26T16:00:00Z,mileverse,mvc,MileVerse,1882.0,0.00157128,4231145,75328.0,0.00157795,0.00152536,0.563195,0.0010024,2692797830.546767
2026-09-26T16:00:00Z,pundi-aifx,pundiai,Pundi AI,1883.0,0.468835,4220225,1645.33,0.472433,0.467351,17.93,0.361926,9000761.922889061
2026-09-26T16:00:00Z,characterx,cai,CharacterX,1884.0,0.04219367,4219366,53131.0,0.04832794,0.03443757,0.378105,0.01090516,100000000.0
2026-09-26T16:00:00Z,smardex,sdex,SMARDEX,1885.0,0.0004301,4219313,4766.77,0.00043221,0.00042908,0.02634045,0.00038112,9810181273.24878
2026-09-26T16:00:00Z,citrea-usd,ctusd,Citrea USD,1886.0,0.999759,4218922,10821.75,1.01,0.992579,1.61,0.837506,4220650.132461
2026-09-26T16:00:00Z,zircuit,zrc,Zircuit,1887.0,0.00115017,4218333,261904.0,0.00115602,0.0011083,0.09726,0.00069855,3657017074.75
2026-09-26T16:00:00Z,broadcom-rstock,ravgo,Broadcom rStock,1888.0,353.73,4209843,54303.0,353.95,351.47,366.45,335.71,11901.38727105999
2026-09-26T16:00:00Z,minto,btcmt,Minto,1889.0,0.650154,4194294,103184.0,0.65509,0.646783,2.37,0.391186,6451236.221757991
2026-09-26T16:00:00Z,grok-2,grok,Grok,1890.0,0.00066181,4179421,117626.0,0.00067796,0.00066283,0.02982108,0.0002564,6317314543.131642
2026-09-26T16:00:00Z,elephant-money-trunk,trunk,Elephant Money (TRUNK),1891.0,0.03430129,4174351,313.12,0.03725145,0.03404072,0.899901,0.01612882,121691098.32236499
2026-09-26T16:00:00Z,alpine-f1-team-fan-token,alpine,Alpine F1 Team Fan Token,1892.0,0.366702,4165745,1658320.0,0.373402,0.355239,12.71,0.29349,11360000.0
2026-09-26T16:00:00Z,scamcoin,scam,Scamcoin,1893.0,0.00416114,4160922,31847.0,0.00418421,0.00408032,0.00423125,5.381e-05,999947194.361568
2026-09-26T16:00:00Z,what-the-hook,wth,what the hook?,1894.0,19.79,4156592,415939.0,21.78,19.16,37.23,5.6,210000.0
2026-09-26T16:00:00Z,goldfinch,gfi,Goldfinch,1895.0,0.04323323,4155203,237370.0,0.04816908,0.04310575,32.94,0.02495882,95242765.29565473
2026-09-26T16:00:00Z,tqqq-xstock,tqqqx,TQQQ xStock,1896.0,80.28,4153726,23247.0,80.28,79.56,235.95,42.54,51742.707175994445
2026-09-26T16:00:00Z,daydreams,dreams,Daydreams,1897.0,0.00415025,4149977,143198.0,0.0043715,0.0040487,0.03903129,0.00140559,999757743.329501
2026-09-26T16:00:00Z,gocollect,collect,GoCollect,1898.0,0.0041748,4149260,6443421.0,0.00370867,0.00217219,0.00464904,0.00217219,989444321.171559
2026-09-26T16:00:00Z,byteleap,sn128,ByteLeap,1899.0,0.937548,4133034,20.99,0.942944,0.847482,1.023,0.562188,4408343.134386319
2026-09-26T16:00:00Z,eesee,ese,Eesee,1900.0,0.00514044,4124837,188325.0,0.00522316,0.00490226,0.149255,0.0007876,802699278.2979933
2026-09-26T16:00:00Z,palantir-xstock,pltrx,Palantir xStock,1901.0,189.06,4115044,161865.0,192.22,188.96,214.9,106.21,21765.282750856077
2026-09-26T16:00:00Z,coca-cola-ondo-tokenized-stock,koon,Coca-Cola (Ondo Tokenized Stock),1902.0,90.57,4113413,479646.0,91.02,88.94,94.26,65.8,45418.18047890343
2026-09-26T16:00:00Z,tesla-rstock-2,rtsla,Tesla rStock,1903.0,371.53,4113393,67588.0,374.23,371.02,386.35,353.88,11071.39399008499
2026-09-26T16:00:00Z,bitcoin-gold,btg,Bitcoin Gold,,0.233797,4094698,58.98,0.0,0.0,456.25,0.12242,17513924.0
2026-09-26T16:00:00Z,scor,scor,Scor,1904.0,0.00911071,4088496,73.69,0.00918396,0.00910123,0.03400898,0.00606091,448757057.22274303
2026-09-26T16:00:00Z,bitshares,bts,BitShares,1905.0,0.0013646,4087046,105989.0,0.00143104,0.00132548,0.923921,3.2e-06,2995060000.0
2026-09-26T16:00:00Z,snap-kero,$nap,SNAP,1906.0,2.49e-06,4085949,126.84,2.5e-06,2.44e-06,0.00014924,1.23e-06,1641524496170.026
2026-09-26T16:00:00Z,axt-bstocks-tokenized-stock,axtib,AXT (bStocks Tokenized Stock),1907.0,78.7,4081656,1410860.0,80.1,77.87,97.69,36.11,51868.41092707
2026-09-26T16:00:00Z,micron-technology-backpack-securities,mu,Micron Technology (Backpack Securities),1908.0,1082.94,4072688,520355.0,1086.55,1076.96,1247.24,545.04,3760.769094
2026-09-26T16:00:00Z,strategy-inc-robinhood-tokenized-stock,mstr,Strategy Inc. • Robinhood Token,1909.0,159.62,4068179,1086976.0,160.04,157.91,2057.51,84.96,25486.95245
2026-09-26T16:00:00Z,projectvex,vex,ProjectVex,1910.0,0.00402273,4065737,1115036.0,0.00439221,0.00311961,0.01742199,0.00024386,999999394.3021185
2026-09-26T16:00:00Z,arm-holdings-plc-ondo-tokenized-stock,armon,Arm Holdings plc (Ondo Tokenized Stock),1911.0,312.74,4054557,1194984.0,319.23,309.87,449.43,92.35,12965.07498194335
2026-09-26T16:00:00Z,flying-tulip-usd,ftusd,Flying Tulip USD,1912.0,1.002,4051644,38005.0,1.002,0.997517,1.023,0.926607,4045104.796142
2026-09-26T16:00:00Z,ac-milan-fan-token,acm,AC Milan Fan Token,1913.0,0.284849,4049589,918784.0,0.286962,0.281267,23.2,0.254147,14216617.0
2026-09-26T16:00:00Z,tars-protocol,tai,TARS AI,1914.0,0.00452113,4046398,211317.0,0.00475959,0.00420754,0.493712,0.00323176,894996126.4121538
2026-09-26T16:00:00Z,sundae-bar,sn121,Sundae_Bar,1915.0,1.3,4044467,23384.0,1.31,1.18,10.62,0.01147919,3112372.545280573
2026-09-26T16:00:00Z,avici,avici,Avici,1916.0,0.312751,4034866,331944.0,0.348541,0.277166,7.56,0.217532,12899504.961175
2026-09-26T16:00:00Z,nomu,nomu,Nomu,1917.0,0.00402412,4024221,612.54,0.00407979,0.00397368,0.00881366,0.00156214,999999183.1418695
2026-09-26T16:00:00Z,yee-token,yee,Yee Token,1918.0,0.00398393,4018086,422348.0,0.00405432,0.00372878,0.03014968,0.00018127,1000000000.0
2026-09-26T16:00:00Z,alon,alon,Alon,1919.0,0.00405117,4007141,3569026.0,0.00463307,0.00404332,0.04872215,0.00060638,989132917.208594
2026-09-26T16:00:00Z,nest-treasury-vault,ntbill,Nest Treasury Vault,1920.0,1.058,4003055,0.0,1.058,1.058,1.54,0.445717,3783652.430555
2026-09-26T16:00:00Z,wigl,wigl,Wigl,1921.0,0.03406359,4001970,495.85,0.03406544,0.0340616,0.116832,0.02878695,117485224.24077499
2026-09-26T16:00:00Z,djed,djed,Djed,1922.0,0.995607,4000892,28213.0,1.025,0.987824,1.29,0.492089,4019107.3
2026-09-26T16:00:00Z,infinity-ground,ain,Infinity Ground,1923.0,0.02156171,3993860,1339950.0,0.02202212,0.02126214,0.205042,0.01238839,185300000.0
2026-09-26T16:00:00Z,ramses,ram,Ramses,1924.0,0.04588019,3983725,1082411.0,0.04748007,0.04433455,0.305671,0.00764825,83476729.68093225
2026-09-26T16:00:00Z,otc,otc,OTC,1925.0,0.00575431,3972928,2552635.0,0.00808757,0.00489942,0.03453882,0.00075067,690657229.3381
2026-09-26T16:00:00Z,bitcoin-bull-2,btcbull,Bitcoin Bull,1926.0,0.00018876,3964055,116.94,0.0001904,0.00018804,0.00549528,0.00011075,21000000000.0
2026-09-26T16:00:00Z,lienfi,lfi,LienFi,1927.0,6.292e-05,3963673,489705.0,7.23e-05,6.049e-05,0.00030412,3.331e-05,62999804204.89151
2026-09-26T16:00:00Z,tsmc-xstock,tsmx,TSMC xStock,1928.0,441.52,3956970,16429.65,1806.06,438.75,1806.06,343.53,8962.077258365005
2026-09-26T16:00:00Z,impt,impt,IMPT,1929.0,0.00295139,3953496,45149.0,0.00301723,0.00294557,0.02042864,0.00099117,1339536064.7260442
2026-09-26T16:00:00Z,vapi-network,vapi,vAPI Network,1930.0,0.081899,3950053,49812.0,0.088146,0.075817,0.098265,0.061332,48230551.59731606
2026-09-26T16:00:00Z,star-atlas,atlas,Star Atlas,1931.0,0.0001545,3948069,25291.0,0.00015876,0.00015086,0.267549,0.00010812,25555930760.4646
2026-09-26T16:00:00Z,lockheed-ondo-tokenized-stock,lmton,Lockheed (Ondo Tokenized Stock),1932.0,535.08,3935968,52331.0,535.12,524.98,765.12,442.29,7355.802566683784
2026-09-26T16:00:00Z,amaterasu-omikami,omikami,AMATERASU OMIKAMI,1933.0,0.00392298,3921383,5175.2,0.00398819,0.00387805,0.274171,0.00141419,999592216.6089
2026-09-26T16:00:00Z,that,that,THAT,1934.0,0.0024763,3919818,21857.0,0.00249484,0.00237034,0.00250876,0.00087215,1582930543.1910725
2026-09-26T16:00:00Z,galaxia,gxa,Galaxia,1935.0,0.00109176,3902138,22401.0,0.00111411,0.0009979,0.02331638,0.00025884,3574169797.22581
2026-09-26T16:00:00Z,book-of-ethereum,booe,Book of Ethereum,1936.0,0.0388032,3880320,4829.74,0.03915742,0.03828803,0.784594,0.00692796,100000000.0
2026-09-26T16:00:00Z,pingo,pingo,PinGo,1937.0,0.01401311,3860326,25785.0,0.01636402,0.01310615,0.402481,0.00900402,275479564.0
2026-09-26T16:00:00Z,arsenal-fan-token,afc,Arsenal Fan Token,1938.0,0.156809,3854825,162781.0,0.157892,0.15611,8.13,0.152788,24582902.02621
2026-09-26T16:00:00Z,gme,gme,GME,1939.0,0.00055795,3841574,935454.0,0.00057002,0.00055224,0.03189362,0.00034077,6885137498.71
2026-09-26T16:00:00Z,puss,puss,Puss,1940.0,0.00383921,3839208,267209.0,0.00386661,0.00383567,0.01473793,0.00264965,1000000000.0
2026-09-26T16:00:00Z,syndicate-3,synd,Syndicate,1941.0,0.0080129,3835775,54775.0,0.00815118,0.00787367,2.61,0.0042065,478700000.0
2026-09-26T16:00:00Z,elon-coin-2,elon,Elon Coin,1943.0,0.00412598,3829228,10285715.0,0.00608929,0.00069614,0.00608929,0.00059263,928077415.683941
2026-09-26T16:00:00Z,swe-rizzo,sn45,Talisman AI,1945.0,0.80806,3822948,26961.0,0.813551,0.731233,4.64,0.00779732,4731021.630174457
2026-09-26T16:00:00Z,resupply,rsup,Resupply,1944.0,0.137387,3822943,4962.27,0.138567,0.135796,4.59,0.04252878,27826017.49
2026-09-26T16:00:00Z,phoenic-token,pnic,Phoenic Token,1942.0,0.00137473,3821825,112008.0,0.00147975,0.00127572,0.426321,0.00088448,2780060184.6499996
2026-09-26T16:00:00Z,brain,sn90,Brain,1946.0,6.95,3820215,214114.0,7.1,6.46,11.48,0.00842723,549680.0
2026-09-26T16:00:00Z,particl,part,Particl,1947.0,0.239366,3810423,15.88,0.239954,0.209506,58.77,0.03136831,15918792.96580264
2026-09-26T16:00:00Z,dogeking,dogeking,DogeKing,1949.0,3.79e-09,3790320,61313.0,3.799e-09,3.763e-09,3.33242e-07,2.312e-09,1000000000000000.0
2026-09-26T16:00:00Z,iaero,iaero,iAero,1950.0,0.676019,3789865,2.12,0.680701,0.620902,0.680701,0.138179,5606151.951768892
2026-09-26T16:00:00Z,openai-prestocks-2,openai,OpenAI PreStocks,1951.0,1991.99,3788320,1270723.0,2118.94,1896.74,4233.97,551.47,1901.779158337
2026-09-26T16:00:00Z,world3,wai,World3,1952.0,0.01103402,3786845,53874.0,0.01119755,0.01103053,0.069136,0.0076115,343197380.0
2026-09-26T16:00:00Z,gmcoin-2,gmcoin,GMCoin,1948.0,0.052571,3785081,2667.74,0.053094,0.051718,0.805062,0.02781106,72000000.0
2026-09-26T16:00:00Z,spdr-gold-shares-ondo-tokenized,gldon,SPDR Gold Shares (Ondo Tokenized),1953.0,392.64,3784715,1136586.0,394.45,392.07,512.56,347.96,9639.045121398634
2026-09-26T16:00:00Z,nav-coin,nav,Navio,1954.0,0.04908572,3783401,362.37,0.050042,0.04853628,4.93,0.00055988,77077429.0
2026-09-26T16:00:00Z,orbiter-finance,obt,Orbiter Finance,1955.0,0.00037765,3776478,427540.0,0.0004419,0.00030246,0.03289357,0.00025575,10000000000.0
2026-09-26T16:00:00Z,kori,kori,Kori,1956.0,0.00376725,3766738,42550.0,0.00391026,0.00361524,0.057977,0.00074742,999863360.485973
2026-09-26T16:00:00Z,hxro,hxro,HXRO,1957.0,0.00395086,3764718,160.49,0.00407207,0.00362922,0.800981,4.999e-05,952885692.0535563
2026-09-26T16:00:00Z,toby-toadgod,toby,Toby ToadGod,1958.0,9.952e-09,3761602,7282.98,1.0108e-08,9.625e-09,8.0647e-08,4.395e-09,377990755410761.06
2026-09-26T16:00:00Z,asml-bstocks-tokenized-stock,asmlb,ASML (bStocks Tokenized Stock),1959.0,1738.73,3757849,37189.0,1744.67,1734.92,1894.15,1573.63,2161.26707742
2026-09-26T16:00:00Z,cult-dao,cult,Cult DAO,1960.0,9.69951e-07,3729911,9211.11,9.77023e-07,9.63131e-07,7.459e-05,1.479e-07,3845463513169.7373
2026-09-26T16:00:00Z,amazon-robinhood-tokenized-stock,amzn,Amazon • Robinhood Token,1962.0,248.76,3715396,436982.0,250.85,248.76,286.68,224.73,14935.38254999999
2026-09-26T16:00:00Z,sweatcoin,sweat,SWEAT,1963.0,0.00027907,3711027,113426.0,0.00031763,0.00027339,0.091476,0.00017035,13297922241.84
2026-09-26T16:00:00Z,pibble,pib,Pibble,1964.0,0.00012594,3709322,24792.0,0.00012829,0.0001217,0.02623939,5.627e-05,29452390892.67
2026-09-26T16:00:00Z,fei-usd,fei,Fei USD,1965.0,0.999526,3704425,12604.63,0.999993,0.999479,5.55,0.15544,3706181.8741553896
2026-09-26T16:00:00Z,rainbow-3-2,rnbw,Rainbow,1966.0,0.02057248,3703046,58541.0,0.02074083,0.01998184,0.079848,0.01078644,180000000.0
2026-09-26T16:00:00Z,pair,pair,PAIR,1968.0,0.00420416,3702207,516342.0,0.00567699,0.00422603,0.052027,0.00258083,880604540.1101868
2026-09-26T16:00:00Z,agave-token,agve,Agave,1967.0,36.98,3698370,105.04,37.31,36.41,1466.43,4.92,100000.0
2026-09-26T16:00:00Z,suku,suku,SUKU,1969.0,0.00545406,3698332,56140.0,0.00548215,0.0053788,1.51,0.00381897,678088414.5
2026-09-26T16:00:00Z,ancient8,a8,Ancient8,1970.0,0.00574948,3697837,164344.0,0.00593165,0.00569804,0.493364,0.00379937,643160381.37
2026-09-26T16:00:00Z,seth,seth,sETH,,318.87,3692447,1.15,0.0,0.0,4876.35,0.01254476,11579.90543070804
2026-09-26T16:00:00Z,nereus-token,nrs,Nereus,,0.072583,3682162,48.01,0.0,0.0,0.687331,0.071831,48132160.0
2026-09-26T16:00:00Z,pussy-cat-club,pcc,Pussy Cat Club,1971.0,0.00366774,3667742,93789.0,0.00401669,0.00320986,0.00665979,0.00256328,1000000000.0
2026-09-26T16:00:00Z,brl1,brl1,BRL1,1972.0,0.192951,3657372,1021048.0,0.193059,0.192238,0.204807,0.178265,18954917.54
2026-09-26T16:00:00Z,ni-compute,sn27,NI Compute,1973.0,0.75646,3652958,136666.0,0.783118,0.70126,2.07,0.00671273,4829018.548725692
2026-09-26T16:00:00Z,qup-coin,qup,QUP Coin,1974.0,0.0018251,3650118,4302.36,0.002143,0.00154063,0.02113102,0.00027173,1999949860.529161
2026-09-26T16:00:00Z,alltoscan,ats,Alltoscan,1975.0,0.04788288,3646381,132780.0,0.04828513,0.04769692,2.48,0.03999248,76152095.39174378
2026-09-26T16:00:00Z,pfizer-ondo-tokenized-stock,pfeon,Pfizer (Ondo Tokenized Stock),1976.0,30.44,3645948,54.76,30.66,30.05,32.95,23.9,119772.4836584863
2026-09-26T16:00:00Z,pawswap,paw,PAW,1977.0,3.643e-09,3643173,14.24,3.643e-09,3.643e-09,9.9219e-08,3.1772e-11,1000000000000000.0
2026-09-26T16:00:00Z,wojak-6,wojak,Wojak,1978.0,0.00363993,3639927,29615.0,0.00415973,0.0035848,0.00615843,0.00076661,1000000000.0
2026-09-26T16:00:00Z,wolfsafepoorpeople,wspp,WolfSafePoorPeople,1979.0,3.27141e-10,3622960,17083.49,3.35639e-10,2.90709e-10,5.45102e-10,2.24e-16,1.1074617851879112e+16
2026-09-26T16:00:00Z,pht-stablecoin,pht,PHT Stablecoin,,0.01607427,3616902,101.08,0.0,0.0,0.01817267,0.01586589,225011899.7613014
2026-09-26T16:00:00Z,grin,grin,Grin,1980.0,0.0161568,3615665,5332.05,0.01638735,0.01448685,25.09,0.00899992,223786020.0
2026-09-26T16:00:00Z,karrat,karrat,Karrat,1961.0,0.00411271,3614434,1374133.0,0.00533757,0.00243085,1.26,0.00213068,878844790.0
2026-09-26T16:00:00Z,feg-token-2,feg,FEED EVERY GORILLA,1981.0,3.751e-05,3606005,226188.0,3.766e-05,3.674e-05,0.0013903,5.6e-06,96122509490.66818
2026-09-26T16:00:00Z,tao-private-network,sn65,True Performance Network,1982.0,0.730329,3604266,140742.0,0.741158,0.673808,2.28,0.00885575,4935128.283056809
2026-09-26T16:00:00Z,the-digital-dinar,dinar,The Digital Dinar,1983.0,0.207211,3602985,86.03,0.208984,0.204419,0.208984,0.123239,17388024.8531017
2026-09-26T16:00:00Z,lynk-coin,lynk,LYNK,1984.0,0.00360176,3601164,6330.4,0.00367151,0.00356404,0.069168,0.00011873,999835070.5018482
2026-09-26T16:00:00Z,nexora,nex,Nexora,1985.0,0.064232,3597010,13.67,0.064419,0.063905,0.405217,0.050416,56000000.0
2026-09-26T16:00:00Z,altcoinist-token,altt,Altcoinist Token,1986.0,0.01465694,3590950,19951.96,0.01555278,0.01423214,0.101836,0.00368481,245000000.0
2026-09-26T16:00:00Z,forte-aud,audf,Forte AUD,1987.0,0.703258,3568331,6454.05,0.703888,0.703182,0.725956,0.599431,5074000.0
2026-09-26T16:00:00Z,aavegotchi,ghst,Aavegotchi,1988.0,0.067536,3562386,127012.0,0.069907,0.066239,3.63,0.04214868,52747801.21406848
2026-09-26T16:00:00Z,gamestop-robinhood-tokenized-stock,gme,GameStop • Robinhood Token,1989.0,23.61,3559590,3339879.0,23.72,23.3,312.31,17.67,150740.56203
2026-09-26T16:00:00Z,arc,arc,ARC,1990.0,0.00345032,3553825,107604.0,0.00349929,0.00298544,0.147396,0.00037854,1030000000.0
2026-09-26T16:00:00Z,koinos,koin,Koinos,,0.04187927,3549257,453.16,0.0,0.0,2.28,0.00074084,84749737.21417168
2026-09-26T16:00:00Z,hana-network,hana,Hana Network,1991.0,0.01478494,3548385,1347587.0,0.01497564,0.01424544,0.245444,0.00870609,240000000.0
2026-09-26T16:00:00Z,signal-2,signal,Signal,1992.0,0.00354373,3543735,142363.0,0.00451205,0.00329287,0.00696616,0.00073039,1000000000.0
2026-09-26T16:00:00Z,v-i-t-r-i-o-l-network,vit,V.I.T.R.I.O.L. Network,1994.0,0.00802471,3540443,5076.65,0.00802471,0.00802471,0.099954,0.00250367,441192560.056
2026-09-26T16:00:00Z,swisscheese,swch,SwissCheese,1993.0,0.02969578,3538252,198566.0,0.03014422,0.02943517,1.006,0.02896404,119150000.0
2026-09-26T16:00:00Z,rigoblock,grg,RigoBlock,1995.0,0.476564,3534356,10.21,0.481861,0.460827,115.8,0.00031274,7416329.606493708
2026-09-26T16:00:00Z,goated-2,goated,GOATED,,0.01859939,3521870,3.72,0.0,0.0,0.081164,0.00305195,189354025.578251
2026-09-26T16:00:00Z,wexo,wexo,Wexo,1996.0,0.01022878,3510195,107826.0,0.01003023,0.00843113,3.65,0.00829319,343168396.99428016
2026-09-26T16:00:00Z,minutes-network-token,mntx,Minutes Network Token,1998.0,0.03759769,3508945,52686.0,0.03802059,0.03743478,0.505545,0.0360271,93328736.60546489
2026-09-26T16:00:00Z,ascend-3,ascend,Ascend,1997.0,0.227446,3502674,38644.0,0.245462,0.206978,0.245462,0.04436304,15400000.0
2026-09-26T16:00:00Z,altura-2,avlt,Altura Vault Tokens,2000.0,0.117829,3492078,9423.54,0.149268,0.109938,1.098,0.08379,29636794.85391
2026-09-26T16:00:00Z,agoric,bld,Agoric,1999.0,0.00503948,3491219,2595.18,0.0052483,0.00493144,0.751177,0.00275866,692773334.275712
2026-09-26T16:00:00Z,qualcomm-ondo-tokenized-stock,qcomon,Qualcomm (Ondo Tokenized Stock),2001.0,206.92,3486936,558805.0,212.95,205.13,261.52,123.7,16851.25322327725
2026-09-26T16:00:00Z,monbasecoin,mbc,MonbaseCoin,2002.0,0.01834636,3480106,38446.0,0.01876735,0.01824632,0.663524,0.0084061,189689181.0
2026-09-26T16:00:00Z,stryke,syk,Stryke,2003.0,0.050404,3479560,17636.91,0.057442,0.050186,0.452935,0.0070682,69033000.46288358
2026-09-26T16:00:00Z,ampleforth,ampl,Ampleforth,2004.0,1.29,3475793,729.95,1.65,1.28,4.07,0.155869,2697298.6812750027
2026-09-26T16:00:00Z,yuru-coin,yuru,YURU COIN,2005.0,0.460509,3475201,78841.0,0.466635,0.387011,1.19,0.09847,7546439.379349535
2026-09-26T16:00:00Z,marvin-3,marvin,Marvin,2006.0,8.21e-06,3454999,28912.0,8.57e-06,8.14e-06,1.033e-05,7.86e-06,420690000000.0
2026-09-26T16:00:00Z,bitagent-rizzo,sn20,BitAgent - Rizzo,2007.0,0.763055,3454193,3542.87,0.76744,0.69184,2.52,0.00701942,4526795.8863276
2026-09-26T16:00:00Z,boson-protocol,boson,Boson,2008.0,0.02036498,3453851,38725.0,0.0209091,0.01917022,5.36,0.0151499,169597604.9901309
2026-09-26T16:00:00Z,bytomdao,btm,BytomDAO,2009.0,0.00687764,3443613,5804.46,0.00730088,0.00687739,0.02402455,0.00600134,500696483.2081441
2026-09-26T16:00:00Z,africarare,ubu,Africarare,2010.0,0.00344217,3442173,33.86,0.00344543,0.00333546,0.091993,0.00192082,1000000000.0
2026-09-26T16:00:00Z,propbase,props,Propbase,2011.0,0.00671117,3439295,706436.0,0.00671951,0.00659441,0.266874,0.00319173,512473483.509562
2026-09-26T16:00:00Z,iqf,iqf,IQF,2012.0,0.079499,3436285,4193.81,0.085044,0.078495,0.147113,0.064775,43224112.70247638
2026-09-26T16:00:00Z,customer-service-xiao-he,客服小何,客服小何 (Customer Service Xiao He),2014.0,0.00348401,3428264,465922.0,0.00362616,0.00347931,0.05014,0.0007557,983999469.0
2026-09-26T16:00:00Z,allindoge,allindoge,ALLINDOGE,2013.0,0.00345438,3427974,36429.0,0.00392761,0.00339868,0.01291751,0.00104692,992356201.303424
2026-09-26T16:00:00Z,pulsechain-tiger,ptiger,PulseChain Tiger,2015.0,0.00527702,3425376,4964.48,0.00583758,0.00379927,0.01005282,0.00025882,649111338.7
2026-09-26T16:00:00Z,kaskad,kskd,Kaskad,2017.0,0.00341532,3415323,103861.0,0.00319527,0.00193749,0.00699522,0.0010137,1000000000.0
2026-09-26T16:00:00Z,michi,michi,michi,2016.0,0.00341232,3412323,36412.0,0.00367029,0.00335337,0.00493736,0.00136751,999999999.0
2026-09-26T16:00:00Z,numinous,sn6,Numinous,2018.0,0.780146,3409238,44225.0,0.785445,0.711518,2.13,0.00896776,4370000.0
2026-09-26T16:00:00Z,real-time-data-by-masa,sn42,Real-Time Data by Masa,2019.0,0.654623,3406006,304001.0,0.686441,0.631507,2.99,0.00665069,5203003.931796945
2026-09-26T16:00:00Z,zar-universal,zaru,ZAR Universal,2020.0,0.061426,3400783,49251.0,0.061373,0.061108,0.061426,0.060725,55364172.50414
2026-09-26T16:00:00Z,oracle-bstocks-tokenized-stock,orclb,Oracle (bStocks Tokenized Stock),2022.0,137.88,3399552,1318013.0,138.69,136.61,170.23,114.64,24655.26381964
2026-09-26T16:00:00Z,pain,pain,Pain,2021.0,0.679913,3399460,16.97,0.686857,0.662276,24.3,0.394811,4999844.038869999
2026-09-26T16:00:00Z,coinweb,cweb,Coinweb,2023.0,0.00049704,3395784,944.53,0.00050867,0.00049691,0.661693,0.00039704,6832024396.0
2026-09-26T16:00:00Z,hims-hers-health-inc-robinhood-token,hims,"Hims & Hers Health, Inc. • Robinhood Token",2024.0,29.05,3392965,959305.0,29.54,29.05,160.17,26.86,116815.47345
2026-09-26T16:00:00Z,streetvision-by-natix,sn72,StreetVision by NATIX,2025.0,0.68162,3386728,17889.41,0.684797,0.611571,3.55,0.00626319,4968648.84031174
2026-09-26T16:00:00Z,ast-spacemobile-ondo-tokenized,astson,AST SpaceMobile (Ondo Tokenized),2026.0,61.96,3382179,831211.0,62.2,61.1,133.5,51.44,54585.93192061035
2026-09-26T16:00:00Z,kin,kin,Kin,2028.0,1.27e-06,3372675,1608.48,1.33e-06,1.25e-06,0.00122572,3.00377e-07,2647295831876.16
2026-09-26T16:00:00Z,chain-games,chain,Chain Games,2027.0,0.00869827,3372223,8079.26,0.00923914,0.00796962,1.03,0.00302389,387688704.3570553
2026-09-26T16:00:00Z,wrapped-ayeayecoin,waac,Wrapped AyeAyeCoin,2029.0,0.561294,3367763,280.65,0.587746,0.558511,4.56,0.138809,6000000.0
2026-09-26T16:00:00Z,football-fun,fun,Sport.fun,2030.0,0.01889964,3364136,224353.0,0.01978536,0.01904632,0.122039,0.01589441,178000000.0
2026-09-26T16:00:00Z,silencio,slc,Silencio,2031.0,0.00012957,3358931,113801.0,0.00013871,0.00012864,0.00061185,2.367e-05,25922933056.0
2026-09-26T16:00:00Z,memestock-3,memestock,memestock,2032.0,0.00335808,3358084,2235640.0,0.00492506,0.00210106,0.01848134,0.0013756,1000000000.0
2026-09-26T16:00:00Z,zen-ai,zai,Zen AI,2033.0,0.00109778,3356204,10916.05,0.00114098,0.00109774,0.00271196,0.00021252,3057258053.121471
2026-09-26T16:00:00Z,arrow-2,arrow,Arrow,2080.0,0.37127,3344215,140813.0,0.491657,0.330666,3.47,0.051981,9007499.951406488
2026-09-26T16:00:00Z,asml-holding-nv-ondo-tokenized-stock,asmlon,ASML Holding NV (Ondo Tokenized Stock),2034.0,1751.87,3343973,1804892.0,1754.59,1746.14,2156.07,718.33,1908.802258567468
2026-09-26T16:00:00Z,kirakuru,kra,KiraKuru,,0.00334161,3341572,11.7,0.0,0.0,0.03851997,0.0002092,999988380.314386
2026-09-26T16:00:00Z,green,green,Green,2036.0,6.984e-05,3337529,643.48,8.846e-05,6.634e-05,0.00065911,3.462e-05,47791092807.1358
2026-09-26T16:00:00Z,kabosu,kabosu,Kabosu,2037.0,3.337e-09,3337444,59.41,3.356e-09,3.324e-09,8.1994e-08,4.201e-12,1000000000000000.0
2026-09-26T16:00:00Z,dragonswap,drg,DragonSwap,2038.0,0.01357135,3336247,108354.0,0.01386009,0.01279931,0.127427,0.00535121,245830085.32226706
2026-09-26T16:00:00Z,sato-2,sato,Sato,2035.0,0.187975,3335996,1076738.0,0.19536,0.181209,0.378523,0.162366,17747022.330869887
2026-09-26T16:00:00Z,ski-mask-dog,ski,Ski Mask Dog,2039.0,0.00333487,3334870,21269.0,0.00333872,0.00309656,0.35814,0.00040261,1000000000.0
2026-09-26T16:00:00Z,agent-wormhole,worm,Agent Wormhole,2040.0,0.00346115,3330914,391763.0,0.00416204,0.00328099,0.00845005,0.00148599,962371446.2770586
2026-09-26T16:00:00Z,vertcoin,vtc,Vertcoin,2041.0,0.04456968,3322345,1084.65,0.04490222,0.04007151,9.8,0.00634731,74542717.55663465
2026-09-26T16:00:00Z,wingbits,wings,Wingbits,2042.0,0.0033668,3317597,1450.76,0.00341668,0.00337531,0.01089803,0.00281794,985385876.896569
2026-09-26T16:00:00Z,orta-chain,orta,Orta Chain,2043.0,0.04817392,3311957,1632.45,0.04804598,0.04668974,0.608549,0.04143057,68750000.0
2026-09-26T16:00:00Z,ishares-russell-2000-etf-ondo-tokenized-etf,iwmon,iShares Russell 2000 ETF (Ondo Tokenized ETF),2044.0,284.27,3306065,713.18,287.19,283.98,309.04,228.45,11630.10448135614
2026-09-26T16:00:00Z,buy-the-dip,dip,Buy the DIP,2045.0,0.00033001,3300070,3229.2,0.00033767,0.00032569,0.00336013,0.00020614,10000000000.0
2026-09-26T16:00:00Z,palantir-technologies-ondo-tokenized-stock,pltron,Palantir Technologies (Ondo Tokenized Stock),2046.0,189.71,3299752,949114.0,192.03,189.33,214.74,105.97,17393.34695499588
2026-09-26T16:00:00Z,unilayer,layer,UniLayer,2047.0,0.082484,3299346,20254.0,0.082487,0.074588,3.96,0.00062212,40000000.0
2026-09-26T16:00:00Z,dollar-on-chain,doc,Dollar On Chain,2048.0,0.998807,3299007,1012.22,1.008,0.977541,2.02,0.771728,3302947.253791887
2026-09-26T16:00:00Z,bitmine-xstock,bmnrx,Bitmine xStock,2049.0,23.72,3292941,106.12,29.28,23.72,32.44,12.91,138840.54680561586
2026-09-26T16:00:00Z,nolus,nls,Nolus,2051.0,0.00370346,3289968,61404.0,0.00371991,0.00368108,0.103652,0.00114629,888349944.0
2026-09-26T16:00:00Z,piteas,pts,Piteas,2050.0,0.04699177,3289424,503.77,0.050372,0.03349107,0.188811,0.0067077,70000000.0
2026-09-26T16:00:00Z,leisuremeta,lm,LeisureMeta,2057.0,0.00091994,3282412,2521996.0,0.00101752,0.00079526,1.39,0.00040654,3568074832.13
2026-09-26T16:00:00Z,league-of-traders,lot,League of Traders,2052.0,0.00626921,3281758,106439.0,0.00630181,0.00625247,0.04644783,0.00529337,523472227.0
2026-09-26T16:00:00Z,comtech-gold,cgo,Comtech Gold,2055.0,136.53,3276751,900261.0,138.19,136.02,178.71,51.61,24000.0
2026-09-26T16:00:00Z,robin-the-frog,robin,Robin the Frog,2053.0,0.00327637,3276370,1362254.0,0.00438908,0.00298,0.02580049,0.00191709,1000000000.0
2026-09-26T16:00:00Z,herald,sn69,Herald,2056.0,2.1,3273548,13232.05,2.11,1.94,2.42,1.79,1557591.308434367
2026-09-26T16:00:00Z,humans-ai,heart,Humans.ai,2058.0,0.00041947,3271890,25186.0,0.00042135,0.00039092,0.278557,0.00017542,7800000000.0
2026-09-26T16:00:00Z,ampleforth-governance-token,forth,Ampleforth Governance,2060.0,0.299348,3263957,185878.0,0.312083,0.297147,180.47,0.153377,10903546.615770038
2026-09-26T16:00:00Z,ai-network,ain,AI Network,2059.0,0.0121136,3263817,59705.0,0.01230986,0.01173303,0.264828,0.00377945,269434181.21526706
2026-09-26T16:00:00Z,minima,minima,Minima,2054.0,0.0049159,3263537,17976.29,0.00505192,0.00473806,0.132047,0.0030104,663873110.0
2026-09-26T16:00:00Z,based-pepe,pepe,Based Pepe,2061.0,7.742e-09,3257064,44226.0,8.561e-09,6.852e-09,4.37354e-07,2.596e-09,420690000000000.0
2026-09-26T16:00:00Z,dhedge-dao,dht,dHEDGE DAO,2062.0,0.059877,3256552,440.52,0.061275,0.051502,5.52,0.01917939,54387512.45999936
2026-09-26T16:00:00Z,qualcomm-bstocks-tokenized-stock,qcomb,Qualcomm (bStocks Tokenized Stock),2063.0,203.13,3248604,773276.0,206.41,202.24,206.41,143.1,15992.81776083
2026-09-26T16:00:00Z,mantis-2,sn123,Mantis,2064.0,0.780735,3237289,19509.14,0.785211,0.718545,7.36,0.00846109,4146463.484380774
2026-09-26T16:00:00Z,winternomics-tv,wntv,Winternomics TV,2065.0,0.00322768,3227654,2143.17,0.0032502,0.00312235,0.01195419,0.00032667,999991345.175791
2026-09-26T16:00:00Z,catcoin-6,cat,Catcoin,2066.0,0.00322269,3220874,6691.73,0.00350654,0.00309973,0.0053035,0.00208922,999437148.399285
2026-09-26T16:00:00Z,yolo-2,yolo,YOLO,2067.0,0.00322041,3220406,1010209.0,0.0036893,0.00321741,0.0208487,0.00050211,1000000000.0
2026-09-26T16:00:00Z,macropod,audm,Macropod,2068.0,0.703843,3220123,19309.4,0.7067,0.703788,1.19,0.61086,4575059.0
2026-09-26T16:00:00Z,flayer,flay,Flayer,2069.0,0.00535854,3215126,415.22,0.0054544,0.0053164,0.257272,0.00305936,600000000.0
2026-09-26T16:00:00Z,metfi-2,metfi,MetFi,2070.0,0.00962951,3214276,14459.83,0.00949017,0.00878616,5.7,0.00573713,333794490.4602705
2026-09-26T16:00:00Z,switch-token,switch,Switch Token,2071.0,7.329e-05,3206757,413.32,7.86e-05,6.835e-05,0.00848273,5.17363e-07,43755765433.731316
2026-09-26T16:00:00Z,nanobyte,nbt,NanoByte,2072.0,0.00091497,3193155,1386.28,0.00096366,0.00090045,0.057054,0.0006599,3489900928.3212833
2026-09-26T16:00:00Z,world-of-dypians,wod,World of Dypians,2073.0,0.00523008,3192176,1217481.0,0.00558402,0.00502307,0.239821,0.0027265,610349450.479295
2026-09-26T16:00:00Z,last-usd,usdxl,Last USD,2074.0,0.995312,3184710,388.66,1.004,0.994183,3.0,0.816078,3199710.0
2026-09-26T16:00:00Z,hatom,htm,Hatom,2075.0,0.03435319,3182334,4735.61,0.03561279,0.03435192,3.62,0.01125193,92635763.0
2026-09-26T16:00:00Z,thetanuts-finance,nuts,Thetanuts Finance,2076.0,0.0010068,3178825,23688.0,0.00101882,0.00099779,0.0407299,0.00099779,3157360852.0190196
2026-09-26T16:00:00Z,xeriscoin,xeris,XerisCoin,2077.0,0.00324236,3176846,40467.0,0.00356023,0.00319444,0.00732041,0.00032133,979795166.504354
2026-09-26T16:00:00Z,iren-ondo-tokenized-stock,irenon,IREN (Ondo Tokenized Stock),2078.0,44.38,3174843,1132053.0,44.52,43.91,72.09,28.93,71532.28134739569
2026-09-26T16:00:00Z,mysterium,myst,Mysterium,2079.0,0.097372,3158110,35292.0,0.097663,0.095394,3.86,0.00394505,32433365.0
2026-09-26T16:00:00Z,central-african-republic-meme,car,Central African Republic Meme,2081.0,0.00317814,3155762,16.14,0.00319464,0.00313009,0.775747,0.00151543,992957181.093352
2026-09-26T16:00:00Z,vibing-cat-coin,vibecoin,Vibing Cat Coin,2082.0,0.00315068,3149432,9139.67,0.00353246,0.00316765,0.00626321,7.988e-05,999603671.7116132
2026-09-26T16:00:00Z,ishares-0-3-month-treasury-bond-etf-robinhood-tokenized-stock,sgov,iShares 0-3 Month Treasury Bond ETF • Robinhood Token,2083.0,101.17,3147360,0.0,101.18,101.17,103.74,100.35,31110.07535085
2026-09-26T16:00:00Z,ovr,ovr,Ovr,2084.0,0.03583827,3146366,89845.0,0.03740816,0.03523899,3.33,0.02401155,87793477.26784171
2026-09-26T16:00:00Z,pharaoh-2,phar,Pharaoh,2085.0,0.087192,3143646,98365.0,0.088272,0.085176,0.088272,0.01339142,36054273.282465756
2026-09-26T16:00:00Z,edge,edge,Edge,2086.0,0.076917,3142431,5124.45,0.078414,0.073058,1.52,0.00796838,40854875.0
2026-09-26T16:00:00Z,powersnookercoin,psc,PowerSnookerCoin,,0.00522742,3136450,0.995146,0.0,0.0,0.04942653,0.00318566,600000000.0
2026-09-26T16:00:00Z,penpie,pnp,Penpie,2087.0,0.313285,3132846,6.04,0.319928,0.311411,7.01,0.151899,10000000.0
2026-09-26T16:00:00Z,robincat,robincat,ROBINCAT,2088.0,0.00312791,3127914,1632430.0,0.00390946,0.00252239,0.01543028,0.00056572,1000000000.0
2026-09-26T16:00:00Z,ready,ready,Ready Cards,2089.0,0.00312265,3122618,189833.0,0.00316982,0.00277455,0.078356,0.00204677,999991038.4365921
2026-09-26T16:00:00Z,lesgo,go,LESGO,2095.0,0.00335109,3117418,40572885.0,0.01072378,0.00324119,0.01101108,0.00308659,930269110.021873
2026-09-26T16:00:00Z,r0ar-token,1r0r,R0AR Token,2090.0,0.00053919,3114903,34671.0,0.00054101,0.0005367,0.04523404,0.00037392,5776970881.228472
2026-09-26T16:00:00Z,roaland-core,roa,ROACORE,2091.0,0.00387735,3107737,116662.0,0.00396754,0.00378983,4.01,0.0029532,801511319.7860836
2026-09-26T16:00:00Z,coherent-bstocks-tokenized-stock,cohrb,Coherent (bStocks Tokenized Stock),2092.0,297.11,3099186,103536.0,301.23,295.31,397.47,255.04,10431.06816972
2026-09-26T16:00:00Z,hipo-governance-token,hpo,Hipo Governance Token,2093.0,0.00398248,3096031,289.57,0.00389696,0.00349867,0.04170969,0.00105683,777412469.6747226
2026-09-26T16:00:00Z,geom,geom,GEOM,2094.0,0.00325728,3089549,145648.0,0.00413167,0.00314452,0.00477132,0.00016331,948505170.871337
2026-09-26T16:00:00Z,compliant-naira,cngn,Compliant Naira,2096.0,0.00073045,3078526,527.63,0.0007305,0.00072691,746.42,0.0003628,4214561116.800522
2026-09-26T16:00:00Z,yieldfi-vyusd,vyusd,YieldFi vyUSD,2097.0,0.923628,3073278,0.0,0.923628,0.923628,0.923628,0.168327,3327397.66
2026-09-26T16:00:00Z,meta-coinbase-tokenized-stock,metac,Meta (Coinbase Tokenized Stock),2098.0,748.28,3072696,5651574.0,753.24,744.29,945.8,541.23,4106.3397992
2026-09-26T16:00:00Z,netmind-token,nmt,NetMind Token,2099.0,0.04774831,3067495,274.97,0.053762,0.04525703,16.09,0.03293026,64243012.11943265
2026-09-26T16:00:00Z,coupons,coupons,Coupons,2100.0,0.00390588,3066673,173638.0,0.00671917,0.00384663,0.00952456,0.00367056,785142829.7344065
2026-09-26T16:00:00Z,owb,owb,OWB,2101.0,0.00864128,3065822,31980.0,0.00936686,0.00856465,0.152134,0.00856465,354787839.5743997
2026-09-26T16:00:00Z,microsoft-robinhood-tokenized-stock,msft,Microsoft • Robinhood Token,2102.0,516.85,3065604,478444.0,518.12,514.87,518.12,378.5,5931.29492648
2026-09-26T16:00:00Z,rarible,rari,RARI,2103.0,0.124886,3062890,97238.0,0.125443,0.119125,46.7,0.076256,24525442.78849993
2026-09-26T16:00:00Z,better-therapy,sn102,BetterTherapy,2104.0,2.11,3056219,689256.0,2.18,1.97,18.64,0.0092769,1449430.029960859
2026-09-26T16:00:00Z,connect-financial,cnfi,Connect Financial,,0.02816101,3055470,316.96,0.0,0.0,1.71,0.00250744,108500000.0
2026-09-26T16:00:00Z,spectra-finance,spectra,Spectra,2105.0,0.00635067,3049030,6637.15,0.00683433,0.00585583,0.236486,0.00204999,480111968.543563
2026-09-26T16:00:00Z,nuvola-digital,nvl,Nuvola Digital,2107.0,0.179555,3047463,1048.26,0.183364,0.171043,1.93,0.130528,16972297.570326
2026-09-26T16:00:00Z,luxxcoin,lux,Luxxcoin,2109.0,0.00045909,3039059,4.55,0.00046239,0.00045475,0.00313087,0.00015328,6619678250.08667
2026-09-26T16:00:00Z,uncommon-goods,uncommongoods,UNCOMMON•GOODS,2110.0,0.0196034,3038257,8558.61,0.01960084,0.01914034,1.92,0.00570686,154986207.0
2026-09-26T16:00:00Z,spark-5,spark,SPARK,2106.0,0.00303353,3033530,47508.0,0.00334643,0.00268314,0.00334643,0.0002608,1000000000.0
2026-09-26T16:00:00Z,swarm-bzz,bzz,Swarm,2111.0,0.04785478,3022002,123957.0,0.04850056,0.04306861,21.11,0.02975381,63149437.83655022
2026-09-26T16:00:00Z,volt-inu-3,volt,VOLT INU,2108.0,0.01013762,3021902,91516.0,0.013566,0.01055016,0.02893606,0.00288621,298087818.21815836
2026-09-26T16:00:00Z,8-ball,sn125,8 Ball,2112.0,0.948189,3020202,16454.49,0.953639,0.874311,3.62,0.00913542,3185231.111494744
2026-09-26T16:00:00Z,tradr-2x-long-sndk-etf-bstocks-tokenized-stock,snxxb,Tradr 2X Long SNDK ETF (bStocks Tokenized Stock),2113.0,17.42,3018548,2747955.0,17.71,17.24,20.21,6.21,173310.03885798
2026-09-26T16:00:00Z,ket-3,ket,Ket,2114.0,0.00300569,3005609,813642.0,0.00325187,0.00271647,0.01871222,0.00031893,999972310.413043
2026-09-26T16:00:00Z,microsoft-bstocks-tokenized-stock,msftb,Microsoft (bStocks Tokenized Stock),2115.0,518.31,2996440,991723.0,519.09,516.01,576.21,372.89,5781.14355652
2026-09-26T16:00:00Z,ishares-core-s-p-midcap-etf-ondo-tokenized-etf,ijhon,iShares Core S&P MidCap ETF (Ondo Tokenized ETF),,73.86,2990536,1.092,0.0,0.0,80.55,62.58,40490.18327060529
2026-09-26T16:00:00Z,bucket-shop,bucket,Bucket Shop,2116.0,0.00303058,2989333,135366.0,0.00359972,0.00275229,0.005951,0.00049251,986389766.9688257
2026-09-26T16:00:00Z,monetrix-usd,usdm,Monetrix USD,2117.0,0.999316,2988616,51631.0,1.007,0.993048,1.048,0.878232,2990662.913414
2026-09-26T16:00:00Z,waveform-by-virtuals,wave,Waveform by Virtuals,2118.0,0.0029854,2985399,500.14,0.00302853,0.00284869,0.01712062,0.00027178,1000000000.0
2026-09-26T16:00:00Z,palo-alto-networks-ondo-tokenized-stock,panwon,Palo Alto Networks (Ondo Tokenized Stock),2120.0,375.88,2972923,154043.0,379.41,373.71,397.2,139.94,7909.332121334785
2026-09-26T16:00:00Z,republic-protocol,ren,Ren,2119.0,0.00297291,2972910,220500.0,0.00292446,0.00278067,1.8,0.00248327,1000000000.0
2026-09-26T16:00:00Z,unisocks,socks,Unisocks,2121.0,9939.16,2971738,9.22,9975.87,9906.43,198759.0,0.00023136,298.992857926618
2026-09-26T16:00:00Z,anoncoin-2,anoncoin,Anoncoin,2122.0,0.00304409,2966418,31912.0,0.00371689,0.00304438,0.00511529,0.00039438,974484876.9080082
2026-09-26T16:00:00Z,hodl-7,hodl,HODL,2123.0,0.00296659,2966414,768388.0,0.00359132,0.0015413,0.00595729,0.00061957,999940522.490829
2026-09-26T16:00:00Z,asd,asd,AscendEx,,0.00398744,2962600,757313.0,0.0,0.0,3.26,0.00380623,742983477.862
2026-09-26T16:00:00Z,aleph-zero,azero,Aleph Zero,2124.0,0.00978091,2956906,82651.0,0.00997781,0.0091509,3.09,0.0038329,302314000.0
2026-09-26T16:00:00Z,aeternity,ae,Aeternity,2125.0,0.00674166,2953985,443.24,0.00687277,0.00666864,5.69,0.00246856,438168653.0
2026-09-26T16:00:00Z,unstable-coin,usduc,Unstable Coin,2126.0,0.0029486,2948254,116640.0,0.00326637,0.00304637,0.074542,0.00112856,999883072.216257
2026-09-26T16:00:00Z,mxnb,mxnb,MXNB,2127.0,0.056722,2946747,3278.11,0.056755,0.056558,0.100063,0.01294796,51950471.245032
2026-09-26T16:00:00Z,buying,buy,Buying.com,2128.0,0.00449911,2942781,4583.19,0.0045494,0.00448904,0.106518,1.42752e-10,654081134.1
2026-09-26T16:00:00Z,ussi,ussi,USSI,2129.0,1.001,2937958,100876.0,1.001,1.0,1.058,0.981961,2935335.41514368
2026-09-26T16:00:00Z,uranotoken,urano,UranoToken,2130.0,0.054889,2936491,1407.49,0.056071,0.054886,0.059917,0.05353,53499199.261912346
2026-09-26T16:00:00Z,snpad,snpad,SNPad,2131.0,0.01046379,2929860,1875.68,0.01047617,0.01014032,0.051834,8.9597e-08,280000000.0
2026-09-26T16:00:00Z,mainframe,mft,Mainframe,,0.00029238,2923825,6.97,0.0,0.0,0.060271,9.996e-05,10000000000.0
2026-09-26T16:00:00Z,game-stop,gme,GME (Ethereum),2132.0,7.11e-06,2923745,34970.0,8.16e-06,7.03e-06,0.00041318,2.93e-06,411297452497.74554
2026-09-26T16:00:00Z,win-3,win,Win,2133.0,6.354e-05,2922972,1269.67,6.992e-05,5.84e-05,0.00156126,5.045e-05,46000000000.0
2026-09-26T16:00:00Z,wojak-4,wojak,Wojak,2134.0,0.00292073,2920287,2997371.0,0.00386795,0.0016693,0.062342,0.00114983,999848222.708248
2026-09-26T16:00:00Z,unicorn-3-2,uwu,Unicorn,2135.0,0.00291977,2919771,7225.28,0.00299878,0.00281395,0.06001,0.00200007,999999255.239285
2026-09-26T16:00:00Z,bfg-token,bfg,BFG Token,2136.0,0.00441889,2916512,393.71,0.0044315,0.00441292,0.0378077,0.00433376,660010700.6033816
2026-09-26T16:00:00Z,perpetual-protocol,perp,Perpetual Protocol,2137.0,0.02206356,2915635,90337.0,0.02367445,0.02127689,24.4,0.01630951,132147093.53874308
2026-09-26T16:00:00Z,mu-digital-aznd,aznd,Mu Digital AZND,,0.178421,2912973,1209.42,0.0,0.0,1.069,0.176295,16326375.99
2026-09-26T16:00:00Z,nvidia-rstock-2,rnvda,Nvidia rStock,2138.0,224.23,2910536,196566.0,225.48,223.09,229.9,210.93,12980.394476009
2026-09-26T16:00:00Z,jeff-3,jeff,Jeff,2139.0,2.91,2907592,957.18,2.92,2.91,130.31,0.816061,998404.0
2026-09-26T16:00:00Z,step-app-fitfi,fitfi,Step App,,0.000632,2907211,12.91,0.0,0.0,0.731881,1.03978e-07,4600000000.0
2026-09-26T16:00:00Z,evausdt,evausdt,evaUSDT,2141.0,0.99178,2894896,2650.66,0.996941,0.991746,1.014,0.984861,2918887.514939
2026-09-26T16:00:00Z,united-founders-group,ufg,United Founders Group,2142.0,0.00315309,2894651,239238.0,0.00399482,0.00253132,0.00509158,0.00065812,918037192.9387755
2026-09-26T16:00:00Z,exchangecoin,excc,ExchangeCoin,2144.0,0.093481,2890750,213452.0,0.095587,0.093009,0.259997,0.00018132,30923321.56443443
2026-09-26T16:00:00Z,rocket-lab-bstocks-tokenized-stock,rklbb,Rocket Lab (bStocks Tokenized Stock),2143.0,74.64,2889062,128093.0,74.51,73.61,86.7,57.05,38709.11070814
2026-09-26T16:00:00Z,clover-finance,clv,Clover Finance,2140.0,0.00235012,2876884,144292.0,0.00242929,0.00228876,1.88,0.00039216,1224140929.0
2026-09-26T16:00:00Z,charred-treasures,charred,Charred Treasures,2146.0,1.8,2872338,188.06,1.8,1.8,2.96,0.368929,1600000.0
2026-09-26T16:00:00Z,universe-3,universe,UNIVERSE,2168.0,0.0005861,2872035,87.53,0.00058726,5.001e-05,0.0006559,5.001e-05,4900000000.0
2026-09-26T16:00:00Z,bloom-energy-bstocks-tokenized-stock,beb,Bloom Energy (bStocks Tokenized Stock),2147.0,284.79,2871760,126110.0,292.38,283.25,292.38,186.04,10083.65773987999
2026-09-26T16:00:00Z,musd,musd,mStable USD,2148.0,0.997304,2868196,52.41,0.997829,0.997252,5.51,0.252197,2875948.71330722
2026-09-26T16:00:00Z,my-lovely-coin,mlc,My Lovely Coin,2150.0,0.02140886,2868047,71757.0,0.02263606,0.02024413,0.970035,0.01001826,133965432.41916376
2026-09-26T16:00:00Z,doubt,doubt,DOUBT,2149.0,0.00301832,2867407,19120.46,0.0031468,0.00287791,0.0090364,0.0004937,950000000.0
2026-09-26T16:00:00Z,amazon-bstocks-tokenized-stock,amznb,Amazon (bStocks Tokenized Stock),2151.0,249.55,2862604,1390477.0,250.75,249.17,286.97,244.42,11471.02185036
2026-09-26T16:00:00Z,sundog,sundog,Sundog,2145.0,0.00286215,2862152,291215.0,0.00344996,0.00280648,0.377452,0.00250093,1000000000.0
2026-09-26T16:00:00Z,otomate,oto,Otomate,2152.0,0.01523237,2859234,1346.0,0.01560027,0.01509881,0.01620314,0.01350547,187707799.07676718
2026-09-26T16:00:00Z,avinoc,avinoc,AVINOC,2153.0,0.00488637,2858382,4.54,0.00489223,0.00122071,3.29,2.988e-05,584970408.1940851
2026-09-26T16:00:00Z,foxify,fox,Foxify,2154.0,0.276579,2854980,114.71,0.283105,0.269674,0.920785,3.693e-05,10322473.0598855
2026-09-26T16:00:00Z,umbra,umbra,Umbra,2156.0,0.206137,2853841,30776.0,0.20843,0.205565,2.48,0.16812,13844417.0
2026-09-26T16:00:00Z,ceek,ceek,CEEK Smart VR,2155.0,0.00285185,2851849,83547.0,0.00288615,0.00277663,1.19,0.00074146,1000000000.0
2026-09-26T16:00:00Z,omnipair,omfg,Omnipair,2157.0,0.205627,2837641,7933.94,0.206019,0.202495,1.86,0.118445,13799974.311936
2026-09-26T16:00:00Z,jpmorgan-chase-ondo-tokenized-stock,jpmon,JPMorgan Chase (Ondo Tokenized Stock),2158.0,347.88,2834158,615995.0,350.96,340.29,373.37,281.91,8147.012174475594
2026-09-26T16:00:00Z,kyo,kyo,Kyo,2159.0,0.01729669,2829227,421738.0,0.01854156,0.01720967,0.207212,0.01317086,163570430.68932965
2026-09-26T16:00:00Z,xiiid,xiiid,XIIID,2160.0,0.00408027,2828990,75727.0,0.00428521,0.00408757,0.00428521,0.00288233,693333332.0
2026-09-26T16:00:00Z,jetvoy,voy,Jetvoy,2162.0,2.828e-05,2827561,10.34,2.845e-05,2.799e-05,3.106e-05,1.292e-05,100000000000.0
2026-09-26T16:00:00Z,the-last-play,retire,The Last Play,2161.0,0.00282744,2826864,1708250.0,0.00314447,0.00282035,0.02035761,0.0004575,999796570.217638
2026-09-26T16:00:00Z,coinbase-rstock,rcoin,Coinbase rStock,2163.0,195.78,2825651,225091.0,196.06,194.14,207.96,161.13,14432.698467604
2026-09-26T16:00:00Z,fapcoin-4,fapcoin,Fapcoin,2164.0,0.0028464,2819730,44818.0,0.00283547,0.00269927,0.00794327,0.00026059,990629182.339623
2026-09-26T16:00:00Z,v2ex,v2ex,V2EX,2165.0,0.00281861,2818602,1773.67,0.00291142,0.00277854,0.01572952,0.00141155,999998561.797839
2026-09-26T16:00:00Z,spacehood,spacehood,SPACEHOOD,2167.0,0.00281674,2816736,118049.0,0.00374813,0.00312177,0.01018754,0.00230661,1000000000.0
2026-09-26T16:00:00Z,evolve-pro,evop,Evolve PRO,2166.0,0.056333,2816640,4363.14,0.129286,0.00219244,0.188136,2.297e-09,50000000.0
2026-09-26T16:00:00Z,hara-token,hart,Hara,2169.0,0.00234499,2813984,5158.18,0.00240091,0.00228374,0.03292409,1.76e-05,1200000000.0
2026-09-26T16:00:00Z,taler-2,tlo,TAU Lending Optimizer on Taler,2170.0,1.021,2812866,0.0,1.021,1.02,1.021,1.02,2756077.72708835
2026-09-26T16:00:00Z,kyve-network,kyve,KYVE Network,2171.0,0.00229879,2811577,2845.0,0.00248819,0.00220209,0.17427,0.00073459,1223066647.122933
2026-09-26T16:00:00Z,tectonic,tonic,Tectonic,2172.0,9.117e-09,2807984,3587.19,9.473e-09,8.456e-09,3.22e-06,7.798e-09,307998257600464.0
2026-09-26T16:00:00Z,radium,val,Validity,2173.0,0.493871,2800855,19171.21,0.521365,0.492344,19.02,0.00783037,5671226.54097403
2026-09-26T16:00:00Z,route-2,route,Route,2174.0,0.00280076,2800759,225367.0,0.00325856,0.00275173,0.00755775,0.00167425,1000000000.0
2026-09-26T16:00:00Z,raydium-cat,raycat,Raydium Cat,2175.0,0.00290723,2798342,641129.0,0.00336538,0.00247566,0.01610008,0.00065137,962544894.8645046
2026-09-26T16:00:00Z,energy-2,$nrg,Energy,2176.0,0.00285049,2798226,705.5,0.00289038,0.00278339,0.00419454,0.00200577,981663149.710748
2026-09-26T16:00:00Z,onefootball-club,ofc,OneFootball Credits,2177.0,0.00849192,2798071,755827.0,0.00862038,0.00823912,0.087525,0.0066411,329497920.75026536
2026-09-26T16:00:00Z,definity,defx,DeFinity,2178.0,0.01827589,2797665,388.68,0.01847165,0.0169628,0.311176,0.00158954,153079548.0
2026-09-26T16:00:00Z,vooi,vooi,VOOI,2179.0,0.0081096,2796618,270877.0,0.00832964,0.00789361,0.175937,0.00428777,344852766.13
2026-09-26T16:00:00Z,frax-price-index-share,fpis,Frax Price Index Share,2180.0,0.09658,2793978,23.39,0.096735,0.096528,14.2,0.02100306,28929023.04673729
2026-09-26T16:00:00Z,safemars,safemars,Safemars,2181.0,7.281e-09,2791253,73.21,7.347e-09,7.253e-09,1.44e-06,8.7304e-14,383336206950550.0
2026-09-26T16:00:00Z,ramp,ramp,RAMP [OLD],2182.0,0.02292946,2787157,18.12,0.02337668,0.02284692,1.011,0.01170823,121553509.20409647
2026-09-26T16:00:00Z,united-states-oil-fund-robinhood-tokenized-stock,uso,United States Oil Fund • Robinhood Token,2183.0,150.96,2773457,2079353.0,154.08,147.67,163.37,108.18,18372.57615
2026-09-26T16:00:00Z,maiar-dex,mex,xExchange,2184.0,6.79797e-07,2770219,10600.86,6.96254e-07,6.63814e-07,0.00100138,2.22742e-07,4075069798230.0
2026-09-26T16:00:00Z,ibs-2,ibs,IBS,2185.0,0.00068805,2769397,147199.0,0.00069139,0.00068787,0.00117365,0.00015996,4025015200.0
2026-09-26T16:00:00Z,crossbow-finance,xbow,Crossbow Finance,2186.0,0.00315312,2765986,106904.0,0.00333838,0.00300296,0.00360311,0.00090599,877221436.6580396
2026-09-26T16:00:00Z,dexkit,kit,DexKit,2187.0,0.275715,2765739,91.51,0.27735,0.258158,9.79,4.95e-06,10000000.0
2026-09-26T16:00:00Z,plume-usd,pusd,Plume USD,2188.0,0.999162,2762885,2672.55,1.001,0.998916,1.5,0.428166,2765202.458913
2026-09-26T16:00:00Z,derivadao,ddx,DerivaDAO,2189.0,0.051852,2760364,664.54,0.051856,0.04986023,15.28,0.01007713,53235038.39346898
2026-09-26T16:00:00Z,sentinel,p2p,Sentinel,2190.0,7.847e-05,2756700,32849.0,8.238e-05,7.557e-05,0.050557,7.20305e-10,35129151033.46604
2026-09-26T16:00:00Z,par-stablecoin,par,Parallel,2191.0,1.23,2756236,104.58,1.25,1.23,8.68,0.157669,2240894.0
2026-09-26T16:00:00Z,balanced-dollars,bnusd,Balanced Dollars,,0.96769,2756147,1315.59,0.0,0.0,2.61,0.708204,2848171.0
2026-09-26T16:00:00Z,gemhub,ghub,GemHUB,2192.0,0.00338696,2754222,64626.0,0.00340834,0.00331368,0.231553,0.00239241,813183519.0
2026-09-26T16:00:00Z,united-states-oil-fund-ondo-tokenized,usoon,United States Oil Fund (Ondo Tokenized),2193.0,154.23,2752983,704145.0,157.58,148.02,163.37,68.77,17849.50198304979
2026-09-26T16:00:00Z,suncontract,snc,SunContract,2194.0,0.02242225,2751378,22378.0,0.02244977,0.02235913,0.664222,0.002099,122707503.0
2026-09-26T16:00:00Z,alphabet-coinbase-tokenized-stock,googlc,Alphabet (Coinbase Tokenized Stock),2195.0,343.63,2750762,2406259.0,344.97,341.38,395.16,327.86,8005.0808549
2026-09-26T16:00:00Z,chevron-ondo-tokenized-stock,cvxon,Chevron (Ondo Tokenized Stock),2196.0,209.51,2747414,1163595.0,213.4,205.19,224.29,147.54,13113.37881662433
2026-09-26T16:00:00Z,oklo-inc-rstock,roklo,Oklo Inc rStock,2197.0,38.0,2746089,9761.01,38.33,37.66,41.26,34.71,72260.811046221
2026-09-26T16:00:00Z,nest-wisdomtree-vault,nwisdom,Nest WisdomTree Vault,2198.0,0.934186,2744736,0.0,0.936991,0.934186,1.053,0.934186,2938103.996016999
2026-09-26T16:00:00Z,unchain-x,unx,Unchain X,2199.0,0.0051503,2742665,12300.23,0.00546477,0.00513733,0.563509,0.00210476,532525617.61629105
2026-09-26T16:00:00Z,drop-2,drop,DROP,2200.0,2.77,2739097,2441.2,2.89,2.77,19.91,1.44,989067.534869
2026-09-26T16:00:00Z,stonk-cats,stonkcats,Stonk Cats,2201.0,0.00273824,2738212,500651.0,0.00400403,0.00165342,0.00400403,0.00033504,999991529.525139
2026-09-26T16:00:00Z,cisco-systems-ondo-tokenized-stock,cscoon,Cisco Systems (Ondo Tokenized Stock),2202.0,108.58,2738191,244018.0,109.14,108.07,134.18,66.15,25219.15560423225
2026-09-26T16:00:00Z,8-bit-coin,coin,8-Bit Coin,2203.0,2.736e-05,2736269,62407.0,2.737e-05,2.736e-05,0.00078364,2.36e-05,100000000000.0
2026-09-26T16:00:00Z,jesus-coin,jesus,Jesus Coin,2204.0,1.7465e-08,2733886,91135.0,1.8552e-08,1.4097e-08,5.59011e-07,6.18313e-10,156533918921920.5
2026-09-26T16:00:00Z,procter-gamble-ondo-tokenized-stock,pgon,Procter & Gamble (Ondo Tokenized Stock),2205.0,151.46,2728090,50476.0,152.41,149.37,170.4,138.75,18011.9547962434
2026-09-26T16:00:00Z,session-token,sesh,Session Token,2206.0,0.01831011,2726705,3.64,0.018619,0.01827835,0.419721,0.00625248,148918020.81102672
2026-09-26T16:00:00Z,vault-2,v,Vault,2207.0,0.02723929,2723922,2181.88,0.02733957,0.02515446,0.119747,0.00575844,99999721.943509
2026-09-26T16:00:00Z,vanar-chain-2,vanry,Vanar,2208.0,0.00071593,2720553,1493524.0,0.00073163,0.00066155,0.00202423,0.00049069,3800000000.0
2026-09-26T16:00:00Z,velas,vlx,Velas,2209.0,0.00094978,2717892,4941.2,0.00098397,0.00094054,0.568966,1.0001e-08,2861587938.60363
2026-09-26T16:00:00Z,xavier-renegade-angel,xavier,Xavier: Renegade Angel,2210.0,0.002711,2710700,17056.44,0.00295538,0.00268977,0.01869435,0.00039533,999888071.42
2026-09-26T16:00:00Z,not-pixel,px,Not Pixel,2211.0,0.01445892,2707203,5516.23,0.01452494,0.01377593,0.260763,0.01091742,187234075.81761646
2026-09-26T16:00:00Z,mizu-kappa,mizu,MIZU KAPPA,2212.0,0.0027056,2705604,1704.14,0.00279014,0.00269075,0.00312104,0.00095713,1000000000.0
2026-09-26T16:00:00Z,indigo-dao-governance-token,indy,Indigo Protocol,2213.0,0.132215,2703788,3597.33,0.135468,0.129354,4.5,0.068265,20450000.0
2026-09-26T16:00:00Z,somnium-space-cubes,cube,Somnium Space CUBEs,2214.0,0.071071,2703182,57.97,0.073898,0.070509,28.12,0.03639773,38034916.372096255
2026-09-26T16:00:00Z,invesco-qqq-rstock,rqqq,Invesco QQQ rStock,2215.0,744.72,2702968,104947.0,745.83,743.23,748.9,699.52,3629.498616580999
2026-09-26T16:00:00Z,kraq-xstock,kraqx,KRAQ xStock,,41.43,2698373,0.199418,0.0,0.0,41.43,9.78,65134.943189018435
2026-09-26T16:00:00Z,heeboo,heeboo,HEEBOO,2216.0,0.00929551,2695698,13869.87,0.00947705,0.00874527,0.01684655,0.00592454,290000000.0
2026-09-26T16:00:00Z,mt-pelerin-shares,mps,Mt Pelerin Shares,2217.0,5.38,2688401,139.8,5.71,5.33,28.26,1.1,500000.0
2026-09-26T16:00:00Z,1000x-by-virtuals,1000x,1000x by Virtuals,2218.0,0.00270653,2685880,50316.0,0.00332309,0.00256122,0.01398289,0.00019745,992369486.5234118
2026-09-26T16:00:00Z,rainicorn,$raini,Raini,2219.0,0.00536767,2683836,2.45,0.00537226,0.00029877,0.208815,0.00022511,500000000.0
2026-09-26T16:00:00Z,fuse-network-token,fuse,Fuse,2220.0,0.00845305,2675815,285211.0,0.00869366,0.00823754,2.13,0.00139223,316550185.48103
2026-09-26T16:00:00Z,applied-materials-bstocks-tokenized-stock,amatb,Applied Materials (bStocks Tokenized Stock),2221.0,485.98,2675559,107157.0,487.67,482.42,563.34,412.08,5505.450658340001
2026-09-26T16:00:00Z,mimo-parallel-governance-token,prl,Parallel Governance,2222.0,0.00267466,2674664,1012.92,0.00267787,0.00256218,0.431736,9.979e-05,1000000000.0
2026-09-26T16:00:00Z,mystandard,myst,MyStandard,2223.0,0.01209401,2671737,1354.68,0.01201546,0.01136414,0.04746951,7.47e-06,220914109.0539688
2026-09-26T16:00:00Z,limusd,limusd,limUSD,2224.0,1.025,2671607,1650.93,1.028,1.025,1.071,0.969208,2605779.2310918774
2026-09-26T16:00:00Z,alibaba-ondo-tokenized-stock,babaon,Alibaba (Ondo Tokenized Stock),2225.0,111.49,2669840,1575841.0,111.84,110.66,192.16,90.78,23947.36852856345
2026-09-26T16:00:00Z,likecoin-2,like,LikeCoin,2226.0,0.00215671,2668174,396.07,0.00219793,0.00215582,0.02213434,0.00115094,1237147862.0
2026-09-26T16:00:00Z,pop-2,pop,Zypher Network,2227.0,0.00185196,2666057,5720533.0,0.00189456,0.00172256,0.01221422,0.00031403,1439583333.0
2026-09-26T16:00:00Z,aragon,ant,Aragon,2228.0,0.061716,2665679,10.0,0.061864,0.061484,13.41,0.0078747,43192488.24799542
2026-09-26T16:00:00Z,eastworld,sn94,Bitsota,2229.0,1.58,2664644,340116.0,1.57,1.27,3.09,0.00716169,1682814.32583506
2026-09-26T16:00:00Z,palantir-technologies-robinhood-tokenized-stock,pltr,Palantir Technologies • Robinhood Token,2230.0,189.77,2662051,1712117.0,191.95,189.03,194.4,120.06,14027.63395
2026-09-26T16:00:00Z,fulcrom,ful,Fulcrom,2231.0,0.00112283,2660948,11432.36,0.00115774,0.00104898,0.04004179,0.0004851,2369861792.764095
2026-09-26T16:00:00Z,stau,stau,STAU,2232.0,0.00760249,2660872,61960.0,0.00776743,0.00723019,0.279,0.00178638,350000000.0
2026-09-26T16:00:00Z,rss3,rss3,RSS3,2233.0,0.00266044,2660442,30351.0,0.00289572,0.00257767,0.687355,0.00236499,1000000000.0
2026-09-26T16:00:00Z,inter-milan-fan-token,inter,Inter Milan Fan Token,2234.0,0.207101,2659003,99416.0,0.207314,0.20584,13.21,0.197913,12839155.0
2026-09-26T16:00:00Z,kendu-inu,kendu,Kendu,2235.0,2.67e-06,2658082,1831.77,2.71e-06,2.67e-06,0.00027183,1.94e-06,993877006001.153
2026-09-26T16:00:00Z,pundu,pundu,Pundu,2236.0,0.00266801,2657004,304.81,0.00269592,0.00263238,0.02009279,0.00029994,995876330.340406
2026-09-26T16:00:00Z,tatsu,tatsu,Tatsu,2237.0,2.65,2651474,62603.0,3.0,1.94,69.48,0.404793,1000000.0
2026-09-26T16:00:00Z,vexanium,vex,Vexanium,2238.0,0.00238421,2631779,28418.0,0.00239246,0.00189821,0.04805132,0.00050357,1103837998.4259
2026-09-26T16:00:00Z,sleepless-ai,ai,Sleepless AI,2239.0,0.02021436,2627866,5427008.0,0.02088627,0.01974778,2.34,0.01653497,130000000.0
2026-09-26T16:00:00Z,netnet,net,NetNet,2240.0,542.83,2618761,3112035.0,608.27,514.61,1887.55,15.83,4824.282282873006
2026-09-26T16:00:00Z,creator-2,sn98,ForeverMoney,2241.0,0.714384,2617559,2224.08,0.71849,0.646651,3.87,0.00817977,3664080.430381025
2026-09-26T16:00:00Z,dragonchain,drgn,Dragonchain,2242.0,0.00693108,2604247,7320.82,0.00760616,0.00592454,5.46,0.00400263,375734622.3003197
2026-09-26T16:00:00Z,karat-galaxy,karat,KARAT Galaxy,2243.0,0.02920591,2603677,3.3,0.02986035,0.02904659,0.77211,0.01115049,89148975.37893441
2026-09-26T16:00:00Z,stability-world-ai,aiw,Stability World AI,2244.0,0.00029253,2601807,1.03,0.00029256,0.00029252,0.00399226,0.00010751,8894086273.886425
2026-09-26T16:00:00Z,nonos-2,nox,NONOS,2245.0,0.00326874,2601315,8066.84,0.00324857,0.00302429,0.01143162,0.00074289,795815751.2522699
2026-09-26T16:00:00Z,direxion-semiconductor-bear-3x-etf-bstocks-tokenized-stock,soxsb,Direxion Semiconductor Bear 3X ETF (bStocks Tokenized Stock),2246.0,32.64,2599866,2185694.0,32.79,31.52,60.11,31.52,79649.4065189
2026-09-26T16:00:00Z,asia-coin,asia,Asia Coin,2247.0,0.0519,2594978,67166.0,0.051903,0.051797,1.32,0.01948705,50000000.0
2026-09-26T16:00:00Z,extra-finance,extra,Extra Finance,2248.0,0.00531694,2593659,1316.81,0.0054021,0.00527865,0.287855,0.00312827,487810496.3896582
2026-09-26T16:00:00Z,flurry,flurry,Flurry Finance,2249.0,0.00025973,2593261,45252.0,0.00026116,0.00025734,0.00028947,1.614e-09,9984547180.25
2026-09-26T16:00:00Z,peipeicoin-vip,peipei,PeiPei,2250.0,6.143e-09,2584241,63849.0,6.223e-09,5.968e-09,3.92696e-07,5.43e-09,420688546828664.06
2026-09-26T16:00:00Z,veno-usd,vusd,Veno USD,2251.0,0.995344,2582148,1869.07,1.051,0.976025,4.56,0.433896,2594227.8849480636
2026-09-26T16:00:00Z,milk-money,mm,Milk Money,2252.0,0.00257703,2576916,81902.0,0.00278607,0.00250329,0.00595151,0.00020578,999955350.17426
2026-09-26T16:00:00Z,xelis,xel,Xelis,2253.0,0.423708,2566757,20397.0,0.450708,0.4062,37.11,0.119372,6057847.14307272
2026-09-26T16:00:00Z,pipe-network,pipe,Pipe Network,2254.0,0.02565183,2565183,138604.0,0.02708331,0.02513509,0.282006,0.00902284,100000000.0
2026-09-26T16:00:00Z,gems-vip,gems,Gems VIP,2255.0,0.00397558,2559585,204360.0,0.00398536,0.00395663,0.320234,0.00342609,643827135.7955892
2026-09-26T16:00:00Z,b-money-2,b-money,b-money,2256.0,0.00255416,2554155,1089937.0,0.00409836,0.00256562,0.01249392,0.00237039,1000000000.0
2026-09-26T16:00:00Z,midas-mmev,mmev,Midas mMEV,2257.0,1.15,2545558,0.0,1.15,1.15,1.15,0.753166,2213266.420939482
2026-09-26T16:00:00Z,sharp-token,sharp,Sharp Token,,0.0007503,2544629,4201.5,0.0,0.0,0.0120001,0.00020533,3391492186.666664
2026-09-26T16:00:00Z,rna-2,sn117,RNA,2258.0,0.938872,2543441,39090.0,0.969226,0.876378,4712.79,0.00636544,2709037.373571279
2026-09-26T16:00:00Z,liquidity-provisioning,sn106,Nodexo,2259.0,0.707789,2542856,157025.0,0.749933,0.677991,7.91,0.00764736,3592674.0
2026-09-26T16:00:00Z,dither,dith,Dither,2260.0,0.02541352,2541148,8562.29,0.02725768,0.02529647,0.639131,0.00286325,99991946.38515839
2026-09-26T16:00:00Z,borgy,$borgy,BORGY,2261.0,3.293e-05,2538889,2678.96,3.42e-05,3.265e-05,0.00034029,2.402e-05,77100111523.4311
2026-09-26T16:00:00Z,solcex,solcex,SolCex,2262.0,0.00253842,2534560,27100.0,0.00265283,0.00251762,0.058722,0.00126603,998478649.473819
2026-09-26T16:00:00Z,rocket-strategy,rkst,rocket strategy,2263.0,0.00348284,2527802,63719.0,0.0035181,0.00267567,0.0091065,0.00155516,725788139.4704587
2026-09-26T16:00:00Z,beam,beam,BEAM,2264.0,0.01251231,2521774,63246.0,0.01327597,0.01212015,4.28,0.00490587,201543500.0
2026-09-26T16:00:00Z,hawk-2,hawk,Hawk,2265.0,4.652e-05,2512949,6359.6,4.705e-05,4.395e-05,0.00090156,8.92e-06,54022538899.25345
2026-09-26T16:00:00Z,yelay,ylay,Yelay,2266.0,0.00353065,2511373,1217.93,0.00356057,0.00350828,0.03935448,0.00314089,711305297.1618972
2026-09-26T16:00:00Z,grid-by-virtuals,grid,GRID by Virtuals,2267.0,0.00251104,2511040,852.48,0.00254732,0.00213523,0.00352042,0.00027857,1000000000.0
2026-09-26T16:00:00Z,crazybunny,crazybunny,CrazyBunny,2268.0,5.9595e-11,2507085,10.33,5.9873e-11,5.8674e-11,7.893e-09,2.983e-11,4.206894840042386e+16
2026-09-26T16:00:00Z,yummy,yummy,Yummy,,6.5e-06,2506801,148.5,0.0,0.0,0.00020985,9.1765e-11,385925846752.0
2026-09-26T16:00:00Z,vk-token,vk,VK Token,2269.0,8.947e-05,2505251,61.75,8.987e-05,8.913e-05,0.00057769,3.298e-05,28000000000.0
2026-09-26T16:00:00Z,allo,rwa,Allo,2270.0,0.00139123,2504210,353722.0,0.00140034,0.00134594,0.01809004,0.00109051,1800000000.0
2026-09-26T16:00:00Z,stat,stat,STAT,2271.0,0.02810506,2499055,44379.0,0.02819398,0.02677357,2.95,0.01912664,88918327.76470599
2026-09-26T16:00:00Z,pmint,pmint,pMINT,2272.0,0.124012,2496583,32700.0,0.149621,0.121253,0.156809,0.00629816,20131744.658855192
2026-09-26T16:00:00Z,tectum,tet,Tectum,2273.0,0.249503,2494751,81326.0,0.251358,0.24463,45.03,0.204257,9998889.01054919
2026-09-26T16:00:00Z,agent-zero-token,a0t,Agent Zero Token,2274.0,2.49,2493346,62547.0,2.54,1.96,7.64,0.471882,1000000.0
2026-09-26T16:00:00Z,thought,tht,Thought,,0.00655096,2491803,54.91,0.0,0.0,0.1552,0.00015385,380372050.0
2026-09-26T16:00:00Z,375ai,eat,375ai,2275.0,0.00388768,2486350,707.33,0.00394222,0.00383457,0.076463,0.00346794,639545539.9999912
2026-09-26T16:00:00Z,metaverse,metav,METAVERSE,2276.0,0.00248131,2481313,3.22,0.00250483,0.00244788,0.071012,0.00127238,1000000000.0
2026-09-26T16:00:00Z,ethichub,ethix,Ethix,2277.0,0.03516644,2479168,25.52,0.03705763,0.03375929,1.037,0.02375293,70498105.0
2026-09-26T16:00:00Z,basestonk,bstonk,BaseStonk,2278.0,0.00280983,2479115,110534.0,0.00339673,0.00256694,0.01130407,0.00025642,882301204.3942952
2026-09-26T16:00:00Z,ibm-ondo-tokenized-stock,ibmon,IBM (Ondo Tokenized Stock),2279.0,231.8,2474487,1677238.0,232.31,230.37,343.35,203.56,10674.94788136922
2026-09-26T16:00:00Z,crypto-trading-fund,ctf,Crypto Trading Fund,2280.0,0.01039029,2472011,22.65,0.01061616,0.01032593,2.33,0.00713262,237915571.44366714
2026-09-26T16:00:00Z,aladdin-dao,ald,Aladdin DAO,2281.0,0.016462,2466534,30.28,0.01656463,0.01642281,1.37,0.01195342,149831946.77943757
2026-09-26T16:00:00Z,fuse,fuse,Fuse,2282.0,0.00256708,2465253,283118.0,0.00264056,0.0016688,0.00439632,0.00058613,960333458.6913853
2026-09-26T16:00:00Z,backed-ibta-treasury-bond-1-3yr,bibta,Backed IBTA $ Treasury Bond 1-3yr,,5.95,2463937,0.0,0.0,0.0,5.98,5.26,413967.9637993382
2026-09-26T16:00:00Z,gold-11,gold,GOLD,2283.0,4273.71,2462760,12299.73,4313.26,4096.61,9999.99,2014.02,576.257543
2026-09-26T16:00:00Z,win-jie,win界,WIN界,2284.0,0.0024617,2461697,75055.0,0.00255964,0.00163016,0.00505486,0.00139679,1000000000.0
2026-09-26T16:00:00Z,lifeform,lft,Lifeform,,0.00399521,2460000,846.76,0.0,0.0,0.582687,0.00329098,615737431.0
2026-09-26T16:00:00Z,adappter-token,adp,Adappter,2285.0,0.00054947,2457905,231191.0,0.00055206,0.00052413,0.158038,0.0002567,4473201118.0
2026-09-26T16:00:00Z,serum,srm,Serum,2286.0,0.00659287,2457704,13058.28,0.00668871,0.00653449,13.78,0.00016714,372782297.0
2026-09-26T16:00:00Z,wrapped-fragsol,wfragsol,Wrapped fragSOL,2287.0,122.02,2456889,158.57,132.89,121.14,271.8,17.35,20135.455407153
2026-09-26T16:00:00Z,yooshi,yooshi,YooShi,2288.0,2.456e-09,2456020,33.99,2.473e-09,2.445e-09,4.19e-06,6.39928e-10,1000000000000000.0
2026-09-26T16:00:00Z,rage-guy,rageguy,Rage Guy,2289.0,0.00245651,2455813,75313.0,0.00302137,0.0024115,0.00569059,4.986e-05,999715280.431383
2026-09-26T16:00:00Z,eth-2x-flexible-leverage-index,eth2x-fli,Index Coop - ETH 2x Flexible Leverage Index,2290.0,4.36,2453965,590.27,4.38,4.34,751.65,1.55,562433.2265416658
2026-09-26T16:00:00Z,dayhyb,day,Dayhub,,0.00515537,2452681,117.13,0.0,0.0,0.00758727,0.0050479,475752863.59989
2026-09-26T16:00:00Z,agant-gbp,gbpa,Agant GBP,2291.0,1.32,2450493,41918.0,1.33,1.32,1.33,1.32,1850345.94
2026-09-26T16:00:00Z,spiderswap,spdr,SpiderSwap,2292.0,0.00244972,2449497,226.89,0.00247667,0.00243243,0.090041,0.00134033,999908514.0186738
2026-09-26T16:00:00Z,dingocoin,dingo,Dingocoin,2293.0,2.079e-05,2449373,39379.0,2.152e-05,2.07e-05,0.00040748,1.00217e-07,117796740632.5192
2026-09-26T16:00:00Z,lmao,lmao!,LMAO!,2294.0,0.00245051,2448095,392829.0,0.00284645,0.0025095,0.00598811,0.00011202,999012882.262691
2026-09-26T16:00:00Z,taiwan-semiconductor-rstock,rtsm,Taiwan Semiconductor rStock,2295.0,450.29,2441214,39510.0,451.85,449.96,456.42,412.38,5421.418591791
2026-09-26T16:00:00Z,oasys,oas,Oasys,2296.0,0.0003536,2440415,19170.05,0.00035557,0.00034336,0.141992,0.00030453,6901607481.192066
2026-09-26T16:00:00Z,solrouter,router,Solrouter,2297.0,0.00346897,2436428,270070.0,0.00433191,0.00268649,0.00601715,0.00016751,702348509.6684954
2026-09-26T16:00:00Z,apraemio,apra,Apraemio,2298.0,0.0176465,2435217,18309.91,0.01850747,0.01692748,0.699856,0.00329666,137999980.0
2026-09-26T16:00:00Z,french-connection-finance,zypto,Zypto Token,2299.0,0.00272559,2435177,742.44,0.00273699,0.00270259,0.051098,1.26e-06,893449217.5576482
2026-09-26T16:00:00Z,loaf-token,loaf,Loaf Token,2300.0,0.00486697,2433483,36.06,0.00487431,0.004791,0.03044155,0.00317731,500000000.0
2026-09-26T16:00:00Z,foxsy-ai,foxsy,Foxsy AI,2301.0,0.00215977,2428851,1018652.0,0.00219273,0.00208951,0.122755,0.00144479,1124588322.012414
2026-09-26T16:00:00Z,evausdc,evausdc,evaUSDC,2302.0,0.997278,2427174,308.52,0.997474,0.997218,1.002,0.978684,2433799.037157
2026-09-26T16:00:00Z,petrobras-ondo-tokenized-stock,pbron,Petrobras (Ondo Tokenized Stock),2303.0,20.93,2426720,498732.0,21.12,20.78,23.58,11.42,115950.9167900147
2026-09-26T16:00:00Z,idos,idos,IdOS,2304.0,0.0082429,2426112,24277.0,0.00854999,0.00785271,0.04023862,0.00417912,294327543.0
2026-09-26T16:00:00Z,aussie-dollar-token,audx,Aussie Dollar Token,2305.0,0.701739,2419644,11251.39,0.702807,0.701723,1.22,0.099824,3448067.0
2026-09-26T16:00:00Z,alphablockai,alpha,AlphaBlockAI,2306.0,0.00240966,2409614,4709.87,0.00256705,0.00231371,0.0045771,0.00016949,999979187.338609
2026-09-26T16:00:00Z,predictions,prdt,Predictions,2307.0,0.1,2400005,3.4,0.100007,0.099998,1.26,0.099465,24000000.0
2026-09-26T16:00:00Z,mcdonald-s-ondo-tokenized-stock,mcdon,McDonald's (Ondo Tokenized Stock),2308.0,241.98,2396815,254498.0,242.74,241.46,345.53,239.44,9905.193989212616
2026-09-26T16:00:00Z,international-stable-currency,isc,International Stable Currency,2309.0,2.14,2394632,3434.99,2.23,2.09,3.15,0.335089,1116456.13668
2026-09-26T16:00:00Z,syscoin,sys,Syscoin,2310.0,0.00260774,2390055,76665.0,0.00297749,0.0025971,1.3,0.00020971,916524720.358959
2026-09-26T16:00:00Z,mythos,myth,Mythos,2311.0,0.00277029,2389435,294.28,0.00277032,0.00264863,1.99,0.00139576,862522124.7272651
2026-09-26T16:00:00Z,creatorbid,bid,CreatorBid,2312.0,0.00619473,2387690,72597.0,0.00632856,0.00617639,0.265326,0.00488087,385439130.0
2026-09-26T16:00:00Z,world-strategic-oil-supply,wsos,World Strategic Oil Supply,2313.0,0.00238254,2382539,73738.0,0.00243614,0.00227233,0.00243614,0.00128879,999999803.232601
2026-09-26T16:00:00Z,tensorprox,sn91,tensorprox,2314.0,1.71,2380628,188427.0,1.84,1.7,5.23,0.01732212,1395026.569274566
2026-09-26T16:00:00Z,apple-coinbase-tokenized-stock,aaplc,Apple (Coinbase Tokenized Stock),2315.0,340.26,2370119,3668917.0,341.54,338.75,344.34,307.96,6965.58769315
2026-09-26T16:00:00Z,cel-ai,sn127,Cel AI,2316.0,0.784091,2369883,933.39,0.788598,0.711018,6.31,0.01008687,3022458.730978796
2026-09-26T16:00:00Z,arm-bstocks-tokenized-stock,armb,Arm (bStocks Tokenized Stock),2317.0,311.35,2367830,57107.0,318.73,308.93,335.46,202.29,7605.08495342
2026-09-26T16:00:00Z,amc-entertainment-holdings-inc-robinhood-token,amc,"AMC Entertainment Holdings, Inc. • Robinhood Token",2318.0,2.93,2365341,1242713.0,2.94,2.88,166.86,2.2,806549.96803
2026-09-26T16:00:00Z,myro,myro,MYRO,2319.0,0.00236238,2362337,563370.0,0.00244022,0.0021971,0.442834,0.00124178,999981490.49
2026-09-26T16:00:00Z,slippy-2,slippy,SLIPPY,2320.0,0.00235012,2350117,87971.0,0.003038,0.00260131,0.00410306,0.00011547,1000000000.0
2026-09-26T16:00:00Z,upsidedowncat-3,usdc,UpSideDownCat,2321.0,0.00234791,2347911,407046.0,0.00275199,0.00184689,0.00603534,0.000696,1000000000.0
2026-09-26T16:00:00Z,zkverify,vfy,zkVerify,2322.0,0.00763847,2338855,48284.0,0.00769028,0.00735354,0.200772,0.00556172,306194144.9
2026-09-26T16:00:00Z,pip-3,pip,PiP,2323.0,2.97,2338341,6519.99,3.07,2.96,81.08,1.2,786093.68
2026-09-26T16:00:00Z,auditchain,audt,Auditchain,2324.0,0.03874603,2336726,34.53,0.03874733,0.03617525,4327239390261883.0,0.00162198,60308787.042844266
2026-09-26T16:00:00Z,dominion-silver,silv,Dominion Silver,2325.0,24.96,2333937,870389.0,25.88,24.57,68.73,1.45,93508.858178
2026-09-26T16:00:00Z,amiko,amiko,Amiko,2326.0,0.00280037,2332932,179.88,0.00285396,0.002761,0.076694,0.00095301,833081032.526191
2026-09-26T16:00:00Z,pla-form,sn100,Plaτform,2327.0,1.25,2328097,282507.0,1.31,1.16,6.42,0.0213776,1862239.645012212
2026-09-26T16:00:00Z,zhao-cai-mao,招财猫,Zhao Cai Mao,2328.0,0.00232367,2323668,64747.0,0.00267195,0.00204835,0.00302575,0.00023025,1000000000.0
2026-09-26T16:00:00Z,sappy-seals-pixl,pixl,PIXL,2329.0,0.00464504,2322520,2190.03,0.00470309,0.00394502,0.164294,0.00208992,500000000.0
2026-09-26T16:00:00Z,groyper-3,groyp,Groyper,2330.0,0.04739027,2320111,18272.45,0.04520944,0.03994799,0.084983,0.00296788,48957551.0
2026-09-26T16:00:00Z,mcdonald-s-xstock,mcdx,McDonald's xStock,2331.0,243.08,2312932,582107.0,243.86,240.23,370.05,28.52,9515.234192577565
2026-09-26T16:00:00Z,balance-tokens,baln,Balanced,,0.087127,2307708,490.0,0.0,0.0,2.1,0.02860457,26486829.38379149
2026-09-26T16:00:00Z,reserve-ai-photonics-dtf,photon,Reserve AI Photonics DTF,2332.0,84.77,2306939,3995.19,90.56,84.77,660.42,66.56,27214.5404126152
2026-09-26T16:00:00Z,shikelang,屎壳郎,屎壳郎 (Dung Beetle),2333.0,0.00368997,2306759,7252.29,0.00376687,0.00368917,0.04653015,0.00365551,625142616.9747187
2026-09-26T16:00:00Z,prosper-2,pros,Prosper,2334.0,0.02583243,2306396,66487.0,0.02582932,0.02574247,1.15,0.01819163,89282995.97704184
2026-09-26T16:00:00Z,reddit-robinhood-tokenized-stock,rddt,Reddit • Robinhood Token,2335.0,149.98,2303899,178668.0,153.6,149.66,393.04,134.6,15361.42687
2026-09-26T16:00:00Z,solaxy,solx,Solaxy,2336.0,2.774e-05,2302585,97790.0,2.873e-05,2.719e-05,0.0014036,2.719e-05,82999999899.0
2026-09-26T16:00:00Z,zrdao-token,zrt,ZRDAO Token,2337.0,0.01109706,2301588,727.76,0.01126321,0.01106283,0.01625006,0.00772861,207405159.155828
2026-09-26T16:00:00Z,zeus-network,zeus,Zeus Network,2338.0,0.00246378,2294762,824779.0,0.00252597,0.00243065,1.11,0.00179018,931399379.0
2026-09-26T16:00:00Z,pocketcoin,pkoin,Pocketcoin,2339.0,0.186655,2293891,9793.57,0.201642,0.170381,6.71,0.096816,12289450.0
2026-09-26T16:00:00Z,freedom-of-money,freedom of money,Freedom of Money,2340.0,0.00229365,2293645,84747.0,0.00234116,0.00223448,0.02165553,0.00219786,1000000000.0
2026-09-26T16:00:00Z,reserve-ai-capacity-and-neocloud-dtf,neocloud,Reserve AI Capacity & Neocloud DTF,2341.0,72.38,2283296,9613.65,73.06,72.38,103.29,58.7,31547.10745973188
2026-09-26T16:00:00Z,chainswap-3,cswap,ChainSwap,2342.0,0.0023633,2269051,22167.0,0.00238814,0.00207579,0.21882,0.00116316,960121606.7664406
2026-09-26T16:00:00Z,billion-dollar-cat-runes,billy,Billy (Bitcoin),2343.0,0.00226832,2268321,5034.22,0.00248587,0.00233372,0.153886,0.00094045,1000000000.0
2026-09-26T16:00:00Z,solana-name-service,sns,Solana Name Service,2344.0,0.0009072,2268012,438.44,0.00091158,0.00087976,0.00347868,0.00032764,2500000000.0
2026-09-26T16:00:00Z,barking-puppy,bp,Barking Puppy,2345.0,0.00232754,2266924,79518.0,0.00263542,0.00222055,0.01422732,0.00125896,973957766.671167
2026-09-26T16:00:00Z,lush-ai,lush,LushAI,2346.0,0.00032324,2266633,291.1,0.00032583,0.00032066,0.00512327,0.0002515,7012290854.754677
2026-09-26T16:00:00Z,numbers-protocol,num,Numbers Protocol,2347.0,0.00250625,2265679,116289.0,0.00270369,0.00221872,2.52,0.0017435,904012333.0
2026-09-26T16:00:00Z,astraai,astra,AstraAI,2348.0,0.226358,2263583,4019.47,0.230101,0.211721,5.25,0.100061,10000000.0
2026-09-26T16:00:00Z,pop-planet,p,PoP Planet,2349.0,0.01610601,2254841,371529.0,0.0170656,0.01298924,0.730507,0.00697353,140000000.0
2026-09-26T16:00:00Z,aventus,avt,Aventus,2350.0,0.212684,2254453,44616.0,0.214381,0.199872,10.25,0.0,10600000.0
2026-09-26T16:00:00Z,rei-network,rei,REI Network,2351.0,0.00227587,2251651,174609.0,0.00238471,0.00223152,0.354607,0.00129939,989358998.0
2026-09-26T16:00:00Z,direxion-daily-semiconductor-bull-3x-shares-etf-rstock,rsoxl,Direxion Daily Semiconductor Bull 3x Shares ETF rStock,2352.0,151.72,2245840,301961.0,153.36,150.67,153.93,99.98,14802.539852718
2026-09-26T16:00:00Z,aktionariat-switzerlend-ag-shares,lends,Aktionariat Switzerlend AG Shares,2353.0,82.3,2244849,493.79,82.3,82.27,86.92,81.88,27277.0
2026-09-26T16:00:00Z,multi-asset-investment-vehicle,maiv,Multi Asset Investment Vehicle,2354.0,0.00022445,2244454,1205.66,0.00022449,0.00022384,0.00504145,0.00014416,9999999999.712126
2026-09-26T16:00:00Z,the-toad-pepe,toad,The Toad Pepe,2355.0,0.00233335,2241299,1376430.0,0.00247454,0.00205027,0.02299553,0.00156089,960549233.373599
2026-09-26T16:00:00Z,zenon-2,znn,Zenon,2356.0,0.169172,2233840,70.53,0.17012,0.168753,5.53,0.104923,13204543.95414782
2026-09-26T16:00:00Z,hydrex,hydx,Hydrex,2357.0,0.04363191,2231389,481241.0,0.056908,0.03563279,1.2,0.01332251,51141212.139751546
2026-09-26T16:00:00Z,slerf-2,slerf,Slerf,2358.0,0.00223118,2231152,100.11,0.00223368,0.00222986,0.02088694,0.00188974,999989595.0697383
2026-09-26T16:00:00Z,electra-protocol,xep,Electra Protocol,2359.0,0.00012074,2225854,59947.0,0.00013291,0.00011647,0.00397378,9.931e-05,18435761222.0
2026-09-26T16:00:00Z,earn,earn,EARN,2360.0,2.226e-05,2225671,88728.0,2.783e-05,2.078e-05,8.017e-05,7.35e-06,100000000000.0
2026-09-26T16:00:00Z,delorean,dmc,DeLorean,2361.0,0.00028999,2224963,489001.0,0.00029875,0.00028448,0.0105054,0.00026552,7672594346.0
2026-09-26T16:00:00Z,_,gib,༼ つ ◕_◕ ༽つ,2362.0,0.00226968,2224285,3904.75,0.00228954,0.00220485,0.01230313,0.00036907,980000000.0
2026-09-26T16:00:00Z,everscale,ever,Everscale,2363.0,0.00111994,2223670,10472.21,0.00124063,0.00103861,2.9,0.00079125,1985523041.0
2026-09-26T16:00:00Z,poker44,sn126,Poker44,2364.0,1.48,2217197,13716.89,1.5,1.36,2.19,0.835764,1500293.645351263
2026-09-26T16:00:00Z,m2-global-wealth-limited-mmx,mmx,MMX,,0.00442915,2213873,8.51,0.0,0.0,3.47,0.00442629,499841159.879973
2026-09-26T16:00:00Z,brazilian-real,wbrl,Brazilian real,2365.0,0.192478,2211516,3670.32,0.193273,0.192167,0.227925,0.144206,11489707.72478749
2026-09-26T16:00:00Z,aeon-2,aeon,aeon,2366.0,2.211e-05,2210619,963325.0,2.536e-05,2.024e-05,9.172e-05,4.92e-06,100000000000.0
2026-09-26T16:00:00Z,walmart-ondo-tokenized-stock,wmton,Walmart (Ondo Tokenized Stock),2367.0,108.71,2204761,1136319.0,108.86,108.24,135.25,97.25,20280.1990690018
2026-09-26T16:00:00Z,dolz-io,dolz,DOLZ.io,2368.0,0.00291458,2204275,3807.9,0.00311353,0.00299963,0.02929812,0.00291447,756293125.6551253
2026-09-26T16:00:00Z,manyways-inference,many,Manyways Inference,2369.0,0.00220336,2203355,169487.0,0.00295362,0.00197035,0.0080407,4.878e-05,1000000000.0
2026-09-26T16:00:00Z,darkwoods,dark,Darkwoods,2370.0,0.00242444,2196173,319716.0,0.00391644,0.00218729,0.00395818,0.00218729,905848788.9170636
2026-09-26T16:00:00Z,ethos-reserve-note,ern,Ethos Reserve Note,2371.0,0.997989,2194965,1493.48,1.007,0.996823,1.22,0.790158,2199388.0
2026-09-26T16:00:00Z,ftmtoken,ftmx,FTMTOKEN,2372.0,0.00617378,2191505,80610.0,0.00631753,0.00610546,0.137551,0.00581741,354970040.411
2026-09-26T16:00:00Z,tominet,tomi,TOMI,2373.0,0.0,2191432,168.46,1e-18,0.0,6.59,0.0,6.304745306862731e+24
2026-09-26T16:00:00Z,rif-us-dollar,usdrif,RIF US Dollar,2374.0,0.995309,2190239,332.46,1.005,0.993516,1.24,0.795992,2200561.359936813
2026-09-26T16:00:00Z,dora-2,dora,DORA,2375.0,0.00218994,2189936,1433.24,0.00223366,0.00220114,0.576132,0.00217933,1000000000.0
2026-09-26T16:00:00Z,lumiwave-protocol,lwp,LumiWave Protocol,2376.0,0.00270509,2189051,30316.0,0.00274787,0.00268232,0.01812999,0.0006941,809234939.9
2026-09-26T16:00:00Z,unipeg,upeg,Unipeg,2377.0,218.55,2185461,192670.0,286.43,192.24,3039.24,121.53,10000.0
2026-09-26T16:00:00Z,mongol-nft,mnft,Mongol NFT,2378.0,1.622e-05,2183497,14340.11,1.8e-05,1.621e-05,0.00011995,3e-06,134619384000.0
2026-09-26T16:00:00Z,kairence,kai,Kairence,2379.0,0.00076972,2181642,20582.0,0.00083238,0.00076823,0.00235019,0.00021702,2834334798.90412
2026-09-26T16:00:00Z,fxarbusdtry,fxarbusdtry,FXArbUSDTRY,2380.0,0.086844,2174396,19.15,0.08696,0.086841,0.08696,0.083701,25038059.57
2026-09-26T16:00:00Z,cofinex-2,cnx,Cofinex,2381.0,0.01699672,2173208,0.05099,0.01699805,0.01699551,0.500327,0.01699495,127860411.25061
2026-09-26T16:00:00Z,coinbase-robinhood-tokenized-stock,coin,Coinbase • Robinhood Token,2382.0,195.19,2167706,226172.0,196.24,194.13,875.92,139.89,11105.54798
2026-09-26T16:00:00Z,brn-metaverse,brn,BRN Metaverse,2383.0,0.077674,2164844,129331.0,0.078413,0.076581,3.97,0.0446613,27870951.557339374
2026-09-26T16:00:00Z,samoyedcoin,samo,Samoyedcoin,2384.0,0.00037692,2162115,9147.53,0.00039083,0.0003763,0.236987,0.00019245,5736250870.857526
2026-09-26T16:00:00Z,kiboshib,kibshi,KiboShib,2385.0,2.16e-06,2162084,6762.36,2.23e-06,2.02e-06,4.76e-05,5.4979e-08,1000000000000.0
2026-09-26T16:00:00Z,utrade,utt,uTrade,2386.0,0.499421,2160367,367937.0,0.500694,0.355936,2811.94,0.12733,4325744.469384007
2026-09-26T16:00:00Z,roundhill-memory-etf-ondo-tokenized,dramon,Roundhill Memory ETF (Ondo Tokenized),2387.0,62.12,2153501,258468.0,64.44,61.69,97.93,30.22,34665.69274795626
2026-09-26T16:00:00Z,baton-3,baton,baton,2388.0,0.00215582,2153123,2448797.0,0.00276672,0.00134536,0.01700449,0.00100701,998750681.075627
2026-09-26T16:00:00Z,prxvt-by-virtuals,prxvt,PRXVT by Virtuals,2389.0,0.00237092,2152145,6807.66,0.00249938,0.00231187,0.0114515,3.411e-05,907725000.0
2026-09-26T16:00:00Z,sk-hynix-backpack-securities,skhy,SK Hynix (Backpack Securities),2390.0,191.78,2151141,256503.0,192.58,189.66,199.04,114.78,11216.936064
2026-09-26T16:00:00Z,trader,tde,Trader,2391.0,2.29,2150700,978.83,2.42,2.25,5.15,0.207217,937129.817854648
2026-09-26T16:00:00Z,mancer,mancer,Mancer,2392.0,0.00226373,2140036,74725.0,0.00245696,0.0022894,0.00812052,0.00105422,945357489.1859922
2026-09-26T16:00:00Z,tarot-2,tarot,Tarot,2393.0,0.03160111,2139395,15875.17,0.0326204,0.03073845,0.333622,0.0252392,67700000.0
2026-09-26T16:00:00Z,daddy-doge,daddydoge,Daddy Doge,2394.0,2.137e-09,2137474,0.996643,2.138e-09,2.123e-09,8.3022e-08,6.7387e-14,1000000000000000.0
2026-09-26T16:00:00Z,herculis-gold-coin,xauh,Herculis Gold Coin,2395.0,137.75,2135115,213917.0,138.18,137.7,150.29,136.24,15500.0
2026-09-26T16:00:00Z,rainmaker,rain,Rainmaker,2396.0,0.00213409,2134093,4212.9,0.00227908,0.00210985,0.01316483,0.00189835,999999602.11574
2026-09-26T16:00:00Z,trias-token,trias,TriasLab,2397.0,0.212305,2131322,12.79,0.213779,0.207755,31.7,0.100731,10000000.0
2026-09-26T16:00:00Z,qubetics,tics,Qubetics,2398.0,0.00875826,2130760,102555.0,0.00902834,0.00870837,2.22,0.00373879,243285667.0
2026-09-26T16:00:00Z,regent-coin,regent,Regent Coin,2399.0,0.735678,2130358,938290.0,0.740043,0.727036,1.21,0.00520001,2895776.6863225824
2026-09-26T16:00:00Z,herbcoin,herb,HERBCOIN,,0.02306444,2129080,4908.36,0.0,0.0,0.40991,0.01544266,92310030.0
2026-09-26T16:00:00Z,silvertimes-token,stt,SilverTimes Token,2400.0,64.96,2128772,10449.0,65.2,64.82,84.98,62.96,32771.957
2026-09-26T16:00:00Z,proshares-ultrapro-qqq-bstocks-tokenized-stock,tqqqb,ProShares UltraPro QQQ (bStocks Tokenized Stock),2401.0,79.58,2128072,1296838.0,80.04,78.96,81.21,56.48,26742.9019638
2026-09-26T16:00:00Z,vouch,vouch,Vouch,2402.0,2.198e-05,2123440,98.96,2.305e-05,1.552e-05,0.00016666,3.29e-06,96595525021.8267
2026-09-26T16:00:00Z,forest-protocol,forest,Forest Protocol,2403.0,0.02621062,2123060,155935.0,0.02819129,0.02619845,0.246297,0.0162001,81000000.0
2026-09-26T16:00:00Z,permission-coin,ask,Permission Coin,2404.0,9.164e-05,2117451,4.79,9.258e-05,9.177e-05,0.00845153,5.915e-05,23107027514.507477
2026-09-26T16:00:00Z,checkerchain-2,sn87,CheckerChain,2405.0,1.42,2117106,25443.0,1.44,1.3,1.74,0.0066924,1487137.823028724
2026-09-26T16:00:00Z,novo-nordisk-ondo-tokenized-stock,nvoon,Novo Nordisk (Ondo Tokenized Stock),2406.0,39.94,2116071,1075766.0,40.0,39.65,64.23,35.14,52987.85897920398
2026-09-26T16:00:00Z,naws-ai,naws,NAWS.AI,2407.0,0.00105979,2115512,48.43,0.00106986,0.00105972,0.04249453,8.075e-05,1996162100.0
2026-09-26T16:00:00Z,hege,hege,Hege,2408.0,0.00210704,2107037,11854.93,0.00220611,0.00204898,0.050861,0.00038439,1000000000.0
2026-09-26T16:00:00Z,nya,nya,Nya,2409.0,5.7151e-08,2104913,14587.77,5.8894e-08,5.6494e-08,3.89881e-07,3.393e-08,36830899415101.91
2026-09-26T16:00:00Z,immunefi,imu,Immunefi,2410.0,0.00200336,2102447,244969.0,0.00213094,0.00198177,0.01259716,0.00101333,1049459533.9892216
2026-09-26T16:00:00Z,aptusd,aptusd,aptUSD,2411.0,1.001,2100558,35.89,1.001,1.0,1.001,0.999734,2099382.620281688
2026-09-26T16:00:00Z,real-world-ai,rwa,Real World AI,2412.0,0.0021759,2099692,14416.72,0.00246998,0.00210609,0.01536043,0.00042142,964977633.100799
2026-09-26T16:00:00Z,mezo,mezo,MEZO,2413.0,0.00419754,2098772,174372.0,0.00459157,0.00416964,0.148521,0.00416964,500000000.0
